file_path,file_type,task,method_name,input_modalities,missing_setting,split_protocol,metric_name,metric_value,metric_direction,baseline_reference,improvement_or_drop,is_ours,is_xfi_or_ori_baseline,is_superteacher_exploration,recommended_usage,reason,source_confidence
E:\Deskbook\Tea\experiment_index.csv,csv,unknown,experiment_index,,,,,,,,,no,no,no,discard,CSV parsed but no recognized metric column was found.,high
E:\Deskbook\Tea\result_index.csv,csv,unknown,result_index,,,,,,,,,no,no,no,discard,CSV parsed but no recognized metric column was found.,high
E:\Deskbook\Tea\figures\FIGURE_GENERATION_GUIDE.md,md,unknown,FIGURE_GENERATION_GUIDE,,,,,,,,,no,no,no,discard,Text/log parsed but no recognized metric pattern was found.,medium
E:\Deskbook\Tea\figures\framework_plan.md,md,unknown,framework_plan,,,,,,,,,no,no,no,discard,Text/log parsed but no recognized metric pattern was found.,medium
E:\Deskbook\Tea\figures\missing_modality_plot_plan.md,md,unknown,missing_modality_plot_plan,,,,,,,,,no,no,no,discard,Text/log parsed but no recognized metric pattern was found.,medium
E:\Deskbook\Tea\figures\reliability_visualization_plan.md,md,reliability,reliability_visualization_plan,,,,,,,,,yes,no,no,figure,Text/log parsed but no recognized metric pattern was found.,medium
E:\Deskbook\Tea\outputs\fast_extras_summary.md,md,unknown,fast_extras_summary,,,,,,,,,no,no,no,discard,Text/log parsed but no recognized metric pattern was found.,medium
E:\Deskbook\Tea\privacy_leakage_probe\privacy_leakage_probe_conclusion_中文.md,md,privacy_probe,privacy_leakage_probe_conclusion_中文,,,,accuracy,2.50,higher_better,,,yes,no,no,main_table,Metric extracted from text/log pattern.,medium
E:\Deskbook\Tea\privacy_leakage_probe\privacy_leakage_probe_conclusion_中文.md,md,privacy_probe,privacy_leakage_probe_conclusion_中文,,,,accuracy,67.53,higher_better,,,yes,no,no,main_table,Metric extracted from text/log pattern.,medium
E:\Deskbook\Tea\privacy_leakage_probe\privacy_leakage_probe_conclusion_中文.md,md,privacy_probe,privacy_leakage_probe_conclusion_中文,,,,accuracy,15.43,higher_better,,,yes,no,no,main_table,Metric extracted from text/log pattern.,medium
E:\Deskbook\Tea\privacy_leakage_probe\privacy_leakage_probe_conclusion_中文.md,md,privacy_probe,privacy_leakage_probe_conclusion_中文,,,,accuracy,43.80,higher_better,,,yes,no,no,main_table,Metric extracted from text/log pattern.,medium
E:\Deskbook\Tea\privacy_leakage_probe\privacy_leakage_probe_conclusion_中文.md,md,privacy_probe,privacy_leakage_probe_conclusion_中文,,,,accuracy,36.57,higher_better,,,yes,no,no,main_table,Metric extracted from text/log pattern.,medium
E:\Deskbook\Tea\privacy_leakage_probe\privacy_leakage_probe_conclusion_中文.md,md,privacy_probe,privacy_leakage_probe_conclusion_中文,,,,accuracy,9.72,higher_better,,,yes,no,no,main_table,Metric extracted from text/log pattern.,medium
E:\Deskbook\Tea\privacy_leakage_probe\privacy_leakage_probe_conclusion_中文.md,md,privacy_probe,privacy_leakage_probe_conclusion_中文,,,,accuracy,8.65,higher_better,,,yes,no,no,main_table,Metric extracted from text/log pattern.,medium
E:\Deskbook\Tea\privacy_leakage_probe\privacy_leakage_probe_report.md,md,privacy_probe,privacy_leakage_probe_report,,,,acc,0.675290,higher_better,,,yes,no,no,main_table,Metric extracted from text/log pattern.,medium
E:\Deskbook\Tea\privacy_leakage_probe\privacy_leakage_probe_report.md,md,privacy_probe,privacy_leakage_probe_report,,,,acc,0.154326,higher_better,,,yes,no,no,main_table,Metric extracted from text/log pattern.,medium
E:\Deskbook\Tea\privacy_leakage_probe\privacy_leakage_probe_report.md,md,privacy_probe,privacy_leakage_probe_report,,,,acc,0.438002,higher_better,,,yes,no,no,main_table,Metric extracted from text/log pattern.,medium
E:\Deskbook\Tea\privacy_leakage_probe\privacy_leakage_probe_report.md,md,privacy_probe,privacy_leakage_probe_report,,,,acc,0.365745,higher_better,,,yes,no,no,main_table,Metric extracted from text/log pattern.,medium
E:\Deskbook\Tea\privacy_leakage_probe\privacy_leakage_probe_report.md,md,privacy_probe,privacy_leakage_probe_report,,,,acc,0.097235,higher_better,,,yes,no,no,main_table,Metric extracted from text/log pattern.,medium
E:\Deskbook\Tea\privacy_leakage_probe\privacy_leakage_probe_report.md,md,privacy_probe,privacy_leakage_probe_report,,,,acc,0.086530,higher_better,,,yes,no,no,main_table,Metric extracted from text/log pattern.,medium
E:\Deskbook\Tea\privacy_leakage_probe\privacy_leakage_probe_subject_id.csv,csv,privacy_probe,privacy_leakage_probe_subject_id,,,,,,,,,yes,no,no,main_table,CSV parsed but no recognized metric column was found.,high
E:\Deskbook\Tea\privacy_leakage_probe\privacy_leakage_probe_subject_id_summary.csv,csv,privacy_probe,privacy_leakage_probe_subject_id_summary,,,,,,,,,yes,no,no,main_table,CSV parsed but no recognized metric column was found.,high
E:\Deskbook\Tea\Super-Teacher\README.md,md,superteacher,full-modality teacher,,,,,,,,,yes,no,yes,discussion,Text/log parsed but no recognized metric pattern was found.,medium
E:\Deskbook\Tea\Super-Teacher\SUPER_TEACHER_RUN_GUIDE.md,md,superteacher,full-modality teacher,,,,,,,,,yes,no,yes,discussion,Text/log parsed but no recognized metric pattern was found.,medium
E:\Deskbook\Tea\supplement\vk_semantic_anchor_summary.csv,csv,unknown,vk_semantic_anchor_summary,,,,,,,,,no,no,no,discard,CSV parsed but no recognized metric column was found.,high
E:\Deskbook\Tea\supplement\vk_semantic_anchor_test.csv,csv,unknown,vk_semantic_anchor_test,,,,,,,,,no,no,no,discard,CSV parsed but no recognized metric column was found.,high
E:\Deskbook\Tea\tables\ablation_results.csv,csv,ablation,ablation_results,,,,,,,,,yes,no,no,ablation_table,CSV parsed but no recognized metric column was found.,high
E:\Deskbook\Tea\tables\baseline_comparison.csv,csv,unknown,baseline_comparison,,,,,,,,,no,no,no,discard,CSV parsed but no recognized metric column was found.,high
E:\Deskbook\Tea\tables\body_latent_alignment_from_logs.csv,csv,unknown,body_latent_alignment_from_logs,,,,,,,,,no,no,no,discard,CSV parsed but no recognized metric column was found.,high
E:\Deskbook\Tea\tables\fair_missing_modality_baseline.csv,csv,unknown,fair_missing_modality_baseline,,,,,,,,,no,no,no,discard,CSV parsed but no recognized metric column was found.,high
E:\Deskbook\Tea\tables\leave_one_modality_delta.csv,csv,leave_one_out,leave_one_modality_delta,,,,,,,,,yes,no,no,main_table,CSV parsed but no recognized metric column was found.,high
E:\Deskbook\Tea\tables\main_har_results.csv,csv,HAR,Reproduced X-Fi/VK baseline,,,random split,avg_accuracy_pct,69.63,higher_better,,,yes,no,no,main_table,"Directly supports VK replacement, FSG, missing-modality robustness, or baseline comparison.",high
E:\Deskbook\Tea\tables\main_har_results.csv,csv,HAR,Reproduced X-Fi/VK baseline,,,random split,full_accuracy_pct,77.70,higher_better,,,yes,no,no,main_table,"Directly supports VK replacement, FSG, missing-modality robustness, or baseline comparison.",high
E:\Deskbook\Tea\tables\main_har_results.csv,csv,HAR,VK-RMD Student-VK,,,random split,avg_accuracy_pct,85.15,higher_better,,,yes,no,no,main_table,"Directly supports VK replacement, FSG, missing-modality robustness, or baseline comparison.",high
E:\Deskbook\Tea\tables\main_har_results.csv,csv,HAR,VK-RMD Student-VK,,,random split,full_accuracy_pct,96.56,higher_better,,,yes,no,no,main_table,"Directly supports VK replacement, FSG, missing-modality robustness, or baseline comparison.",high
E:\Deskbook\Tea\tables\main_har_results.csv,csv,HAR,VK-RMD Student-NV,,,random split,avg_accuracy_pct,80.62,higher_better,,,yes,no,no,main_table,"Directly supports VK replacement, FSG, missing-modality robustness, or baseline comparison.",high
E:\Deskbook\Tea\tables\main_har_results.csv,csv,HAR,VK-RMD Student-NV,,,random split,full_accuracy_pct,96.12,higher_better,,,yes,no,no,main_table,"Directly supports VK replacement, FSG, missing-modality robustness, or baseline comparison.",high
E:\Deskbook\Tea\tables\main_har_results.csv,csv,HAR,VK-RMD Student-VK,,,cross-scene,avg_accuracy_pct,80.61,higher_better,,,yes,no,no,main_table,"Directly supports VK replacement, FSG, missing-modality robustness, or baseline comparison.",high
E:\Deskbook\Tea\tables\main_har_results.csv,csv,HAR,VK-RMD Student-VK,,,cross-scene,full_accuracy_pct,95.25,higher_better,,,yes,no,no,main_table,"Directly supports VK replacement, FSG, missing-modality robustness, or baseline comparison.",high
E:\Deskbook\Tea\tables\main_har_results.csv,csv,HAR,VK-RMD Student-NV,,,cross-scene,avg_accuracy_pct,76.70,higher_better,,,yes,no,no,main_table,"Directly supports VK replacement, FSG, missing-modality robustness, or baseline comparison.",high
E:\Deskbook\Tea\tables\main_har_results.csv,csv,HAR,VK-RMD Student-NV,,,cross-scene,full_accuracy_pct,95.41,higher_better,,,yes,no,no,main_table,"Directly supports VK replacement, FSG, missing-modality robustness, or baseline comparison.",high
E:\Deskbook\Tea\tables\main_har_results.csv,csv,HAR,VK-RMD Student-VK,,,cross-subject,avg_accuracy_pct,85.30,higher_better,,,yes,no,no,main_table,"Directly supports VK replacement, FSG, missing-modality robustness, or baseline comparison.",high
E:\Deskbook\Tea\tables\main_har_results.csv,csv,HAR,VK-RMD Student-VK,,,cross-subject,full_accuracy_pct,96.12,higher_better,,,yes,no,no,main_table,"Directly supports VK replacement, FSG, missing-modality robustness, or baseline comparison.",high
E:\Deskbook\Tea\tables\main_har_results.csv,csv,HAR,VK-RMD Student-NV,,,cross-subject,avg_accuracy_pct,81.26,higher_better,,,yes,no,no,main_table,"Directly supports VK replacement, FSG, missing-modality robustness, or baseline comparison.",high
E:\Deskbook\Tea\tables\main_har_results.csv,csv,HAR,VK-RMD Student-NV,,,cross-subject,full_accuracy_pct,95.70,higher_better,,,yes,no,no,main_table,"Directly supports VK replacement, FSG, missing-modality robustness, or baseline comparison.",high
E:\Deskbook\Tea\tables\main_hpe_results.csv,csv,HPE,Official X-Fi/VK table,,,random split,avg_mpjpe_mm,103.70,lower_better,,,yes,no,no,main_table,"Directly supports VK replacement, FSG, missing-modality robustness, or baseline comparison.",high
E:\Deskbook\Tea\tables\main_hpe_results.csv,csv,HPE,Official X-Fi/VK table,,,random split,full_mpjpe_mm,83.70,lower_better,,,yes,no,no,main_table,"Directly supports VK replacement, FSG, missing-modality robustness, or baseline comparison.",high
E:\Deskbook\Tea\tables\main_hpe_results.csv,csv,HPE,VK-RMD Student-VK,,,random split,avg_mpjpe_mm,75.18,lower_better,,,yes,no,no,main_table,"Directly supports VK replacement, FSG, missing-modality robustness, or baseline comparison.",high
E:\Deskbook\Tea\tables\main_hpe_results.csv,csv,HPE,VK-RMD Student-VK,,,random split,full_mpjpe_mm,50.17,lower_better,,,yes,no,no,main_table,"Directly supports VK replacement, FSG, missing-modality robustness, or baseline comparison.",high
E:\Deskbook\Tea\tables\main_hpe_results.csv,csv,HPE,VK-RMD Student-NV,,,random split,avg_mpjpe_mm,84.68,lower_better,,,yes,no,no,main_table,"Directly supports VK replacement, FSG, missing-modality robustness, or baseline comparison.",high
E:\Deskbook\Tea\tables\main_hpe_results.csv,csv,HPE,VK-RMD Student-NV,,,random split,full_mpjpe_mm,51.03,lower_better,,,yes,no,no,main_table,"Directly supports VK replacement, FSG, missing-modality robustness, or baseline comparison.",high
E:\Deskbook\Tea\tables\main_hpe_results.csv,csv,HPE,VK-RMD Student-VK,,,cross-scene,avg_mpjpe_mm,142.02,lower_better,,,yes,no,no,main_table,"Directly supports VK replacement, FSG, missing-modality robustness, or baseline comparison.",high
E:\Deskbook\Tea\tables\main_hpe_results.csv,csv,HPE,VK-RMD Student-VK,,,cross-scene,full_mpjpe_mm,71.71,lower_better,,,yes,no,no,main_table,"Directly supports VK replacement, FSG, missing-modality robustness, or baseline comparison.",high
E:\Deskbook\Tea\tables\main_hpe_results.csv,csv,HPE,VK-RMD Student-NV,,,cross-scene,avg_mpjpe_mm,153.89,lower_better,,,yes,no,no,main_table,"Directly supports VK replacement, FSG, missing-modality robustness, or baseline comparison.",high
E:\Deskbook\Tea\tables\main_hpe_results.csv,csv,HPE,VK-RMD Student-NV,,,cross-scene,full_mpjpe_mm,78.96,lower_better,,,yes,no,no,main_table,"Directly supports VK replacement, FSG, missing-modality robustness, or baseline comparison.",high
E:\Deskbook\Tea\tables\main_hpe_results.csv,csv,HPE,VK-RMD Student-VK,,,cross-subject,avg_mpjpe_mm,78.57,lower_better,,,yes,no,no,main_table,"Directly supports VK replacement, FSG, missing-modality robustness, or baseline comparison.",high
E:\Deskbook\Tea\tables\main_hpe_results.csv,csv,HPE,VK-RMD Student-VK,,,cross-subject,full_mpjpe_mm,49.88,lower_better,,,yes,no,no,main_table,"Directly supports VK replacement, FSG, missing-modality robustness, or baseline comparison.",high
E:\Deskbook\Tea\tables\main_hpe_results.csv,csv,HPE,VK-RMD Student-NV,,,cross-subject,avg_mpjpe_mm,90.74,lower_better,,,yes,no,no,main_table,"Directly supports VK replacement, FSG, missing-modality robustness, or baseline comparison.",high
E:\Deskbook\Tea\tables\main_hpe_results.csv,csv,HPE,VK-RMD Student-NV,,,cross-subject,full_mpjpe_mm,52.45,lower_better,,,yes,no,no,main_table,"Directly supports VK replacement, FSG, missing-modality robustness, or baseline comparison.",high
E:\Deskbook\Tea\tables\privacy_exposure_residual_risk.csv,csv,privacy_probe,privacy_exposure_residual_risk,,,,,,,,,yes,no,no,main_table,CSV parsed but no recognized metric column was found.,high
E:\Deskbook\Tea\tables\reliability_corruption_from_logs.csv,csv,reliability,reliability_corruption_from_logs,,,,macro_f1,0.748615,higher_better,,,yes,no,no,figure,Supports mechanism visualization or diagnostic analysis.,high
E:\Deskbook\Tea\tables\reliability_corruption_from_logs.csv,csv,reliability,reliability_corruption_from_logs,,,,macro_f1,0.598554,higher_better,,,yes,no,no,figure,Supports mechanism visualization or diagnostic analysis.,high
E:\Deskbook\Tea\tables\reliability_corruption_from_logs.csv,csv,reliability,reliability_corruption_from_logs,,,,macro_f1,0.345325,higher_better,,,yes,no,no,figure,Supports mechanism visualization or diagnostic analysis.,high
E:\Deskbook\Tea\tables\reliability_corruption_from_logs.csv,csv,reliability,reliability_corruption_from_logs,,,,macro_f1,0.856043,higher_better,,,yes,no,no,figure,Supports mechanism visualization or diagnostic analysis.,high
E:\Deskbook\Tea\tables\reliability_corruption_from_logs.csv,csv,reliability,reliability_corruption_from_logs,,,,macro_f1,0.2835,higher_better,,,yes,no,no,figure,Supports mechanism visualization or diagnostic analysis.,high
E:\Deskbook\Tea\tables\reliability_performance_correlation.csv,csv,reliability,reliability_performance_correlation,,,,,,,,,yes,no,no,figure,CSV parsed but no recognized metric column was found.,high
E:\Deskbook\Tea\tables\reliability_weight_by_subset.csv,csv,reliability,reliability_weight_by_subset,,,,,,,,,yes,no,no,figure,CSV parsed but no recognized metric column was found.,high
E:\Deskbook\Tea\tables\rgb_subset_convergence_audit.csv,csv,unknown,rgb_subset_convergence_audit,,,,,,,,,no,no,no,discard,CSV parsed but no recognized metric column was found.,high
E:\Deskbook\Tea\tables\subset_best_worst_patterns.csv,csv,unknown,subset_best_worst_patterns,,,,,,,,,no,no,no,discard,CSV parsed but no recognized metric column was found.,high
E:\Deskbook\Tea\tables\subset_severity_summary.csv,csv,missing_strength,subset_severity_summary,,,,,,,,,yes,no,no,main_table,CSV parsed but no recognized metric column was found.,high
E:\Deskbook\Tea\supplement\core_claim_diagnostics\body_latent_claim_evidence.csv,csv,unknown,body_latent_claim_evidence,,,,,,,,,no,no,no,discard,CSV parsed but no recognized metric column was found.,high
E:\Deskbook\Tea\supplement\core_claim_diagnostics\core_claim_diagnostics_report.md,md,unknown,core_claim_diagnostics_report,,,,,,,,,no,no,no,discard,Text/log parsed but no recognized metric pattern was found.,medium
E:\Deskbook\Tea\supplement\core_claim_diagnostics\fsg_positioning_evidence.csv,csv,unknown,fsg_positioning_evidence,,,,,,,,,no,no,no,discard,CSV parsed but no recognized metric column was found.,high
E:\Deskbook\Tea\supplement\core_claim_diagnostics\privacy_exposure_qualitative_table.csv,csv,privacy_probe,privacy_exposure_qualitative_table,,,,,,,,,yes,no,no,main_table,CSV parsed but no recognized metric column was found.,high
E:\Deskbook\Tea\supplement\core_claim_diagnostics\privacy_exposure_risk_scores.csv,csv,privacy_probe,privacy_exposure_risk_scores,,,,,,,,,yes,no,no,main_table,CSV parsed but no recognized metric column was found.,high
E:\Deskbook\Tea\supplement\core_claim_diagnostics\reviewer_concern_response_matrix.csv,csv,unknown,reviewer_concern_response_matrix,,,,,,,,,no,no,no,discard,CSV parsed but no recognized metric column was found.,high
E:\Deskbook\Tea\supplement\vk_semantic_anchor_analysis\vk_anchor_key_numbers.csv,csv,unknown,vk_anchor_key_numbers,,,,,,,,,no,no,no,discard,CSV parsed but no recognized metric column was found.,high
E:\Deskbook\Tea\supplement\vk_semantic_anchor_analysis\vk_semantic_anchor_conclusion.md,md,unknown,vk_semantic_anchor_conclusion,,,,mpjpe,45.05,lower_better,,,no,no,no,discard,Metric extracted from text/log pattern.,medium
E:\Deskbook\Tea\supplement\vk_semantic_anchor_analysis\vk_semantic_anchor_conclusion.md,md,unknown,vk_semantic_anchor_conclusion,,,,accuracy,99.75,higher_better,,,no,no,no,discard,Metric extracted from text/log pattern.,medium
E:\Deskbook\Tea\supplement\vk_semantic_anchor_analysis\vk_semantic_anchor_interpretation.csv,csv,unknown,vk_semantic_anchor_interpretation,,,,,,,,,no,no,no,discard,CSV parsed but no recognized metric column was found.,high
E:\Deskbook\Tea\Super-Teacher\outputs\eval\super_hpe_student_random_vk_all_combinations.csv,csv,superteacher,Super-HPE-Student,vk,,random,mse,0.004065623185552937,lower_better,,,yes,no,yes,discussion,Exploratory only; not part of the main contribution.,high
E:\Deskbook\Tea\Super-Teacher\outputs\eval\super_hpe_student_random_vk_all_combinations.csv,csv,superteacher,Super-HPE-Student,vk,,random,mpjpe,0.08878165498665777,lower_better,,,yes,no,yes,discussion,Exploratory only; not part of the main contribution.,high
E:\Deskbook\Tea\Super-Teacher\outputs\eval\super_hpe_student_random_vk_all_combinations.csv,csv,superteacher,Super-HPE-Student,vk,,random,pa_mpjpe,0.042310604960233866,lower_better,,,yes,no,yes,discussion,Exploratory only; not part of the main contribution.,high
E:\Deskbook\Tea\Super-Teacher\outputs\eval\super_hpe_student_random_vk_all_combinations.csv,csv,superteacher,Super-HPE-Student,depth,,random,mse,0.0022496325654316938,lower_better,,,yes,no,yes,discussion,Exploratory only; not part of the main contribution.,high
E:\Deskbook\Tea\Super-Teacher\outputs\eval\super_hpe_student_random_vk_all_combinations.csv,csv,superteacher,Super-HPE-Student,depth,,random,mpjpe,0.06645657104946517,lower_better,,,yes,no,yes,discussion,Exploratory only; not part of the main contribution.,high
E:\Deskbook\Tea\Super-Teacher\outputs\eval\super_hpe_student_random_vk_all_combinations.csv,csv,superteacher,Super-HPE-Student,depth,,random,pa_mpjpe,0.03222367801064361,lower_better,,,yes,no,yes,discussion,Exploratory only; not part of the main contribution.,high
E:\Deskbook\Tea\Super-Teacher\outputs\eval\super_hpe_student_random_vk_all_combinations.csv,csv,superteacher,Super-HPE-Student,lidar,,random,mse,0.012315491741319438,lower_better,,,yes,no,yes,discussion,Exploratory only; not part of the main contribution.,high
E:\Deskbook\Tea\Super-Teacher\outputs\eval\super_hpe_student_random_vk_all_combinations.csv,csv,superteacher,Super-HPE-Student,lidar,,random,mpjpe,0.1520034950252096,lower_better,,,yes,no,yes,discussion,Exploratory only; not part of the main contribution.,high
E:\Deskbook\Tea\Super-Teacher\outputs\eval\super_hpe_student_random_vk_all_combinations.csv,csv,superteacher,Super-HPE-Student,lidar,,random,pa_mpjpe,0.0991871503343278,lower_better,,,yes,no,yes,discussion,Exploratory only; not part of the main contribution.,high
E:\Deskbook\Tea\Super-Teacher\outputs\eval\super_hpe_student_random_vk_all_combinations.csv,csv,superteacher,Super-HPE-Student,mmwave,,random,mse,0.007223319344580023,lower_better,,,yes,no,yes,discussion,Exploratory only; not part of the main contribution.,high
E:\Deskbook\Tea\Super-Teacher\outputs\eval\super_hpe_student_random_vk_all_combinations.csv,csv,superteacher,Super-HPE-Student,mmwave,,random,mpjpe,0.12029977775538767,lower_better,,,yes,no,yes,discussion,Exploratory only; not part of the main contribution.,high
E:\Deskbook\Tea\Super-Teacher\outputs\eval\super_hpe_student_random_vk_all_combinations.csv,csv,superteacher,Super-HPE-Student,mmwave,,random,pa_mpjpe,0.059714048250125974,lower_better,,,yes,no,yes,discussion,Exploratory only; not part of the main contribution.,high
E:\Deskbook\Tea\Super-Teacher\outputs\eval\super_hpe_student_random_vk_all_combinations.csv,csv,superteacher,Super-HPE-Student,wifi-csi,,random,mse,0.02425731739224635,lower_better,,,yes,no,yes,discussion,Exploratory only; not part of the main contribution.,high
E:\Deskbook\Tea\Super-Teacher\outputs\eval\super_hpe_student_random_vk_all_combinations.csv,csv,superteacher,Super-HPE-Student,wifi-csi,,random,mpjpe,0.2210271588539093,lower_better,,,yes,no,yes,discussion,Exploratory only; not part of the main contribution.,high
E:\Deskbook\Tea\Super-Teacher\outputs\eval\super_hpe_student_random_vk_all_combinations.csv,csv,superteacher,Super-HPE-Student,wifi-csi,,random,pa_mpjpe,0.10954601088860312,lower_better,,,yes,no,yes,discussion,Exploratory only; not part of the main contribution.,high
E:\Deskbook\Tea\Super-Teacher\outputs\eval\super_hpe_student_random_vk_all_combinations.csv,csv,superteacher,Super-HPE-Student,vk+depth,,random,mse,0.00207065819178872,lower_better,,,yes,no,yes,discussion,Exploratory only; not part of the main contribution.,high
E:\Deskbook\Tea\Super-Teacher\outputs\eval\super_hpe_student_random_vk_all_combinations.csv,csv,superteacher,Super-HPE-Student,vk+depth,,random,mpjpe,0.06293893960207117,lower_better,,,yes,no,yes,discussion,Exploratory only; not part of the main contribution.,high
E:\Deskbook\Tea\Super-Teacher\outputs\eval\super_hpe_student_random_vk_all_combinations.csv,csv,superteacher,Super-HPE-Student,vk+depth,,random,pa_mpjpe,0.03127556091654642,lower_better,,,yes,no,yes,discussion,Exploratory only; not part of the main contribution.,high
E:\Deskbook\Tea\Super-Teacher\outputs\eval\super_hpe_student_random_vk_all_combinations.csv,csv,superteacher,Super-HPE-Student,vk+lidar,,random,mse,0.0030556835594575064,lower_better,,,yes,no,yes,discussion,Exploratory only; not part of the main contribution.,high
E:\Deskbook\Tea\Super-Teacher\outputs\eval\super_hpe_student_random_vk_all_combinations.csv,csv,superteacher,Super-HPE-Student,vk+lidar,,random,mpjpe,0.07649606201402386,lower_better,,,yes,no,yes,discussion,Exploratory only; not part of the main contribution.,high
E:\Deskbook\Tea\Super-Teacher\outputs\eval\super_hpe_student_random_vk_all_combinations.csv,csv,superteacher,Super-HPE-Student,vk+lidar,,random,pa_mpjpe,0.042072842083334235,lower_better,,,yes,no,yes,discussion,Exploratory only; not part of the main contribution.,high
E:\Deskbook\Tea\Super-Teacher\outputs\eval\super_hpe_student_random_vk_all_combinations.csv,csv,superteacher,Super-HPE-Student,vk+mmwave,,random,mse,0.0026248053553853193,lower_better,,,yes,no,yes,discussion,Exploratory only; not part of the main contribution.,high
E:\Deskbook\Tea\Super-Teacher\outputs\eval\super_hpe_student_random_vk_all_combinations.csv,csv,superteacher,Super-HPE-Student,vk+mmwave,,random,mpjpe,0.07184615662577652,lower_better,,,yes,no,yes,discussion,Exploratory only; not part of the main contribution.,high
E:\Deskbook\Tea\Super-Teacher\outputs\eval\super_hpe_student_random_vk_all_combinations.csv,csv,superteacher,Super-HPE-Student,vk+mmwave,,random,pa_mpjpe,0.03882430387975137,lower_better,,,yes,no,yes,discussion,Exploratory only; not part of the main contribution.,high
E:\Deskbook\Tea\Super-Teacher\outputs\eval\super_hpe_student_random_vk_all_combinations.csv,csv,superteacher,Super-HPE-Student,vk+wifi-csi,,random,mse,0.003800264856553239,lower_better,,,yes,no,yes,discussion,Exploratory only; not part of the main contribution.,high
E:\Deskbook\Tea\Super-Teacher\outputs\eval\super_hpe_student_random_vk_all_combinations.csv,csv,superteacher,Super-HPE-Student,vk+wifi-csi,,random,mpjpe,0.0852895005050852,lower_better,,,yes,no,yes,discussion,Exploratory only; not part of the main contribution.,high
E:\Deskbook\Tea\Super-Teacher\outputs\eval\super_hpe_student_random_vk_all_combinations.csv,csv,superteacher,Super-HPE-Student,vk+wifi-csi,,random,pa_mpjpe,0.04223116166878964,lower_better,,,yes,no,yes,discussion,Exploratory only; not part of the main contribution.,high
E:\Deskbook\Tea\Super-Teacher\outputs\eval\super_hpe_student_random_vk_all_combinations.csv,csv,superteacher,Super-HPE-Student,depth+lidar,,random,mse,0.002110313608896663,lower_better,,,yes,no,yes,discussion,Exploratory only; not part of the main contribution.,high
E:\Deskbook\Tea\Super-Teacher\outputs\eval\super_hpe_student_random_vk_all_combinations.csv,csv,superteacher,Super-HPE-Student,depth+lidar,,random,mpjpe,0.0639118619173977,lower_better,,,yes,no,yes,discussion,Exploratory only; not part of the main contribution.,high
E:\Deskbook\Tea\Super-Teacher\outputs\eval\super_hpe_student_random_vk_all_combinations.csv,csv,superteacher,Super-HPE-Student,depth+lidar,,random,pa_mpjpe,0.03220950189602723,lower_better,,,yes,no,yes,discussion,Exploratory only; not part of the main contribution.,high
E:\Deskbook\Tea\Super-Teacher\outputs\eval\super_hpe_student_random_vk_all_combinations.csv,csv,superteacher,Super-HPE-Student,depth+mmwave,,random,mse,0.002003543954003186,lower_better,,,yes,no,yes,discussion,Exploratory only; not part of the main contribution.,high
E:\Deskbook\Tea\Super-Teacher\outputs\eval\super_hpe_student_random_vk_all_combinations.csv,csv,superteacher,Super-HPE-Student,depth+mmwave,,random,mpjpe,0.06260102033877123,lower_better,,,yes,no,yes,discussion,Exploratory only; not part of the main contribution.,high
E:\Deskbook\Tea\Super-Teacher\outputs\eval\super_hpe_student_random_vk_all_combinations.csv,csv,superteacher,Super-HPE-Student,depth+mmwave,,random,pa_mpjpe,0.03142466959691555,lower_better,,,yes,no,yes,discussion,Exploratory only; not part of the main contribution.,high
E:\Deskbook\Tea\Super-Teacher\outputs\eval\super_hpe_student_random_vk_all_combinations.csv,csv,superteacher,Super-HPE-Student,depth+wifi-csi,,random,mse,0.002224640925737728,lower_better,,,yes,no,yes,discussion,Exploratory only; not part of the main contribution.,high
E:\Deskbook\Tea\Super-Teacher\outputs\eval\super_hpe_student_random_vk_all_combinations.csv,csv,superteacher,Super-HPE-Student,depth+wifi-csi,,random,mpjpe,0.06593036949625261,lower_better,,,yes,no,yes,discussion,Exploratory only; not part of the main contribution.,high
E:\Deskbook\Tea\Super-Teacher\outputs\eval\super_hpe_student_random_vk_all_combinations.csv,csv,superteacher,Super-HPE-Student,depth+wifi-csi,,random,pa_mpjpe,0.03222390453430508,lower_better,,,yes,no,yes,discussion,Exploratory only; not part of the main contribution.,high
E:\Deskbook\Tea\Super-Teacher\outputs\eval\super_hpe_student_random_vk_all_combinations.csv,csv,superteacher,Super-HPE-Student,lidar+mmwave,,random,mse,0.005207424597755564,lower_better,,,yes,no,yes,discussion,Exploratory only; not part of the main contribution.,high
E:\Deskbook\Tea\Super-Teacher\outputs\eval\super_hpe_student_random_vk_all_combinations.csv,csv,superteacher,Super-HPE-Student,lidar+mmwave,,random,mpjpe,0.10314782641150734,lower_better,,,yes,no,yes,discussion,Exploratory only; not part of the main contribution.,high
E:\Deskbook\Tea\Super-Teacher\outputs\eval\super_hpe_student_random_vk_all_combinations.csv,csv,superteacher,Super-HPE-Student,lidar+mmwave,,random,pa_mpjpe,0.05503264332081935,lower_better,,,yes,no,yes,discussion,Exploratory only; not part of the main contribution.,high
E:\Deskbook\Tea\Super-Teacher\outputs\eval\super_hpe_student_random_vk_all_combinations.csv,csv,superteacher,Super-HPE-Student,lidar+wifi-csi,,random,mse,0.012125576051907441,lower_better,,,yes,no,yes,discussion,Exploratory only; not part of the main contribution.,high
E:\Deskbook\Tea\Super-Teacher\outputs\eval\super_hpe_student_random_vk_all_combinations.csv,csv,superteacher,Super-HPE-Student,lidar+wifi-csi,,random,mpjpe,0.1499170508606875,lower_better,,,yes,no,yes,discussion,Exploratory only; not part of the main contribution.,high
E:\Deskbook\Tea\Super-Teacher\outputs\eval\super_hpe_student_random_vk_all_combinations.csv,csv,superteacher,Super-HPE-Student,lidar+wifi-csi,,random,pa_mpjpe,0.09968136726087498,lower_better,,,yes,no,yes,discussion,Exploratory only; not part of the main contribution.,high
E:\Deskbook\Tea\Super-Teacher\outputs\eval\super_hpe_student_random_vk_all_combinations.csv,csv,superteacher,Super-HPE-Student,mmwave+wifi-csi,,random,mse,0.005993135364640591,lower_better,,,yes,no,yes,discussion,Exploratory only; not part of the main contribution.,high
E:\Deskbook\Tea\Super-Teacher\outputs\eval\super_hpe_student_random_vk_all_combinations.csv,csv,superteacher,Super-HPE-Student,mmwave+wifi-csi,,random,mpjpe,0.10885360276540001,lower_better,,,yes,no,yes,discussion,Exploratory only; not part of the main contribution.,high
E:\Deskbook\Tea\Super-Teacher\outputs\eval\super_hpe_student_random_vk_all_combinations.csv,csv,superteacher,Super-HPE-Student,mmwave+wifi-csi,,random,pa_mpjpe,0.056683692735263205,lower_better,,,yes,no,yes,discussion,Exploratory only; not part of the main contribution.,high
E:\Deskbook\Tea\Super-Teacher\outputs\eval\super_hpe_student_random_vk_all_combinations.csv,csv,superteacher,Super-HPE-Student,vk+depth+lidar,,random,mse,0.0019206651799670083,lower_better,,,yes,no,yes,discussion,Exploratory only; not part of the main contribution.,high
E:\Deskbook\Tea\Super-Teacher\outputs\eval\super_hpe_student_random_vk_all_combinations.csv,csv,superteacher,Super-HPE-Student,vk+depth+lidar,,random,mpjpe,0.06003606479467708,lower_better,,,yes,no,yes,discussion,Exploratory only; not part of the main contribution.,high
E:\Deskbook\Tea\Super-Teacher\outputs\eval\super_hpe_student_random_vk_all_combinations.csv,csv,superteacher,Super-HPE-Student,vk+depth+lidar,,random,pa_mpjpe,0.031318887337134664,lower_better,,,yes,no,yes,discussion,Exploratory only; not part of the main contribution.,high
E:\Deskbook\Tea\Super-Teacher\outputs\eval\super_hpe_student_random_vk_all_combinations.csv,csv,superteacher,Super-HPE-Student,vk+depth+mmwave,,random,mse,0.0018523953213468627,lower_better,,,yes,no,yes,discussion,Exploratory only; not part of the main contribution.,high
E:\Deskbook\Tea\Super-Teacher\outputs\eval\super_hpe_student_random_vk_all_combinations.csv,csv,superteacher,Super-HPE-Student,vk+depth+mmwave,,random,mpjpe,0.059090179745314615,lower_better,,,yes,no,yes,discussion,Exploratory only; not part of the main contribution.,high
E:\Deskbook\Tea\Super-Teacher\outputs\eval\super_hpe_student_random_vk_all_combinations.csv,csv,superteacher,Super-HPE-Student,vk+depth+mmwave,,random,pa_mpjpe,0.030730722825112685,lower_better,,,yes,no,yes,discussion,Exploratory only; not part of the main contribution.,high
E:\Deskbook\Tea\Super-Teacher\outputs\eval\super_hpe_student_random_vk_all_combinations.csv,csv,superteacher,Super-HPE-Student,vk+depth+wifi-csi,,random,mse,0.002052316822147668,lower_better,,,yes,no,yes,discussion,Exploratory only; not part of the main contribution.,high
E:\Deskbook\Tea\Super-Teacher\outputs\eval\super_hpe_student_random_vk_all_combinations.csv,csv,superteacher,Super-HPE-Student,vk+depth+wifi-csi,,random,mpjpe,0.06250024945461805,lower_better,,,yes,no,yes,discussion,Exploratory only; not part of the main contribution.,high
E:\Deskbook\Tea\Super-Teacher\outputs\eval\super_hpe_student_random_vk_all_combinations.csv,csv,superteacher,Super-HPE-Student,vk+depth+wifi-csi,,random,pa_mpjpe,0.03131917495461237,lower_better,,,yes,no,yes,discussion,Exploratory only; not part of the main contribution.,high
E:\Deskbook\Tea\Super-Teacher\outputs\eval\super_hpe_student_random_vk_all_combinations.csv,csv,superteacher,Super-HPE-Student,vk+lidar+mmwave,,random,mse,0.0025545708734925625,lower_better,,,yes,no,yes,discussion,Exploratory only; not part of the main contribution.,high
E:\Deskbook\Tea\Super-Teacher\outputs\eval\super_hpe_student_random_vk_all_combinations.csv,csv,superteacher,Super-HPE-Student,vk+lidar+mmwave,,random,mpjpe,0.07064722439738517,lower_better,,,yes,no,yes,discussion,Exploratory only; not part of the main contribution.,high
E:\Deskbook\Tea\Super-Teacher\outputs\eval\super_hpe_student_random_vk_all_combinations.csv,csv,superteacher,Super-HPE-Student,vk+lidar+mmwave,,random,pa_mpjpe,0.0389110087077504,lower_better,,,yes,no,yes,discussion,Exploratory only; not part of the main contribution.,high
E:\Deskbook\Tea\Super-Teacher\outputs\eval\super_hpe_student_random_vk_all_combinations.csv,csv,superteacher,Super-HPE-Student,vk+lidar+wifi-csi,,random,mse,0.002939317537515959,lower_better,,,yes,no,yes,discussion,Exploratory only; not part of the main contribution.,high
E:\Deskbook\Tea\Super-Teacher\outputs\eval\super_hpe_student_random_vk_all_combinations.csv,csv,superteacher,Super-HPE-Student,vk+lidar+wifi-csi,,random,mpjpe,0.07479731372449222,lower_better,,,yes,no,yes,discussion,Exploratory only; not part of the main contribution.,high
E:\Deskbook\Tea\Super-Teacher\outputs\eval\super_hpe_student_random_vk_all_combinations.csv,csv,superteacher,Super-HPE-Student,vk+lidar+wifi-csi,,random,pa_mpjpe,0.042132424604045364,lower_better,,,yes,no,yes,discussion,Exploratory only; not part of the main contribution.,high
E:\Deskbook\Tea\Super-Teacher\outputs\eval\super_hpe_student_random_vk_all_combinations.csv,csv,superteacher,Super-HPE-Student,vk+mmwave+wifi-csi,,random,mse,0.002508335174438521,lower_better,,,yes,no,yes,discussion,Exploratory only; not part of the main contribution.,high
E:\Deskbook\Tea\Super-Teacher\outputs\eval\super_hpe_student_random_vk_all_combinations.csv,csv,superteacher,Super-HPE-Student,vk+mmwave+wifi-csi,,random,mpjpe,0.06958712076331362,lower_better,,,yes,no,yes,discussion,Exploratory only; not part of the main contribution.,high
E:\Deskbook\Tea\Super-Teacher\outputs\eval\super_hpe_student_random_vk_all_combinations.csv,csv,superteacher,Super-HPE-Student,vk+mmwave+wifi-csi,,random,pa_mpjpe,0.038791587005075144,lower_better,,,yes,no,yes,discussion,Exploratory only; not part of the main contribution.,high
E:\Deskbook\Tea\Super-Teacher\outputs\eval\super_hpe_student_random_vk_all_combinations.csv,csv,superteacher,Super-HPE-Student,depth+lidar+mmwave,,random,mse,0.0019176556912650859,lower_better,,,yes,no,yes,discussion,Exploratory only; not part of the main contribution.,high
E:\Deskbook\Tea\Super-Teacher\outputs\eval\super_hpe_student_random_vk_all_combinations.csv,csv,superteacher,Super-HPE-Student,depth+lidar+mmwave,,random,mpjpe,0.060841886862073695,lower_better,,,yes,no,yes,discussion,Exploratory only; not part of the main contribution.,high
E:\Deskbook\Tea\Super-Teacher\outputs\eval\super_hpe_student_random_vk_all_combinations.csv,csv,superteacher,Super-HPE-Student,depth+lidar+mmwave,,random,pa_mpjpe,0.03143634864957797,lower_better,,,yes,no,yes,discussion,Exploratory only; not part of the main contribution.,high
E:\Deskbook\Tea\Super-Teacher\outputs\eval\super_hpe_student_random_vk_all_combinations.csv,csv,superteacher,Super-HPE-Student,depth+lidar+wifi-csi,,random,mse,0.0020779750068728154,lower_better,,,yes,no,yes,discussion,Exploratory only; not part of the main contribution.,high
E:\Deskbook\Tea\Super-Teacher\outputs\eval\super_hpe_student_random_vk_all_combinations.csv,csv,superteacher,Super-HPE-Student,depth+lidar+wifi-csi,,random,mpjpe,0.06319182113599028,lower_better,,,yes,no,yes,discussion,Exploratory only; not part of the main contribution.,high
E:\Deskbook\Tea\Super-Teacher\outputs\eval\super_hpe_student_random_vk_all_combinations.csv,csv,superteacher,Super-HPE-Student,depth+lidar+wifi-csi,,random,pa_mpjpe,0.03222806142372014,lower_better,,,yes,no,yes,discussion,Exploratory only; not part of the main contribution.,high
E:\Deskbook\Tea\Super-Teacher\outputs\eval\super_hpe_student_random_vk_all_combinations.csv,csv,superteacher,Super-HPE-Student,depth+mmwave+wifi-csi,,random,mse,0.00197012674868857,lower_better,,,yes,no,yes,discussion,Exploratory only; not part of the main contribution.,high
E:\Deskbook\Tea\Super-Teacher\outputs\eval\super_hpe_student_random_vk_all_combinations.csv,csv,superteacher,Super-HPE-Student,depth+mmwave+wifi-csi,,random,mpjpe,0.0618540075311326,lower_better,,,yes,no,yes,discussion,Exploratory only; not part of the main contribution.,high
E:\Deskbook\Tea\Super-Teacher\outputs\eval\super_hpe_student_random_vk_all_combinations.csv,csv,superteacher,Super-HPE-Student,depth+mmwave+wifi-csi,,random,pa_mpjpe,0.03143689957748185,lower_better,,,yes,no,yes,discussion,Exploratory only; not part of the main contribution.,high
E:\Deskbook\Tea\Super-Teacher\outputs\eval\super_hpe_student_random_vk_all_combinations.csv,csv,superteacher,Super-HPE-Student,lidar+mmwave+wifi-csi,,random,mse,0.005033238459452694,lower_better,,,yes,no,yes,discussion,Exploratory only; not part of the main contribution.,high
E:\Deskbook\Tea\Super-Teacher\outputs\eval\super_hpe_student_random_vk_all_combinations.csv,csv,superteacher,Super-HPE-Student,lidar+mmwave+wifi-csi,,random,mpjpe,0.10037332886282026,lower_better,,,yes,no,yes,discussion,Exploratory only; not part of the main contribution.,high
E:\Deskbook\Tea\Super-Teacher\outputs\eval\super_hpe_student_random_vk_all_combinations.csv,csv,superteacher,Super-HPE-Student,lidar+mmwave+wifi-csi,,random,pa_mpjpe,0.05527001557059847,lower_better,,,yes,no,yes,discussion,Exploratory only; not part of the main contribution.,high
E:\Deskbook\Tea\Super-Teacher\outputs\eval\super_hpe_student_random_vk_all_combinations.csv,csv,superteacher,Super-HPE-Student,vk+depth+lidar+mmwave,,random,mse,0.0017685025895758802,lower_better,,,yes,no,yes,discussion,Exploratory only; not part of the main contribution.,high
E:\Deskbook\Tea\Super-Teacher\outputs\eval\super_hpe_student_random_vk_all_combinations.csv,csv,superteacher,Super-HPE-Student,vk+depth+lidar+mmwave,,random,mpjpe,0.05729515046022497,lower_better,,,yes,no,yes,discussion,Exploratory only; not part of the main contribution.,high
E:\Deskbook\Tea\Super-Teacher\outputs\eval\super_hpe_student_random_vk_all_combinations.csv,csv,superteacher,Super-HPE-Student,vk+depth+lidar+mmwave,,random,pa_mpjpe,0.030789019489698675,lower_better,,,yes,no,yes,discussion,Exploratory only; not part of the main contribution.,high
E:\Deskbook\Tea\Super-Teacher\outputs\eval\super_hpe_student_random_vk_all_combinations.csv,csv,superteacher,Super-HPE-Student,vk+depth+lidar+wifi-csi,,random,mse,0.0019003260841736636,lower_better,,,yes,no,yes,discussion,Exploratory only; not part of the main contribution.,high
E:\Deskbook\Tea\Super-Teacher\outputs\eval\super_hpe_student_random_vk_all_combinations.csv,csv,superteacher,Super-HPE-Student,vk+depth+lidar+wifi-csi,,random,mpjpe,0.0595404391996595,lower_better,,,yes,no,yes,discussion,Exploratory only; not part of the main contribution.,high
E:\Deskbook\Tea\Super-Teacher\outputs\eval\super_hpe_student_random_vk_all_combinations.csv,csv,superteacher,Super-HPE-Student,vk+depth+lidar+wifi-csi,,random,pa_mpjpe,0.031371823159181876,lower_better,,,yes,no,yes,discussion,Exploratory only; not part of the main contribution.,high
E:\Deskbook\Tea\Super-Teacher\outputs\eval\super_hpe_student_random_vk_all_combinations.csv,csv,superteacher,Super-HPE-Student,vk+depth+mmwave+wifi-csi,,random,mse,0.0018308504246595018,lower_better,,,yes,no,yes,discussion,Exploratory only; not part of the main contribution.,high
E:\Deskbook\Tea\Super-Teacher\outputs\eval\super_hpe_student_random_vk_all_combinations.csv,csv,superteacher,Super-HPE-Student,vk+depth+mmwave+wifi-csi,,random,mpjpe,0.0585850146286118,lower_better,,,yes,no,yes,discussion,Exploratory only; not part of the main contribution.,high
E:\Deskbook\Tea\Super-Teacher\outputs\eval\super_hpe_student_random_vk_all_combinations.csv,csv,superteacher,Super-HPE-Student,vk+depth+mmwave+wifi-csi,,random,pa_mpjpe,0.030771793642094505,lower_better,,,yes,no,yes,discussion,Exploratory only; not part of the main contribution.,high
E:\Deskbook\Tea\Super-Teacher\outputs\eval\super_hpe_student_random_vk_all_combinations.csv,csv,superteacher,Super-HPE-Student,vk+lidar+mmwave+wifi-csi,,random,mse,0.002472632579012838,lower_better,,,yes,no,yes,discussion,Exploratory only; not part of the main contribution.,high
E:\Deskbook\Tea\Super-Teacher\outputs\eval\super_hpe_student_random_vk_all_combinations.csv,csv,superteacher,Super-HPE-Student,vk+lidar+mmwave+wifi-csi,,random,mpjpe,0.06913899734554958,lower_better,,,yes,no,yes,discussion,Exploratory only; not part of the main contribution.,high
E:\Deskbook\Tea\Super-Teacher\outputs\eval\super_hpe_student_random_vk_all_combinations.csv,csv,superteacher,Super-HPE-Student,vk+lidar+mmwave+wifi-csi,,random,pa_mpjpe,0.03896850382875357,lower_better,,,yes,no,yes,discussion,Exploratory only; not part of the main contribution.,high
E:\Deskbook\Tea\Super-Teacher\outputs\eval\super_hpe_student_random_vk_all_combinations.csv,csv,superteacher,Super-HPE-Student,depth+lidar+mmwave+wifi-csi,,random,mse,0.0018887139741924348,lower_better,,,yes,no,yes,discussion,Exploratory only; not part of the main contribution.,high
E:\Deskbook\Tea\Super-Teacher\outputs\eval\super_hpe_student_random_vk_all_combinations.csv,csv,superteacher,Super-HPE-Student,depth+lidar+mmwave+wifi-csi,,random,mpjpe,0.060181265520583456,lower_better,,,yes,no,yes,discussion,Exploratory only; not part of the main contribution.,high
E:\Deskbook\Tea\Super-Teacher\outputs\eval\super_hpe_student_random_vk_all_combinations.csv,csv,superteacher,Super-HPE-Student,depth+lidar+mmwave+wifi-csi,,random,pa_mpjpe,0.031456852543601345,lower_better,,,yes,no,yes,discussion,Exploratory only; not part of the main contribution.,high
E:\Deskbook\Tea\Super-Teacher\outputs\eval\super_hpe_student_random_vk_all_combinations.csv,csv,superteacher,Super-HPE-Student,vk+depth+lidar+mmwave+wifi-csi,,random,mse,0.001748450152793557,lower_better,,,yes,no,yes,discussion,Exploratory only; not part of the main contribution.,high
E:\Deskbook\Tea\Super-Teacher\outputs\eval\super_hpe_student_random_vk_all_combinations.csv,csv,superteacher,Super-HPE-Student,vk+depth+lidar+mmwave+wifi-csi,,random,mpjpe,0.05681688200126326,lower_better,,,yes,no,yes,discussion,Exploratory only; not part of the main contribution.,high
E:\Deskbook\Tea\Super-Teacher\outputs\eval\super_hpe_student_random_vk_all_combinations.csv,csv,superteacher,Super-HPE-Student,vk+depth+lidar+mmwave+wifi-csi,,random,pa_mpjpe,0.03083576988126576,lower_better,,,yes,no,yes,discussion,Exploratory only; not part of the main contribution.,high
E:\Deskbook\Tea\Super-Teacher\outputs\eval\super_teacher_random_har_all_combinations.csv,csv,superteacher,Super-Teacher,vk,,random,acc,0.052858835266242674,higher_better,,,yes,no,yes,discussion,Exploratory only; not part of the main contribution.,high
E:\Deskbook\Tea\Super-Teacher\outputs\eval\super_teacher_random_har_all_combinations.csv,csv,superteacher,Super-Teacher,vk,,random,macro_f1,0.01817096032966151,higher_better,,,yes,no,yes,discussion,Exploratory only; not part of the main contribution.,high
E:\Deskbook\Tea\Super-Teacher\outputs\eval\super_teacher_random_har_all_combinations.csv,csv,superteacher,Super-Teacher,depth,,random,acc,0.6614135178949994,higher_better,,,yes,no,yes,discussion,Exploratory only; not part of the main contribution.,high
E:\Deskbook\Tea\Super-Teacher\outputs\eval\super_teacher_random_har_all_combinations.csv,csv,superteacher,Super-Teacher,depth,,random,macro_f1,0.6465655941403469,higher_better,,,yes,no,yes,discussion,Exploratory only; not part of the main contribution.,high
E:\Deskbook\Tea\Super-Teacher\outputs\eval\super_teacher_random_har_all_combinations.csv,csv,superteacher,Super-Teacher,lidar,,random,acc,0.036865569272976684,higher_better,,,yes,no,yes,discussion,Exploratory only; not part of the main contribution.,high
E:\Deskbook\Tea\Super-Teacher\outputs\eval\super_teacher_random_har_all_combinations.csv,csv,superteacher,Super-Teacher,lidar,,random,macro_f1,0.002924779069775276,higher_better,,,yes,no,yes,discussion,Exploratory only; not part of the main contribution.,high
E:\Deskbook\Tea\Super-Teacher\outputs\eval\super_teacher_random_har_all_combinations.csv,csv,superteacher,Super-Teacher,mmwave,,random,acc,0.5304277341314378,higher_better,,,yes,no,yes,discussion,Exploratory only; not part of the main contribution.,high
E:\Deskbook\Tea\Super-Teacher\outputs\eval\super_teacher_random_har_all_combinations.csv,csv,superteacher,Super-Teacher,mmwave,,random,macro_f1,0.5010562591559358,higher_better,,,yes,no,yes,discussion,Exploratory only; not part of the main contribution.,high
E:\Deskbook\Tea\Super-Teacher\outputs\eval\super_teacher_random_har_all_combinations.csv,csv,superteacher,Super-Teacher,vk+depth,,random,acc,0.3861609926424741,higher_better,,,yes,no,yes,discussion,Exploratory only; not part of the main contribution.,high
E:\Deskbook\Tea\Super-Teacher\outputs\eval\super_teacher_random_har_all_combinations.csv,csv,superteacher,Super-Teacher,vk+depth,,random,macro_f1,0.37029143893086036,higher_better,,,yes,no,yes,discussion,Exploratory only; not part of the main contribution.,high
E:\Deskbook\Tea\Super-Teacher\outputs\eval\super_teacher_random_har_all_combinations.csv,csv,superteacher,Super-Teacher,vk+lidar,,random,acc,0.03890759446315002,higher_better,,,yes,no,yes,discussion,Exploratory only; not part of the main contribution.,high
E:\Deskbook\Tea\Super-Teacher\outputs\eval\super_teacher_random_har_all_combinations.csv,csv,superteacher,Super-Teacher,vk+lidar,,random,macro_f1,0.015387475390640353,higher_better,,,yes,no,yes,discussion,Exploratory only; not part of the main contribution.,high
E:\Deskbook\Tea\Super-Teacher\outputs\eval\super_teacher_random_har_all_combinations.csv,csv,superteacher,Super-Teacher,vk+mmwave,,random,acc,0.5556023194912084,higher_better,,,yes,no,yes,discussion,Exploratory only; not part of the main contribution.,high
E:\Deskbook\Tea\Super-Teacher\outputs\eval\super_teacher_random_har_all_combinations.csv,csv,superteacher,Super-Teacher,vk+mmwave,,random,macro_f1,0.5250351599549604,higher_better,,,yes,no,yes,discussion,Exploratory only; not part of the main contribution.,high
E:\Deskbook\Tea\Super-Teacher\outputs\eval\super_teacher_random_har_all_combinations.csv,csv,superteacher,Super-Teacher,depth+lidar,,random,acc,0.5547138047138047,higher_better,,,yes,no,yes,discussion,Exploratory only; not part of the main contribution.,high
E:\Deskbook\Tea\Super-Teacher\outputs\eval\super_teacher_random_har_all_combinations.csv,csv,superteacher,Super-Teacher,depth+lidar,,random,macro_f1,0.56062205074447,higher_better,,,yes,no,yes,discussion,Exploratory only; not part of the main contribution.,high
E:\Deskbook\Tea\Super-Teacher\outputs\eval\super_teacher_random_har_all_combinations.csv,csv,superteacher,Super-Teacher,depth+mmwave,,random,acc,0.907002119965083,higher_better,,,yes,no,yes,discussion,Exploratory only; not part of the main contribution.,high
E:\Deskbook\Tea\Super-Teacher\outputs\eval\super_teacher_random_har_all_combinations.csv,csv,superteacher,Super-Teacher,depth+mmwave,,random,macro_f1,0.9070364556111257,higher_better,,,yes,no,yes,discussion,Exploratory only; not part of the main contribution.,high
E:\Deskbook\Tea\Super-Teacher\outputs\eval\super_teacher_random_har_all_combinations.csv,csv,superteacher,Super-Teacher,lidar+mmwave,,random,acc,0.5364758698092031,higher_better,,,yes,no,yes,discussion,Exploratory only; not part of the main contribution.,high
E:\Deskbook\Tea\Super-Teacher\outputs\eval\super_teacher_random_har_all_combinations.csv,csv,superteacher,Super-Teacher,lidar+mmwave,,random,macro_f1,0.5046884802781276,higher_better,,,yes,no,yes,discussion,Exploratory only; not part of the main contribution.,high
E:\Deskbook\Tea\Super-Teacher\outputs\eval\super_teacher_random_har_all_combinations.csv,csv,superteacher,Super-Teacher,vk+depth+lidar,,random,acc,0.5046140416510787,higher_better,,,yes,no,yes,discussion,Exploratory only; not part of the main contribution.,high
E:\Deskbook\Tea\Super-Teacher\outputs\eval\super_teacher_random_har_all_combinations.csv,csv,superteacher,Super-Teacher,vk+depth+lidar,,random,macro_f1,0.4868021839877564,higher_better,,,yes,no,yes,discussion,Exploratory only; not part of the main contribution.,high
E:\Deskbook\Tea\Super-Teacher\outputs\eval\super_teacher_random_har_all_combinations.csv,csv,superteacher,Super-Teacher,vk+depth+mmwave,,random,acc,0.9062383090160868,higher_better,,,yes,no,yes,discussion,Exploratory only; not part of the main contribution.,high
E:\Deskbook\Tea\Super-Teacher\outputs\eval\super_teacher_random_har_all_combinations.csv,csv,superteacher,Super-Teacher,vk+depth+mmwave,,random,macro_f1,0.9062830876286874,higher_better,,,yes,no,yes,discussion,Exploratory only; not part of the main contribution.,high
E:\Deskbook\Tea\Super-Teacher\outputs\eval\super_teacher_random_har_all_combinations.csv,csv,superteacher,Super-Teacher,vk+lidar+mmwave,,random,acc,0.5557426112981668,higher_better,,,yes,no,yes,discussion,Exploratory only; not part of the main contribution.,high
E:\Deskbook\Tea\Super-Teacher\outputs\eval\super_teacher_random_har_all_combinations.csv,csv,superteacher,Super-Teacher,vk+lidar+mmwave,,random,macro_f1,0.5241352421004442,higher_better,,,yes,no,yes,discussion,Exploratory only; not part of the main contribution.,high
E:\Deskbook\Tea\Super-Teacher\outputs\eval\super_teacher_random_har_all_combinations.csv,csv,superteacher,Super-Teacher,depth+lidar+mmwave,,random,acc,0.9057394937024567,higher_better,,,yes,no,yes,discussion,Exploratory only; not part of the main contribution.,high
E:\Deskbook\Tea\Super-Teacher\outputs\eval\super_teacher_random_har_all_combinations.csv,csv,superteacher,Super-Teacher,depth+lidar+mmwave,,random,macro_f1,0.9058160960965574,higher_better,,,yes,no,yes,discussion,Exploratory only; not part of the main contribution.,high
E:\Deskbook\Tea\Super-Teacher\outputs\eval\super_teacher_random_har_all_combinations.csv,csv,superteacher,Super-Teacher,vk+depth+lidar+mmwave,,random,acc,0.9054589100885397,higher_better,,,yes,no,yes,discussion,Exploratory only; not part of the main contribution.,high
E:\Deskbook\Tea\Super-Teacher\outputs\eval\super_teacher_random_har_all_combinations.csv,csv,superteacher,Super-Teacher,vk+depth+lidar+mmwave,,random,macro_f1,0.9055232907770981,higher_better,,,yes,no,yes,discussion,Exploratory only; not part of the main contribution.,high
E:\Deskbook\Tea\Super-Teacher\outputs\eval\super_teacher_random_hpe_all_combinations.csv,csv,superteacher,Super-Teacher,vk,,random,mse,0.015189881150533279,lower_better,,,yes,no,yes,discussion,Exploratory only; not part of the main contribution.,high
E:\Deskbook\Tea\Super-Teacher\outputs\eval\super_teacher_random_hpe_all_combinations.csv,csv,superteacher,Super-Teacher,vk,,random,mpjpe,0.18405524252626215,lower_better,,,yes,no,yes,discussion,Exploratory only; not part of the main contribution.,high
E:\Deskbook\Tea\Super-Teacher\outputs\eval\super_teacher_random_hpe_all_combinations.csv,csv,superteacher,Super-Teacher,vk,,random,pa_mpjpe,0.08129108689094751,lower_better,,,yes,no,yes,discussion,Exploratory only; not part of the main contribution.,high
E:\Deskbook\Tea\Super-Teacher\outputs\eval\super_teacher_random_hpe_all_combinations.csv,csv,superteacher,Super-Teacher,depth,,random,mse,1.72217312808613,lower_better,,,yes,no,yes,discussion,Exploratory only; not part of the main contribution.,high
E:\Deskbook\Tea\Super-Teacher\outputs\eval\super_teacher_random_hpe_all_combinations.csv,csv,superteacher,Super-Teacher,depth,,random,mpjpe,2.17332022709507,lower_better,,,yes,no,yes,discussion,Exploratory only; not part of the main contribution.,high
E:\Deskbook\Tea\Super-Teacher\outputs\eval\super_teacher_random_hpe_all_combinations.csv,csv,superteacher,Super-Teacher,depth,,random,pa_mpjpe,0.3289399307583038,lower_better,,,yes,no,yes,discussion,Exploratory only; not part of the main contribution.,high
E:\Deskbook\Tea\Super-Teacher\outputs\eval\super_teacher_random_hpe_all_combinations.csv,csv,superteacher,Super-Teacher,lidar,,random,mse,6.934774536937233,lower_better,,,yes,no,yes,discussion,Exploratory only; not part of the main contribution.,high
E:\Deskbook\Tea\Super-Teacher\outputs\eval\super_teacher_random_hpe_all_combinations.csv,csv,superteacher,Super-Teacher,lidar,,random,mpjpe,4.553687405684357,lower_better,,,yes,no,yes,discussion,Exploratory only; not part of the main contribution.,high
E:\Deskbook\Tea\Super-Teacher\outputs\eval\super_teacher_random_hpe_all_combinations.csv,csv,superteacher,Super-Teacher,lidar,,random,pa_mpjpe,0.3536484657328102,lower_better,,,yes,no,yes,discussion,Exploratory only; not part of the main contribution.,high
E:\Deskbook\Tea\Super-Teacher\outputs\eval\super_teacher_random_hpe_all_combinations.csv,csv,superteacher,Super-Teacher,mmwave,,random,mse,2.431730705947855,lower_better,,,yes,no,yes,discussion,Exploratory only; not part of the main contribution.,high
E:\Deskbook\Tea\Super-Teacher\outputs\eval\super_teacher_random_hpe_all_combinations.csv,csv,superteacher,Super-Teacher,mmwave,,random,mpjpe,2.5996432252054515,lower_better,,,yes,no,yes,discussion,Exploratory only; not part of the main contribution.,high
E:\Deskbook\Tea\Super-Teacher\outputs\eval\super_teacher_random_hpe_all_combinations.csv,csv,superteacher,Super-Teacher,mmwave,,random,pa_mpjpe,0.33820020536983686,lower_better,,,yes,no,yes,discussion,Exploratory only; not part of the main contribution.,high
E:\Deskbook\Tea\Super-Teacher\outputs\eval\super_teacher_random_hpe_all_combinations.csv,csv,superteacher,Super-Teacher,wifi-csi,,random,mse,8.939594305904002,lower_better,,,yes,no,yes,discussion,Exploratory only; not part of the main contribution.,high
E:\Deskbook\Tea\Super-Teacher\outputs\eval\super_teacher_random_hpe_all_combinations.csv,csv,superteacher,Super-Teacher,wifi-csi,,random,mpjpe,5.144238012689414,lower_better,,,yes,no,yes,discussion,Exploratory only; not part of the main contribution.,high
E:\Deskbook\Tea\Super-Teacher\outputs\eval\super_teacher_random_hpe_all_combinations.csv,csv,superteacher,Super-Teacher,wifi-csi,,random,pa_mpjpe,0.3803725291950386,lower_better,,,yes,no,yes,discussion,Exploratory only; not part of the main contribution.,high
E:\Deskbook\Tea\Super-Teacher\outputs\eval\super_teacher_random_hpe_all_combinations.csv,csv,superteacher,Super-Teacher,vk+depth,,random,mse,0.002465743191213831,lower_better,,,yes,no,yes,discussion,Exploratory only; not part of the main contribution.,high
E:\Deskbook\Tea\Super-Teacher\outputs\eval\super_teacher_random_hpe_all_combinations.csv,csv,superteacher,Super-Teacher,vk+depth,,random,mpjpe,0.06965594659886361,lower_better,,,yes,no,yes,discussion,Exploratory only; not part of the main contribution.,high
E:\Deskbook\Tea\Super-Teacher\outputs\eval\super_teacher_random_hpe_all_combinations.csv,csv,superteacher,Super-Teacher,vk+depth,,random,pa_mpjpe,0.035602257853111705,lower_better,,,yes,no,yes,discussion,Exploratory only; not part of the main contribution.,high
E:\Deskbook\Tea\Super-Teacher\outputs\eval\super_teacher_random_hpe_all_combinations.csv,csv,superteacher,Super-Teacher,vk+lidar,,random,mse,0.013425440838868697,lower_better,,,yes,no,yes,discussion,Exploratory only; not part of the main contribution.,high
E:\Deskbook\Tea\Super-Teacher\outputs\eval\super_teacher_random_hpe_all_combinations.csv,csv,superteacher,Super-Teacher,vk+lidar,,random,mpjpe,0.17375454241099805,lower_better,,,yes,no,yes,discussion,Exploratory only; not part of the main contribution.,high
E:\Deskbook\Tea\Super-Teacher\outputs\eval\super_teacher_random_hpe_all_combinations.csv,csv,superteacher,Super-Teacher,vk+lidar,,random,pa_mpjpe,0.0774161614841163,lower_better,,,yes,no,yes,discussion,Exploratory only; not part of the main contribution.,high
E:\Deskbook\Tea\Super-Teacher\outputs\eval\super_teacher_random_hpe_all_combinations.csv,csv,superteacher,Super-Teacher,vk+mmwave,,random,mse,0.012993113120709115,lower_better,,,yes,no,yes,discussion,Exploratory only; not part of the main contribution.,high
E:\Deskbook\Tea\Super-Teacher\outputs\eval\super_teacher_random_hpe_all_combinations.csv,csv,superteacher,Super-Teacher,vk+mmwave,,random,mpjpe,0.1727379000455249,lower_better,,,yes,no,yes,discussion,Exploratory only; not part of the main contribution.,high
E:\Deskbook\Tea\Super-Teacher\outputs\eval\super_teacher_random_hpe_all_combinations.csv,csv,superteacher,Super-Teacher,vk+mmwave,,random,pa_mpjpe,0.07396742997800226,lower_better,,,yes,no,yes,discussion,Exploratory only; not part of the main contribution.,high
E:\Deskbook\Tea\Super-Teacher\outputs\eval\super_teacher_random_hpe_all_combinations.csv,csv,superteacher,Super-Teacher,vk+wifi-csi,,random,mse,0.014288483082653273,lower_better,,,yes,no,yes,discussion,Exploratory only; not part of the main contribution.,high
E:\Deskbook\Tea\Super-Teacher\outputs\eval\super_teacher_random_hpe_all_combinations.csv,csv,superteacher,Super-Teacher,vk+wifi-csi,,random,mpjpe,0.1763806249182158,lower_better,,,yes,no,yes,discussion,Exploratory only; not part of the main contribution.,high
E:\Deskbook\Tea\Super-Teacher\outputs\eval\super_teacher_random_hpe_all_combinations.csv,csv,superteacher,Super-Teacher,vk+wifi-csi,,random,pa_mpjpe,0.07988483618143431,lower_better,,,yes,no,yes,discussion,Exploratory only; not part of the main contribution.,high
E:\Deskbook\Tea\Super-Teacher\outputs\eval\super_teacher_random_hpe_all_combinations.csv,csv,superteacher,Super-Teacher,depth+lidar,,random,mse,4.107568166844342,lower_better,,,yes,no,yes,discussion,Exploratory only; not part of the main contribution.,high
E:\Deskbook\Tea\Super-Teacher\outputs\eval\super_teacher_random_hpe_all_combinations.csv,csv,superteacher,Super-Teacher,depth+lidar,,random,mpjpe,3.4441667156692812,lower_better,,,yes,no,yes,discussion,Exploratory only; not part of the main contribution.,high
E:\Deskbook\Tea\Super-Teacher\outputs\eval\super_teacher_random_hpe_all_combinations.csv,csv,superteacher,Super-Teacher,depth+lidar,,random,pa_mpjpe,0.3763817490631075,lower_better,,,yes,no,yes,discussion,Exploratory only; not part of the main contribution.,high
E:\Deskbook\Tea\Super-Teacher\outputs\eval\super_teacher_random_hpe_all_combinations.csv,csv,superteacher,Super-Teacher,depth+mmwave,,random,mse,2.742042954789535,lower_better,,,yes,no,yes,discussion,Exploratory only; not part of the main contribution.,high
E:\Deskbook\Tea\Super-Teacher\outputs\eval\super_teacher_random_hpe_all_combinations.csv,csv,superteacher,Super-Teacher,depth+mmwave,,random,mpjpe,2.744818120678251,lower_better,,,yes,no,yes,discussion,Exploratory only; not part of the main contribution.,high
E:\Deskbook\Tea\Super-Teacher\outputs\eval\super_teacher_random_hpe_all_combinations.csv,csv,superteacher,Super-Teacher,depth+mmwave,,random,pa_mpjpe,0.34143388071918074,lower_better,,,yes,no,yes,discussion,Exploratory only; not part of the main contribution.,high
E:\Deskbook\Tea\Super-Teacher\outputs\eval\super_teacher_random_hpe_all_combinations.csv,csv,superteacher,Super-Teacher,depth+wifi-csi,,random,mse,1.7479219181398782,lower_better,,,yes,no,yes,discussion,Exploratory only; not part of the main contribution.,high
E:\Deskbook\Tea\Super-Teacher\outputs\eval\super_teacher_random_hpe_all_combinations.csv,csv,superteacher,Super-Teacher,depth+wifi-csi,,random,mpjpe,2.2591258152001874,lower_better,,,yes,no,yes,discussion,Exploratory only; not part of the main contribution.,high
E:\Deskbook\Tea\Super-Teacher\outputs\eval\super_teacher_random_hpe_all_combinations.csv,csv,superteacher,Super-Teacher,depth+wifi-csi,,random,pa_mpjpe,0.32879914195213417,lower_better,,,yes,no,yes,discussion,Exploratory only; not part of the main contribution.,high
E:\Deskbook\Tea\Super-Teacher\outputs\eval\super_teacher_random_hpe_all_combinations.csv,csv,superteacher,Super-Teacher,lidar+mmwave,,random,mse,2.5230450527687918,lower_better,,,yes,no,yes,discussion,Exploratory only; not part of the main contribution.,high
E:\Deskbook\Tea\Super-Teacher\outputs\eval\super_teacher_random_hpe_all_combinations.csv,csv,superteacher,Super-Teacher,lidar+mmwave,,random,mpjpe,2.6550506828045037,lower_better,,,yes,no,yes,discussion,Exploratory only; not part of the main contribution.,high
E:\Deskbook\Tea\Super-Teacher\outputs\eval\super_teacher_random_hpe_all_combinations.csv,csv,superteacher,Super-Teacher,lidar+mmwave,,random,pa_mpjpe,0.3419636053525522,lower_better,,,yes,no,yes,discussion,Exploratory only; not part of the main contribution.,high
E:\Deskbook\Tea\Super-Teacher\outputs\eval\super_teacher_random_hpe_all_combinations.csv,csv,superteacher,Super-Teacher,lidar+wifi-csi,,random,mse,7.034117597819475,lower_better,,,yes,no,yes,discussion,Exploratory only; not part of the main contribution.,high
E:\Deskbook\Tea\Super-Teacher\outputs\eval\super_teacher_random_hpe_all_combinations.csv,csv,superteacher,Super-Teacher,lidar+wifi-csi,,random,mpjpe,4.585349303318209,lower_better,,,yes,no,yes,discussion,Exploratory only; not part of the main contribution.,high
E:\Deskbook\Tea\Super-Teacher\outputs\eval\super_teacher_random_hpe_all_combinations.csv,csv,superteacher,Super-Teacher,lidar+wifi-csi,,random,pa_mpjpe,0.35283595696569975,lower_better,,,yes,no,yes,discussion,Exploratory only; not part of the main contribution.,high
E:\Deskbook\Tea\Super-Teacher\outputs\eval\super_teacher_random_hpe_all_combinations.csv,csv,superteacher,Super-Teacher,mmwave+wifi-csi,,random,mse,1.609109112391048,lower_better,,,yes,no,yes,discussion,Exploratory only; not part of the main contribution.,high
E:\Deskbook\Tea\Super-Teacher\outputs\eval\super_teacher_random_hpe_all_combinations.csv,csv,superteacher,Super-Teacher,mmwave+wifi-csi,,random,mpjpe,2.0787601299246643,lower_better,,,yes,no,yes,discussion,Exploratory only; not part of the main contribution.,high
E:\Deskbook\Tea\Super-Teacher\outputs\eval\super_teacher_random_hpe_all_combinations.csv,csv,superteacher,Super-Teacher,mmwave+wifi-csi,,random,pa_mpjpe,0.311621862932309,lower_better,,,yes,no,yes,discussion,Exploratory only; not part of the main contribution.,high
E:\Deskbook\Tea\Super-Teacher\outputs\eval\super_teacher_random_hpe_all_combinations.csv,csv,superteacher,Super-Teacher,vk+depth+lidar,,random,mse,0.00250653093465591,lower_better,,,yes,no,yes,discussion,Exploratory only; not part of the main contribution.,high
E:\Deskbook\Tea\Super-Teacher\outputs\eval\super_teacher_random_hpe_all_combinations.csv,csv,superteacher,Super-Teacher,vk+depth+lidar,,random,mpjpe,0.0705091175765509,lower_better,,,yes,no,yes,discussion,Exploratory only; not part of the main contribution.,high
E:\Deskbook\Tea\Super-Teacher\outputs\eval\super_teacher_random_hpe_all_combinations.csv,csv,superteacher,Super-Teacher,vk+depth+lidar,,random,pa_mpjpe,0.035316469323549,lower_better,,,yes,no,yes,discussion,Exploratory only; not part of the main contribution.,high
E:\Deskbook\Tea\Super-Teacher\outputs\eval\super_teacher_random_hpe_all_combinations.csv,csv,superteacher,Super-Teacher,vk+depth+mmwave,,random,mse,0.0018123316357379368,lower_better,,,yes,no,yes,discussion,Exploratory only; not part of the main contribution.,high
E:\Deskbook\Tea\Super-Teacher\outputs\eval\super_teacher_random_hpe_all_combinations.csv,csv,superteacher,Super-Teacher,vk+depth+mmwave,,random,mpjpe,0.05779000146476865,lower_better,,,yes,no,yes,discussion,Exploratory only; not part of the main contribution.,high
E:\Deskbook\Tea\Super-Teacher\outputs\eval\super_teacher_random_hpe_all_combinations.csv,csv,superteacher,Super-Teacher,vk+depth+mmwave,,random,pa_mpjpe,0.03445234363468637,lower_better,,,yes,no,yes,discussion,Exploratory only; not part of the main contribution.,high
E:\Deskbook\Tea\Super-Teacher\outputs\eval\super_teacher_random_hpe_all_combinations.csv,csv,superteacher,Super-Teacher,vk+depth+wifi-csi,,random,mse,0.0025813704458057087,lower_better,,,yes,no,yes,discussion,Exploratory only; not part of the main contribution.,high
E:\Deskbook\Tea\Super-Teacher\outputs\eval\super_teacher_random_hpe_all_combinations.csv,csv,superteacher,Super-Teacher,vk+depth+wifi-csi,,random,mpjpe,0.07103645667797952,lower_better,,,yes,no,yes,discussion,Exploratory only; not part of the main contribution.,high
E:\Deskbook\Tea\Super-Teacher\outputs\eval\super_teacher_random_hpe_all_combinations.csv,csv,superteacher,Super-Teacher,vk+depth+wifi-csi,,random,pa_mpjpe,0.03289343499308817,lower_better,,,yes,no,yes,discussion,Exploratory only; not part of the main contribution.,high
E:\Deskbook\Tea\Super-Teacher\outputs\eval\super_teacher_random_hpe_all_combinations.csv,csv,superteacher,Super-Teacher,vk+lidar+mmwave,,random,mse,0.01186624823374694,lower_better,,,yes,no,yes,discussion,Exploratory only; not part of the main contribution.,high
E:\Deskbook\Tea\Super-Teacher\outputs\eval\super_teacher_random_hpe_all_combinations.csv,csv,superteacher,Super-Teacher,vk+lidar+mmwave,,random,mpjpe,0.16455806816775598,lower_better,,,yes,no,yes,discussion,Exploratory only; not part of the main contribution.,high
E:\Deskbook\Tea\Super-Teacher\outputs\eval\super_teacher_random_hpe_all_combinations.csv,csv,superteacher,Super-Teacher,vk+lidar+mmwave,,random,pa_mpjpe,0.07219459947769216,lower_better,,,yes,no,yes,discussion,Exploratory only; not part of the main contribution.,high
E:\Deskbook\Tea\Super-Teacher\outputs\eval\super_teacher_random_hpe_all_combinations.csv,csv,superteacher,Super-Teacher,vk+lidar+wifi-csi,,random,mse,0.013224956809491623,lower_better,,,yes,no,yes,discussion,Exploratory only; not part of the main contribution.,high
E:\Deskbook\Tea\Super-Teacher\outputs\eval\super_teacher_random_hpe_all_combinations.csv,csv,superteacher,Super-Teacher,vk+lidar+wifi-csi,,random,mpjpe,0.17026658270989797,lower_better,,,yes,no,yes,discussion,Exploratory only; not part of the main contribution.,high
E:\Deskbook\Tea\Super-Teacher\outputs\eval\super_teacher_random_hpe_all_combinations.csv,csv,superteacher,Super-Teacher,vk+lidar+wifi-csi,,random,pa_mpjpe,0.07707142899081615,lower_better,,,yes,no,yes,discussion,Exploratory only; not part of the main contribution.,high
E:\Deskbook\Tea\Super-Teacher\outputs\eval\super_teacher_random_hpe_all_combinations.csv,csv,superteacher,Super-Teacher,vk+mmwave+wifi-csi,,random,mse,0.012456657925250423,lower_better,,,yes,no,yes,discussion,Exploratory only; not part of the main contribution.,high
E:\Deskbook\Tea\Super-Teacher\outputs\eval\super_teacher_random_hpe_all_combinations.csv,csv,superteacher,Super-Teacher,vk+mmwave+wifi-csi,,random,mpjpe,0.16706006603822074,lower_better,,,yes,no,yes,discussion,Exploratory only; not part of the main contribution.,high
E:\Deskbook\Tea\Super-Teacher\outputs\eval\super_teacher_random_hpe_all_combinations.csv,csv,superteacher,Super-Teacher,vk+mmwave+wifi-csi,,random,pa_mpjpe,0.07410230038203741,lower_better,,,yes,no,yes,discussion,Exploratory only; not part of the main contribution.,high
E:\Deskbook\Tea\Super-Teacher\outputs\eval\super_teacher_random_hpe_all_combinations.csv,csv,superteacher,Super-Teacher,depth+lidar+mmwave,,random,mse,3.0661892944893228,lower_better,,,yes,no,yes,discussion,Exploratory only; not part of the main contribution.,high
E:\Deskbook\Tea\Super-Teacher\outputs\eval\super_teacher_random_hpe_all_combinations.csv,csv,superteacher,Super-Teacher,depth+lidar+mmwave,,random,mpjpe,2.910214268933777,lower_better,,,yes,no,yes,discussion,Exploratory only; not part of the main contribution.,high
E:\Deskbook\Tea\Super-Teacher\outputs\eval\super_teacher_random_hpe_all_combinations.csv,csv,superteacher,Super-Teacher,depth+lidar+mmwave,,random,pa_mpjpe,0.3464268066465509,lower_better,,,yes,no,yes,discussion,Exploratory only; not part of the main contribution.,high
E:\Deskbook\Tea\Super-Teacher\outputs\eval\super_teacher_random_hpe_all_combinations.csv,csv,superteacher,Super-Teacher,depth+lidar+wifi-csi,,random,mse,3.55384410431088,lower_better,,,yes,no,yes,discussion,Exploratory only; not part of the main contribution.,high
E:\Deskbook\Tea\Super-Teacher\outputs\eval\super_teacher_random_hpe_all_combinations.csv,csv,superteacher,Super-Teacher,depth+lidar+wifi-csi,,random,mpjpe,3.226412189825914,lower_better,,,yes,no,yes,discussion,Exploratory only; not part of the main contribution.,high
E:\Deskbook\Tea\Super-Teacher\outputs\eval\super_teacher_random_hpe_all_combinations.csv,csv,superteacher,Super-Teacher,depth+lidar+wifi-csi,,random,pa_mpjpe,0.3874287367430335,lower_better,,,yes,no,yes,discussion,Exploratory only; not part of the main contribution.,high
E:\Deskbook\Tea\Super-Teacher\outputs\eval\super_teacher_random_hpe_all_combinations.csv,csv,superteacher,Super-Teacher,depth+mmwave+wifi-csi,,random,mse,2.446807446942423,lower_better,,,yes,no,yes,discussion,Exploratory only; not part of the main contribution.,high
E:\Deskbook\Tea\Super-Teacher\outputs\eval\super_teacher_random_hpe_all_combinations.csv,csv,superteacher,Super-Teacher,depth+mmwave+wifi-csi,,random,mpjpe,2.5890603259490126,lower_better,,,yes,no,yes,discussion,Exploratory only; not part of the main contribution.,high
E:\Deskbook\Tea\Super-Teacher\outputs\eval\super_teacher_random_hpe_all_combinations.csv,csv,superteacher,Super-Teacher,depth+mmwave+wifi-csi,,random,pa_mpjpe,0.3331572055769744,lower_better,,,yes,no,yes,discussion,Exploratory only; not part of the main contribution.,high
E:\Deskbook\Tea\Super-Teacher\outputs\eval\super_teacher_random_hpe_all_combinations.csv,csv,superteacher,Super-Teacher,lidar+mmwave+wifi-csi,,random,mse,1.676074107540027,lower_better,,,yes,no,yes,discussion,Exploratory only; not part of the main contribution.,high
E:\Deskbook\Tea\Super-Teacher\outputs\eval\super_teacher_random_hpe_all_combinations.csv,csv,superteacher,Super-Teacher,lidar+mmwave+wifi-csi,,random,mpjpe,2.127954667368826,lower_better,,,yes,no,yes,discussion,Exploratory only; not part of the main contribution.,high
E:\Deskbook\Tea\Super-Teacher\outputs\eval\super_teacher_random_hpe_all_combinations.csv,csv,superteacher,Super-Teacher,lidar+mmwave+wifi-csi,,random,pa_mpjpe,0.3149103789146554,lower_better,,,yes,no,yes,discussion,Exploratory only; not part of the main contribution.,high
E:\Deskbook\Tea\Super-Teacher\outputs\eval\super_teacher_random_hpe_all_combinations.csv,csv,superteacher,Super-Teacher,vk+depth+lidar+mmwave,,random,mse,0.0018514127958106502,lower_better,,,yes,no,yes,discussion,Exploratory only; not part of the main contribution.,high
E:\Deskbook\Tea\Super-Teacher\outputs\eval\super_teacher_random_hpe_all_combinations.csv,csv,superteacher,Super-Teacher,vk+depth+lidar+mmwave,,random,mpjpe,0.05866001576346892,lower_better,,,yes,no,yes,discussion,Exploratory only; not part of the main contribution.,high
E:\Deskbook\Tea\Super-Teacher\outputs\eval\super_teacher_random_hpe_all_combinations.csv,csv,superteacher,Super-Teacher,vk+depth+lidar+mmwave,,random,pa_mpjpe,0.03404740607232582,lower_better,,,yes,no,yes,discussion,Exploratory only; not part of the main contribution.,high
E:\Deskbook\Tea\Super-Teacher\outputs\eval\super_teacher_random_hpe_all_combinations.csv,csv,superteacher,Super-Teacher,vk+depth+lidar+wifi-csi,,random,mse,0.0026126103645834242,lower_better,,,yes,no,yes,discussion,Exploratory only; not part of the main contribution.,high
E:\Deskbook\Tea\Super-Teacher\outputs\eval\super_teacher_random_hpe_all_combinations.csv,csv,superteacher,Super-Teacher,vk+depth+lidar+wifi-csi,,random,mpjpe,0.07180431052254521,lower_better,,,yes,no,yes,discussion,Exploratory only; not part of the main contribution.,high
E:\Deskbook\Tea\Super-Teacher\outputs\eval\super_teacher_random_hpe_all_combinations.csv,csv,superteacher,Super-Teacher,vk+depth+lidar+wifi-csi,,random,pa_mpjpe,0.03282695705184319,lower_better,,,yes,no,yes,discussion,Exploratory only; not part of the main contribution.,high
E:\Deskbook\Tea\Super-Teacher\outputs\eval\super_teacher_random_hpe_all_combinations.csv,csv,superteacher,Super-Teacher,vk+depth+mmwave+wifi-csi,,random,mse,0.001863697347217737,lower_better,,,yes,no,yes,discussion,Exploratory only; not part of the main contribution.,high
E:\Deskbook\Tea\Super-Teacher\outputs\eval\super_teacher_random_hpe_all_combinations.csv,csv,superteacher,Super-Teacher,vk+depth+mmwave+wifi-csi,,random,mpjpe,0.058687086193761354,lower_better,,,yes,no,yes,discussion,Exploratory only; not part of the main contribution.,high
E:\Deskbook\Tea\Super-Teacher\outputs\eval\super_teacher_random_hpe_all_combinations.csv,csv,superteacher,Super-Teacher,vk+depth+mmwave+wifi-csi,,random,pa_mpjpe,0.03116485317577347,lower_better,,,yes,no,yes,discussion,Exploratory only; not part of the main contribution.,high
E:\Deskbook\Tea\Super-Teacher\outputs\eval\super_teacher_random_hpe_all_combinations.csv,csv,superteacher,Super-Teacher,vk+lidar+mmwave+wifi-csi,,random,mse,0.011865597929948834,lower_better,,,yes,no,yes,discussion,Exploratory only; not part of the main contribution.,high
E:\Deskbook\Tea\Super-Teacher\outputs\eval\super_teacher_random_hpe_all_combinations.csv,csv,superteacher,Super-Teacher,vk+lidar+mmwave+wifi-csi,,random,mpjpe,0.1628621321648623,lower_better,,,yes,no,yes,discussion,Exploratory only; not part of the main contribution.,high
E:\Deskbook\Tea\Super-Teacher\outputs\eval\super_teacher_random_hpe_all_combinations.csv,csv,superteacher,Super-Teacher,vk+lidar+mmwave+wifi-csi,,random,pa_mpjpe,0.07273548933899135,lower_better,,,yes,no,yes,discussion,Exploratory only; not part of the main contribution.,high
E:\Deskbook\Tea\Super-Teacher\outputs\eval\super_teacher_random_hpe_all_combinations.csv,csv,superteacher,Super-Teacher,depth+lidar+mmwave+wifi-csi,,random,mse,2.7019588198726026,lower_better,,,yes,no,yes,discussion,Exploratory only; not part of the main contribution.,high
E:\Deskbook\Tea\Super-Teacher\outputs\eval\super_teacher_random_hpe_all_combinations.csv,csv,superteacher,Super-Teacher,depth+lidar+mmwave+wifi-csi,,random,mpjpe,2.7218334831372655,lower_better,,,yes,no,yes,discussion,Exploratory only; not part of the main contribution.,high
E:\Deskbook\Tea\Super-Teacher\outputs\eval\super_teacher_random_hpe_all_combinations.csv,csv,superteacher,Super-Teacher,depth+lidar+mmwave+wifi-csi,,random,pa_mpjpe,0.33898896288449104,lower_better,,,yes,no,yes,discussion,Exploratory only; not part of the main contribution.,high
E:\Deskbook\Tea\Super-Teacher\outputs\eval\super_teacher_random_hpe_all_combinations.csv,csv,superteacher,Super-Teacher,vk+depth+lidar+mmwave+wifi-csi,,random,mse,0.0019135057571930756,lower_better,,,yes,no,yes,discussion,Exploratory only; not part of the main contribution.,high
E:\Deskbook\Tea\Super-Teacher\outputs\eval\super_teacher_random_hpe_all_combinations.csv,csv,superteacher,Super-Teacher,vk+depth+lidar+mmwave+wifi-csi,,random,mpjpe,0.059782269826916805,lower_better,,,yes,no,yes,discussion,Exploratory only; not part of the main contribution.,high
E:\Deskbook\Tea\Super-Teacher\outputs\eval\super_teacher_random_hpe_all_combinations.csv,csv,superteacher,Super-Teacher,vk+depth+lidar+mmwave+wifi-csi,,random,pa_mpjpe,0.031157264134181184,lower_better,,,yes,no,yes,discussion,Exploratory only; not part of the main contribution.,high
E:\Deskbook\Tea\Super-Teacher\outputs\super_har_student_nv\dependencies.txt,txt,student_vk_nv,VK-RMD Student-NV,,,,,,,,,yes,no,no,main_table,Text/log parsed but no recognized metric pattern was found.,medium
E:\Deskbook\Tea\Super-Teacher\outputs\super_har_student_nv\experiment_info.json,json,student_vk_nv,VK-RMD Student-NV,,,,,,,,,yes,no,no,main_table,JSON parsed but no recognized metric key was found.,high
E:\Deskbook\Tea\Super-Teacher\outputs\super_har_student_vk\dependencies.txt,txt,full_combination,VK-RMD Student-VK,,,,,,,,,yes,no,no,main_table,Text/log parsed but no recognized metric pattern was found.,medium
E:\Deskbook\Tea\Super-Teacher\outputs\super_har_student_vk\epoch_history.csv,csv,full_combination,VK-RMD Student-VK,,,,,,,,,yes,no,no,main_table,CSV parsed but no recognized metric column was found.,high
E:\Deskbook\Tea\Super-Teacher\outputs\super_har_student_vk\experiment_info.json,json,full_combination,VK-RMD Student-VK,,,,,,,,,yes,no,no,main_table,JSON parsed but no recognized metric key was found.,high
E:\Deskbook\Tea\Super-Teacher\outputs\super_hpe_student_nv\dependencies.txt,txt,student_vk_nv,VK-RMD Student-NV,,,,,,,,,yes,no,no,main_table,Text/log parsed but no recognized metric pattern was found.,medium
E:\Deskbook\Tea\Super-Teacher\outputs\super_hpe_student_nv\epoch_history.csv,csv,student_vk_nv,VK-RMD Student-NV,,,,,,,,,yes,no,no,main_table,CSV parsed but no recognized metric column was found.,high
E:\Deskbook\Tea\Super-Teacher\outputs\super_hpe_student_nv\experiment_info.json,json,student_vk_nv,VK-RMD Student-NV,,,,,,,,,yes,no,no,main_table,JSON parsed but no recognized metric key was found.,high
E:\Deskbook\Tea\Super-Teacher\outputs\super_hpe_student_nv\final_eval_hpe.csv,csv,student_vk_nv,Super-HPE-Student,depth+lidar+mmwave+wifi-csi,,,mse,0.0019076790559382393,lower_better,,,yes,no,no,main_table,"Directly supports VK replacement, FSG, missing-modality robustness, or baseline comparison.",high
E:\Deskbook\Tea\Super-Teacher\outputs\super_hpe_student_nv\final_eval_hpe.csv,csv,student_vk_nv,Super-HPE-Student,depth+lidar+mmwave+wifi-csi,,,mpjpe,0.05970885332203191,lower_better,,,yes,no,no,main_table,"Directly supports VK replacement, FSG, missing-modality robustness, or baseline comparison.",high
E:\Deskbook\Tea\Super-Teacher\outputs\super_hpe_student_nv\final_eval_hpe.csv,csv,student_vk_nv,Super-HPE-Student,depth+lidar+mmwave+wifi-csi,,,pa_mpjpe,0.03312772045863262,lower_better,,,yes,no,no,main_table,"Directly supports VK replacement, FSG, missing-modality robustness, or baseline comparison.",high
E:\Deskbook\Tea\Super-Teacher\outputs\super_hpe_student_nv\final_eval_hpe.md,md,student_vk_nv,VK-RMD Student-NV,,,,,,,,,yes,no,no,main_table,Text/log parsed but no recognized metric pattern was found.,medium
E:\Deskbook\Tea\Super-Teacher\outputs\super_hpe_student_nv\final_summary.json,json,student_vk_nv,VK-RMD Student-NV,,,,mse,0.0019076790559382393,lower_better,,,yes,no,no,main_table,"Directly supports VK replacement, FSG, missing-modality robustness, or baseline comparison.",high
E:\Deskbook\Tea\Super-Teacher\outputs\super_hpe_student_nv\final_summary.json,json,student_vk_nv,VK-RMD Student-NV,,,,mpjpe,0.05970885332203191,lower_better,,,yes,no,no,main_table,"Directly supports VK replacement, FSG, missing-modality robustness, or baseline comparison.",high
E:\Deskbook\Tea\Super-Teacher\outputs\super_hpe_student_nv\final_summary.json,json,student_vk_nv,VK-RMD Student-NV,,,,pa_mpjpe,0.03312772045863262,lower_better,,,yes,no,no,main_table,"Directly supports VK replacement, FSG, missing-modality robustness, or baseline comparison.",high
E:\Deskbook\Tea\Super-Teacher\outputs\super_hpe_student_vk\dependencies.txt,txt,full_combination,VK-RMD Student-VK,,,,,,,,,yes,no,no,main_table,Text/log parsed but no recognized metric pattern was found.,medium
E:\Deskbook\Tea\Super-Teacher\outputs\super_hpe_student_vk\epoch_history.csv,csv,full_combination,VK-RMD Student-VK,,,,,,,,,yes,no,no,main_table,CSV parsed but no recognized metric column was found.,high
E:\Deskbook\Tea\Super-Teacher\outputs\super_hpe_student_vk\experiment_info.json,json,full_combination,VK-RMD Student-VK,,,,,,,,,yes,no,no,main_table,JSON parsed but no recognized metric key was found.,high
E:\Deskbook\Tea\Super-Teacher\outputs\super_teacher\dependencies.txt,txt,superteacher,full-modality teacher,,,,,,,,,yes,no,yes,discussion,Text/log parsed but no recognized metric pattern was found.,medium
E:\Deskbook\Tea\Super-Teacher\outputs\super_teacher\epoch_history.csv,csv,superteacher,full-modality teacher,,,,,,,,,yes,no,yes,discussion,CSV parsed but no recognized metric column was found.,high
E:\Deskbook\Tea\Super-Teacher\outputs\super_teacher\experiment_info.json,json,superteacher,full-modality teacher,,,,,,,,,yes,no,yes,discussion,JSON parsed but no recognized metric key was found.,high
E:\Deskbook\Tea\Super-Teacher\outputs\super_teacher\final_eval_har.csv,csv,superteacher,Super-Teacher,vk+depth+lidar+mmwave,,,acc,0.9055992018954981,higher_better,,,yes,no,yes,discussion,Exploratory only; not part of the main contribution.,high
E:\Deskbook\Tea\Super-Teacher\outputs\super_teacher\final_eval_har.csv,csv,superteacher,Super-Teacher,vk+depth+lidar+mmwave,,,macro_f1,0.9056643675660354,higher_better,,,yes,no,yes,discussion,Exploratory only; not part of the main contribution.,high
E:\Deskbook\Tea\Super-Teacher\outputs\super_teacher\final_eval_har.md,md,superteacher,full-modality teacher,,,,,,,,,yes,no,yes,discussion,Text/log parsed but no recognized metric pattern was found.,medium
E:\Deskbook\Tea\Super-Teacher\outputs\super_teacher\final_eval_hpe.csv,csv,superteacher,Super-Teacher,vk+depth+lidar+mmwave+wifi-csi,,,mse,0.0019134342368325565,lower_better,,,yes,no,yes,discussion,Exploratory only; not part of the main contribution.,high
E:\Deskbook\Tea\Super-Teacher\outputs\super_teacher\final_eval_hpe.csv,csv,superteacher,Super-Teacher,vk+depth+lidar+mmwave+wifi-csi,,,mpjpe,0.05978134061250622,lower_better,,,yes,no,yes,discussion,Exploratory only; not part of the main contribution.,high
E:\Deskbook\Tea\Super-Teacher\outputs\super_teacher\final_eval_hpe.csv,csv,superteacher,Super-Teacher,vk+depth+lidar+mmwave+wifi-csi,,,pa_mpjpe,0.03115829325565856,lower_better,,,yes,no,yes,discussion,Exploratory only; not part of the main contribution.,high
E:\Deskbook\Tea\Super-Teacher\outputs\super_teacher\final_eval_hpe.md,md,superteacher,full-modality teacher,,,,,,,,,yes,no,yes,discussion,Text/log parsed but no recognized metric pattern was found.,medium
E:\Deskbook\Tea\Super-Teacher\outputs\super_teacher\final_summary.json,json,superteacher,full-modality teacher,,,,mse,0.0019134342368325565,lower_better,,,yes,no,yes,discussion,Exploratory only; not part of the main contribution.,high
E:\Deskbook\Tea\Super-Teacher\outputs\super_teacher\final_summary.json,json,superteacher,full-modality teacher,,,,mpjpe,0.05978134061250622,lower_better,,,yes,no,yes,discussion,Exploratory only; not part of the main contribution.,high
E:\Deskbook\Tea\Super-Teacher\outputs\super_teacher\final_summary.json,json,superteacher,full-modality teacher,,,,pa_mpjpe,0.03115829325565856,lower_better,,,yes,no,yes,discussion,Exploratory only; not part of the main contribution.,high
E:\Deskbook\Tea\Super-Teacher\outputs\super_teacher\final_summary.json,json,superteacher,full-modality teacher,,,,acc,0.9055992018954981,higher_better,,,yes,no,yes,discussion,Exploratory only; not part of the main contribution.,high
E:\Deskbook\Tea\Super-Teacher\outputs\super_teacher\final_summary.json,json,superteacher,full-modality teacher,,,,macro_f1,0.9056643675660354,higher_better,,,yes,no,yes,discussion,Exploratory only; not part of the main contribution.,high
E:\Deskbook\Tea\Super-Teacher\outputs\super_teacher_cross_scene\dependencies.txt,txt,cross_scene,full-modality teacher,,,cross-scene,,,,,,yes,no,no,discussion,Text/log parsed but no recognized metric pattern was found.,medium
E:\Deskbook\Tea\Super-Teacher\outputs\super_teacher_cross_scene\epoch_history.csv,csv,cross_scene,full-modality teacher,,,cross-scene,,,,,,yes,no,no,discussion,CSV parsed but no recognized metric column was found.,high
E:\Deskbook\Tea\Super-Teacher\outputs\super_teacher_cross_scene\experiment_info.json,json,cross_scene,full-modality teacher,,,cross-scene,,,,,,yes,no,no,discussion,JSON parsed but no recognized metric key was found.,high
E:\Deskbook\Tea\Super-Teacher\outputs\super_teacher_har_only\dependencies.txt,txt,superteacher,full-modality teacher,,,,,,,,,yes,no,yes,discussion,Text/log parsed but no recognized metric pattern was found.,medium
E:\Deskbook\Tea\Super-Teacher\outputs\super_teacher_har_only\experiment_info.json,json,superteacher,full-modality teacher,,,,,,,,,yes,no,yes,discussion,JSON parsed but no recognized metric key was found.,high
E:\Deskbook\Tea\Super-Teacher\outputs\super_teacher_hpe_only\dependencies.txt,txt,superteacher,full-modality teacher,,,,,,,,,yes,no,yes,discussion,Text/log parsed but no recognized metric pattern was found.,medium
E:\Deskbook\Tea\Super-Teacher\outputs\super_teacher_hpe_only\experiment_info.json,json,superteacher,full-modality teacher,,,,,,,,,yes,no,yes,discussion,JSON parsed but no recognized metric key was found.,high
E:\Deskbook\Tea\Super-Teacher\outputs\super_runs\20260606_142727\manifest.json,json,superteacher,full-modality teacher,,,,,,,,,yes,no,yes,discussion,JSON parsed but no recognized metric key was found.,high
E:\Deskbook\Tea\Super-Teacher\outputs\super_runs\20260606_142727\status.csv,csv,superteacher,full-modality teacher,,,,,,,,,yes,no,yes,discussion,CSV parsed but no recognized metric column was found.,high
E:\Deskbook\Tea\Super-Teacher\outputs\super_runs\20260611_103718\manifest.json,json,superteacher,full-modality teacher,,,,,,,,,yes,no,yes,discussion,JSON parsed but no recognized metric key was found.,high
E:\Deskbook\Tea\Super-Teacher\outputs\super_runs\20260611_103718\status.csv,csv,superteacher,full-modality teacher,,,,,,,,,yes,no,yes,discussion,CSV parsed but no recognized metric column was found.,high
E:\Deskbook\Tea\Super-Teacher\outputs\super_runs\20260613_112011\manifest.json,json,superteacher,full-modality teacher,,,,,,,,,yes,no,yes,discussion,JSON parsed but no recognized metric key was found.,high
E:\Deskbook\Tea\Super-Teacher\outputs\super_runs\20260613_112011\status.csv,csv,superteacher,full-modality teacher,,,,,,,,,yes,no,yes,discussion,CSV parsed but no recognized metric column was found.,high
E:\Deskbook\Tea\Super-Teacher\outputs\super_runs\20260613_112307\manifest.json,json,superteacher,full-modality teacher,,,,,,,,,yes,no,yes,discussion,JSON parsed but no recognized metric key was found.,high
E:\Deskbook\Tea\Super-Teacher\outputs\super_runs\20260613_112307\status.csv,csv,superteacher,full-modality teacher,,,,,,,,,yes,no,yes,discussion,CSV parsed but no recognized metric column was found.,high
E:\Deskbook\Tea\Super-Teacher\outputs\super_runs\20260606_142727\logs\random_hpe_students_train.log,log,superteacher,full-modality teacher,,,random,loss,0.298681,,,,yes,no,yes,discussion,Metric extracted from text/log pattern.,medium
E:\Deskbook\Tea\Super-Teacher\outputs\super_runs\20260606_142727\logs\random_hpe_students_train.log,log,superteacher,full-modality teacher,,,random,loss,0.134847,,,,yes,no,yes,discussion,Metric extracted from text/log pattern.,medium
E:\Deskbook\Tea\Super-Teacher\outputs\super_runs\20260606_142727\logs\random_hpe_students_train.log,log,superteacher,full-modality teacher,,,random,loss,0.113696,,,,yes,no,yes,discussion,Metric extracted from text/log pattern.,medium
E:\Deskbook\Tea\Super-Teacher\outputs\super_runs\20260606_142727\logs\random_hpe_students_train.log,log,superteacher,full-modality teacher,,,random,loss,0.104577,,,,yes,no,yes,discussion,Metric extracted from text/log pattern.,medium
E:\Deskbook\Tea\Super-Teacher\outputs\super_runs\20260606_142727\logs\random_hpe_students_train.log,log,superteacher,full-modality teacher,,,random,loss,0.101083,,,,yes,no,yes,discussion,Metric extracted from text/log pattern.,medium
E:\Deskbook\Tea\Super-Teacher\outputs\super_runs\20260606_142727\logs\random_hpe_students_train.log,log,superteacher,full-modality teacher,,,random,best_metric,0.068626,,,,yes,no,yes,discussion,Metric extracted from text/log pattern.,medium
E:\Deskbook\Tea\Super-Teacher\outputs\super_runs\20260606_142727\logs\random_hpe_students_train.log,log,superteacher,full-modality teacher,,,random,loss,0.099012,,,,yes,no,yes,discussion,Metric extracted from text/log pattern.,medium
E:\Deskbook\Tea\Super-Teacher\outputs\super_runs\20260606_142727\logs\random_hpe_students_train.log,log,superteacher,full-modality teacher,,,random,best_metric,0.068626,,,,yes,no,yes,discussion,Metric extracted from text/log pattern.,medium
E:\Deskbook\Tea\Super-Teacher\outputs\super_runs\20260606_142727\logs\random_hpe_students_train.log,log,superteacher,full-modality teacher,,,random,loss,0.096302,,,,yes,no,yes,discussion,Metric extracted from text/log pattern.,medium
E:\Deskbook\Tea\Super-Teacher\outputs\super_runs\20260606_142727\logs\random_hpe_students_train.log,log,superteacher,full-modality teacher,,,random,best_metric,0.068626,,,,yes,no,yes,discussion,Metric extracted from text/log pattern.,medium
E:\Deskbook\Tea\Super-Teacher\outputs\super_runs\20260606_142727\logs\random_hpe_students_train.log,log,superteacher,full-modality teacher,,,random,loss,0.090297,,,,yes,no,yes,discussion,Metric extracted from text/log pattern.,medium
E:\Deskbook\Tea\Super-Teacher\outputs\super_runs\20260606_142727\logs\random_hpe_students_train.log,log,superteacher,full-modality teacher,,,random,best_metric,0.068626,,,,yes,no,yes,discussion,Metric extracted from text/log pattern.,medium
E:\Deskbook\Tea\Super-Teacher\outputs\super_runs\20260606_142727\logs\random_hpe_students_train.log,log,superteacher,full-modality teacher,,,random,loss,0.089619,,,,yes,no,yes,discussion,Metric extracted from text/log pattern.,medium
E:\Deskbook\Tea\Super-Teacher\outputs\super_runs\20260606_142727\logs\random_hpe_students_train.log,log,superteacher,full-modality teacher,,,random,best_metric,0.068626,,,,yes,no,yes,discussion,Metric extracted from text/log pattern.,medium
E:\Deskbook\Tea\Super-Teacher\outputs\super_runs\20260606_142727\logs\random_hpe_students_train.log,log,superteacher,full-modality teacher,,,random,loss,0.086787,,,,yes,no,yes,discussion,Metric extracted from text/log pattern.,medium
E:\Deskbook\Tea\Super-Teacher\outputs\super_runs\20260606_142727\logs\random_hpe_students_train.log,log,superteacher,full-modality teacher,,,random,best_metric,0.061420,,,,yes,no,yes,discussion,Metric extracted from text/log pattern.,medium
E:\Deskbook\Tea\Super-Teacher\outputs\super_runs\20260606_142727\logs\random_hpe_students_train.log,log,superteacher,full-modality teacher,,,random,loss,0.084801,,,,yes,no,yes,discussion,Metric extracted from text/log pattern.,medium
E:\Deskbook\Tea\Super-Teacher\outputs\super_runs\20260606_142727\logs\random_hpe_students_train.log,log,superteacher,full-modality teacher,,,random,best_metric,0.061420,,,,yes,no,yes,discussion,Metric extracted from text/log pattern.,medium
E:\Deskbook\Tea\Super-Teacher\outputs\super_runs\20260606_142727\logs\random_hpe_students_train.log,log,superteacher,full-modality teacher,,,random,loss,0.083678,,,,yes,no,yes,discussion,Metric extracted from text/log pattern.,medium
E:\Deskbook\Tea\Super-Teacher\outputs\super_runs\20260606_142727\logs\random_hpe_students_train.log,log,superteacher,full-modality teacher,,,random,best_metric,0.061420,,,,yes,no,yes,discussion,Metric extracted from text/log pattern.,medium
E:\Deskbook\Tea\Super-Teacher\outputs\super_runs\20260606_142727\logs\random_hpe_student_vk_eval31.log,log,full_combination,VK-RMD Student-VK,,,random,,,,,,yes,no,no,main_table,Text/log parsed but no recognized metric pattern was found.,medium
E:\Deskbook\Tea\Super-Teacher\outputs\super_runs\20260606_142727\logs\random_super_teacher_har_eval.log,log,superteacher,full-modality teacher,,,random,,,,,,yes,no,yes,discussion,Text/log parsed but no recognized metric pattern was found.,medium
E:\Deskbook\Tea\Super-Teacher\outputs\super_runs\20260606_142727\logs\random_super_teacher_hpe_eval31.log,log,superteacher,full-modality teacher,,,random,,,,,,yes,no,yes,discussion,Text/log parsed but no recognized metric pattern was found.,medium
E:\Deskbook\Tea\outputs\rgb_subset_manifest\manifest.csv,csv,unknown,manifest,,,,,,,,,no,no,no,discard,CSV parsed but no recognized metric column was found.,high
E:\Deskbook\Tea\outputs\rgb_subset_manifest\split_summary.md,md,unknown,split_summary,,,,,,,,,no,no,no,discard,Text/log parsed but no recognized metric pattern was found.,medium
E:\Deskbook\Tea\outputs\rgb_subset_runs\vkrmd_20260704_012220\manifest.json,json,unknown,manifest,,,,,,,,,no,no,no,discard,JSON parsed but no recognized metric key was found.,high
E:\Deskbook\Tea\outputs\rgb_subset_runs\vkrmd_20260704_012220\status.csv,csv,unknown,status,,,,,,,,,no,no,no,discard,CSV parsed but no recognized metric column was found.,high
E:\Deskbook\Tea\outputs\rgb_subset_runs\xfi_rgb_20260704_012234\manifest.json,json,xfi_baseline,X-Fi baseline,,,,,,,,,no,yes,no,main_table,JSON parsed but no recognized metric key was found.,high
E:\Deskbook\Tea\outputs\rgb_subset_runs\xfi_rgb_20260704_012234\status.csv,csv,xfi_baseline,X-Fi baseline,,,,,,,,,no,yes,no,main_table,CSV parsed but no recognized metric column was found.,high
E:\Deskbook\Tea\outputs\rgb_subset_runs\xfi_rgb_20260704_203150\manifest.json,json,xfi_baseline,X-Fi baseline,,,,,,,,,no,yes,no,main_table,JSON parsed but no recognized metric key was found.,high
E:\Deskbook\Tea\outputs\rgb_subset_runs\xfi_rgb_20260704_203150\status.csv,csv,xfi_baseline,X-Fi baseline,,,,,,,,,no,yes,no,main_table,CSV parsed but no recognized metric column was found.,high
E:\Deskbook\Tea\outputs\fast_extras_runs\20260701_161924\manifest.json,json,unknown,manifest,,,,,,,,,no,no,no,discard,JSON parsed but no recognized metric key was found.,high
E:\Deskbook\Tea\outputs\fast_extras_runs\20260701_161924\status.csv,csv,unknown,status,,,,,,,,,no,no,no,discard,CSV parsed but no recognized metric column was found.,high
E:\Deskbook\Tea\outputs\fast_extras_runs\20260701_161955\manifest.json,json,unknown,manifest,,,,,,,,,no,no,no,discard,JSON parsed but no recognized metric key was found.,high
E:\Deskbook\Tea\outputs\fast_extras_runs\20260701_161955\status.csv,csv,unknown,status,,,,,,,,,no,no,no,discard,CSV parsed but no recognized metric column was found.,high
E:\Deskbook\Tea\outputs\fast_extras_runs\20260701_170750\manifest.json,json,unknown,manifest,,,,,,,,,no,no,no,discard,JSON parsed but no recognized metric key was found.,high
E:\Deskbook\Tea\outputs\fast_extras_runs\20260701_170750\status.csv,csv,unknown,status,,,,,,,,,no,no,no,discard,CSV parsed but no recognized metric column was found.,high
E:\Deskbook\Tea\outputs\fast_extras_runs\20260701_172344\manifest.json,json,unknown,manifest,,,,,,,,,no,no,no,discard,JSON parsed but no recognized metric key was found.,high
E:\Deskbook\Tea\outputs\fast_extras_runs\20260701_172344\status.csv,csv,unknown,status,,,,,,,,,no,no,no,discard,CSV parsed but no recognized metric column was found.,high
E:\Deskbook\Tea\outputs\fast_extras_runs\20260701_172919\manifest.json,json,unknown,manifest,,,,,,,,,no,no,no,discard,JSON parsed but no recognized metric key was found.,high
E:\Deskbook\Tea\outputs\fast_extras_runs\20260701_172919\status.csv,csv,unknown,status,,,,,,,,,no,no,no,discard,CSV parsed but no recognized metric column was found.,high
E:\Deskbook\Tea\outputs\fast_extras_runs\20260701_172919\logs\har_reliability_corruption.log,log,reliability,har_reliability_corruption,,,,acc,0.997500,higher_better,,,yes,no,no,figure,Metric extracted from text/log pattern.,medium
E:\Deskbook\Tea\outputs\fast_extras_runs\20260701_172919\logs\har_reliability_corruption.log,log,reliability,har_reliability_corruption,,,,macro_f1,0.748615,higher_better,,,yes,no,no,figure,Metric extracted from text/log pattern.,medium
E:\Deskbook\Tea\outputs\fast_extras_runs\20260701_172919\logs\har_reliability_corruption.log,log,reliability,har_reliability_corruption,,,,acc,0.996250,higher_better,,,yes,no,no,figure,Metric extracted from text/log pattern.,medium
E:\Deskbook\Tea\outputs\fast_extras_runs\20260701_172919\logs\har_reliability_corruption.log,log,reliability,har_reliability_corruption,,,,macro_f1,0.598554,higher_better,,,yes,no,no,figure,Metric extracted from text/log pattern.,medium
E:\Deskbook\Tea\outputs\fast_extras_runs\20260701_172919\logs\har_reliability_corruption.log,log,reliability,har_reliability_corruption,,,,acc,0.970000,higher_better,,,yes,no,no,figure,Metric extracted from text/log pattern.,medium
E:\Deskbook\Tea\outputs\fast_extras_runs\20260701_172919\logs\har_reliability_corruption.log,log,reliability,har_reliability_corruption,,,,macro_f1,0.345325,higher_better,,,yes,no,no,figure,Metric extracted from text/log pattern.,medium
E:\Deskbook\Tea\outputs\fast_extras_runs\20260701_172919\logs\har_reliability_corruption.log,log,reliability,har_reliability_corruption,,,,acc,0.998750,higher_better,,,yes,no,no,figure,Metric extracted from text/log pattern.,medium
E:\Deskbook\Tea\outputs\fast_extras_runs\20260701_172919\logs\har_reliability_corruption.log,log,reliability,har_reliability_corruption,,,,macro_f1,0.856043,higher_better,,,yes,no,no,figure,Metric extracted from text/log pattern.,medium
E:\Deskbook\Tea\outputs\fast_extras_runs\20260701_172919\logs\har_reliability_corruption.log,log,reliability,har_reliability_corruption,,,,acc,0.901875,higher_better,,,yes,no,no,figure,Metric extracted from text/log pattern.,medium
E:\Deskbook\Tea\outputs\fast_extras_runs\20260701_172919\logs\har_reliability_corruption.log,log,reliability,har_reliability_corruption,,,,macro_f1,0.283500,higher_better,,,yes,no,no,figure,Metric extracted from text/log pattern.,medium
E:\Deskbook\Tea\outputs\fast_extras_runs\20260701_172919\logs\hpe_reliability_corruption.log,log,reliability,hpe_reliability_corruption,,,,mpjpe,0.045052,lower_better,,,yes,no,no,figure,Metric extracted from text/log pattern.,medium
E:\Deskbook\Tea\outputs\fast_extras_runs\20260701_172919\logs\hpe_reliability_corruption.log,log,reliability,hpe_reliability_corruption,,,,mpjpe,0.048727,lower_better,,,yes,no,no,figure,Metric extracted from text/log pattern.,medium
E:\Deskbook\Tea\outputs\fast_extras_runs\20260701_172919\logs\hpe_reliability_corruption.log,log,reliability,hpe_reliability_corruption,,,,mpjpe,0.332668,lower_better,,,yes,no,no,figure,Metric extracted from text/log pattern.,medium
E:\Deskbook\Tea\outputs\fast_extras_runs\20260701_172919\logs\hpe_reliability_corruption.log,log,reliability,hpe_reliability_corruption,,,,mpjpe,0.052909,lower_better,,,yes,no,no,figure,Metric extracted from text/log pattern.,medium
E:\Deskbook\Tea\outputs\fast_extras_runs\20260701_172919\logs\hpe_reliability_corruption.log,log,reliability,hpe_reliability_corruption,,,,mpjpe,0.046560,lower_better,,,yes,no,no,figure,Metric extracted from text/log pattern.,medium
E:\Deskbook\Tea\outputs\fast_extras_runs\20260701_172919\logs\hpe_reliability_corruption.log,log,reliability,hpe_reliability_corruption,,,,mpjpe,0.044548,lower_better,,,yes,no,no,figure,Metric extracted from text/log pattern.,medium
E:\Deskbook\Tea\outputs\fast_extras_runs\20260701_170750\logs\hpe_reliability_corruption.log,log,reliability,hpe_reliability_corruption,,,,,,,,,yes,no,no,figure,Text/log parsed but no recognized metric pattern was found.,medium
E:\Deskbook\Tea\outputs\body_latent_alignment_runs\20260701_175741\status.csv,csv,unknown,status,,,,,,,,,no,no,no,discard,CSV parsed but no recognized metric column was found.,high
E:\Deskbook\Tea\outputs\body_latent_alignment_runs\20260701_180425\status.csv,csv,unknown,status,,,,,,,,,no,no,no,discard,CSV parsed but no recognized metric column was found.,high
E:\Deskbook\Tea\outputs\body_latent_alignment_runs\20260701_180425\logs\har_body_latent_alignment.log,log,HAR,har_body_latent_alignment,,,,,,,,,yes,no,no,main_table,Text/log parsed but no recognized metric pattern was found.,medium
E:\Deskbook\Tea\outputs\body_latent_alignment_runs\20260701_180425\logs\hpe_body_latent_alignment.log,log,HPE,hpe_body_latent_alignment,,,,,,,,,yes,no,no,main_table,Text/log parsed but no recognized metric pattern was found.,medium
E:\Deskbook\Tea\origin-XFI\Ori-HPE\outputs\main_eval_20260511_052733.csv,csv,ori_baseline,X-Fi baseline,VK,,,mse,0.02756532,lower_better,,,no,yes,no,discard,Reproduced/legacy baseline; avoid using anomalous values as the main comparison.,high
E:\Deskbook\Tea\origin-XFI\Ori-HPE\outputs\main_eval_20260511_052733.csv,csv,ori_baseline,X-Fi baseline,VK,,,mpjpe,0.24681568,lower_better,,,no,yes,no,discard,Reproduced/legacy baseline; avoid using anomalous values as the main comparison.,high
E:\Deskbook\Tea\origin-XFI\Ori-HPE\outputs\main_eval_20260511_052733.csv,csv,ori_baseline,X-Fi baseline,VK,,,pampjpe,0.10394252,lower_better,,,no,yes,no,discard,Reproduced/legacy baseline; avoid using anomalous values as the main comparison.,high
E:\Deskbook\Tea\origin-XFI\Ori-HPE\outputs\main_eval_20260511_052733.csv,csv,ori_baseline,X-Fi baseline,Depth,,,mse,0.02746121,lower_better,,,no,yes,no,discard,Reproduced/legacy baseline; avoid using anomalous values as the main comparison.,high
E:\Deskbook\Tea\origin-XFI\Ori-HPE\outputs\main_eval_20260511_052733.csv,csv,ori_baseline,X-Fi baseline,Depth,,,mpjpe,0.24648527,lower_better,,,no,yes,no,discard,Reproduced/legacy baseline; avoid using anomalous values as the main comparison.,high
E:\Deskbook\Tea\origin-XFI\Ori-HPE\outputs\main_eval_20260511_052733.csv,csv,ori_baseline,X-Fi baseline,Depth,,,pampjpe,0.10339700,lower_better,,,no,yes,no,discard,Reproduced/legacy baseline; avoid using anomalous values as the main comparison.,high
E:\Deskbook\Tea\origin-XFI\Ori-HPE\outputs\main_eval_20260511_052733.csv,csv,ori_baseline,X-Fi baseline,Lidar,,,mse,0.02720944,lower_better,,,no,yes,no,discard,Reproduced/legacy baseline; avoid using anomalous values as the main comparison.,high
E:\Deskbook\Tea\origin-XFI\Ori-HPE\outputs\main_eval_20260511_052733.csv,csv,ori_baseline,X-Fi baseline,Lidar,,,mpjpe,0.24493983,lower_better,,,no,yes,no,discard,Reproduced/legacy baseline; avoid using anomalous values as the main comparison.,high
E:\Deskbook\Tea\origin-XFI\Ori-HPE\outputs\main_eval_20260511_052733.csv,csv,ori_baseline,X-Fi baseline,Lidar,,,pampjpe,0.10340293,lower_better,,,no,yes,no,discard,Reproduced/legacy baseline; avoid using anomalous values as the main comparison.,high
E:\Deskbook\Tea\origin-XFI\Ori-HPE\outputs\main_eval_20260511_052733.csv,csv,ori_baseline,X-Fi baseline,mmWave,,,mse,0.02710118,lower_better,,,no,yes,no,discard,Reproduced/legacy baseline; avoid using anomalous values as the main comparison.,high
E:\Deskbook\Tea\origin-XFI\Ori-HPE\outputs\main_eval_20260511_052733.csv,csv,ori_baseline,X-Fi baseline,mmWave,,,mpjpe,0.24424475,lower_better,,,no,yes,no,discard,Reproduced/legacy baseline; avoid using anomalous values as the main comparison.,high
E:\Deskbook\Tea\origin-XFI\Ori-HPE\outputs\main_eval_20260511_052733.csv,csv,ori_baseline,X-Fi baseline,mmWave,,,pampjpe,0.10341051,lower_better,,,no,yes,no,discard,Reproduced/legacy baseline; avoid using anomalous values as the main comparison.,high
E:\Deskbook\Tea\origin-XFI\Ori-HPE\outputs\main_eval_20260511_052733.csv,csv,ori_baseline,X-Fi baseline,WiFi-CSI,,,mse,0.02711223,lower_better,,,no,yes,no,discard,Reproduced/legacy baseline; avoid using anomalous values as the main comparison.,high
E:\Deskbook\Tea\origin-XFI\Ori-HPE\outputs\main_eval_20260511_052733.csv,csv,ori_baseline,X-Fi baseline,WiFi-CSI,,,mpjpe,0.24462578,lower_better,,,no,yes,no,discard,Reproduced/legacy baseline; avoid using anomalous values as the main comparison.,high
E:\Deskbook\Tea\origin-XFI\Ori-HPE\outputs\main_eval_20260511_052733.csv,csv,ori_baseline,X-Fi baseline,WiFi-CSI,,,pampjpe,0.10402724,lower_better,,,no,yes,no,discard,Reproduced/legacy baseline; avoid using anomalous values as the main comparison.,high
E:\Deskbook\Tea\origin-XFI\Ori-HPE\outputs\main_eval_20260511_052733.csv,csv,ori_baseline,X-Fi baseline,VK+Depth,,,mse,0.02758799,lower_better,,,no,yes,no,discard,Reproduced/legacy baseline; avoid using anomalous values as the main comparison.,high
E:\Deskbook\Tea\origin-XFI\Ori-HPE\outputs\main_eval_20260511_052733.csv,csv,ori_baseline,X-Fi baseline,VK+Depth,,,mpjpe,0.24662388,lower_better,,,no,yes,no,discard,Reproduced/legacy baseline; avoid using anomalous values as the main comparison.,high
E:\Deskbook\Tea\origin-XFI\Ori-HPE\outputs\main_eval_20260511_052733.csv,csv,ori_baseline,X-Fi baseline,VK+Depth,,,pampjpe,0.10356604,lower_better,,,no,yes,no,discard,Reproduced/legacy baseline; avoid using anomalous values as the main comparison.,high
E:\Deskbook\Tea\origin-XFI\Ori-HPE\outputs\main_eval_20260511_052733.csv,csv,ori_baseline,X-Fi baseline,VK+Lidar,,,mse,0.02729864,lower_better,,,no,yes,no,discard,Reproduced/legacy baseline; avoid using anomalous values as the main comparison.,high
E:\Deskbook\Tea\origin-XFI\Ori-HPE\outputs\main_eval_20260511_052733.csv,csv,ori_baseline,X-Fi baseline,VK+Lidar,,,mpjpe,0.24541376,lower_better,,,no,yes,no,discard,Reproduced/legacy baseline; avoid using anomalous values as the main comparison.,high
E:\Deskbook\Tea\origin-XFI\Ori-HPE\outputs\main_eval_20260511_052733.csv,csv,ori_baseline,X-Fi baseline,VK+Lidar,,,pampjpe,0.10341077,lower_better,,,no,yes,no,discard,Reproduced/legacy baseline; avoid using anomalous values as the main comparison.,high
E:\Deskbook\Tea\origin-XFI\Ori-HPE\outputs\main_eval_20260511_052733.csv,csv,ori_baseline,X-Fi baseline,VK+mmWave,,,mse,0.02723330,lower_better,,,no,yes,no,discard,Reproduced/legacy baseline; avoid using anomalous values as the main comparison.,high
E:\Deskbook\Tea\origin-XFI\Ori-HPE\outputs\main_eval_20260511_052733.csv,csv,ori_baseline,X-Fi baseline,VK+mmWave,,,mpjpe,0.24509328,lower_better,,,no,yes,no,discard,Reproduced/legacy baseline; avoid using anomalous values as the main comparison.,high
E:\Deskbook\Tea\origin-XFI\Ori-HPE\outputs\main_eval_20260511_052733.csv,csv,ori_baseline,X-Fi baseline,VK+mmWave,,,pampjpe,0.10349846,lower_better,,,no,yes,no,discard,Reproduced/legacy baseline; avoid using anomalous values as the main comparison.,high
E:\Deskbook\Tea\origin-XFI\Ori-HPE\outputs\main_eval_20260511_052733.csv,csv,ori_baseline,X-Fi baseline,VK+WiFi-CSI,,,mse,0.02717965,lower_better,,,no,yes,no,discard,Reproduced/legacy baseline; avoid using anomalous values as the main comparison.,high
E:\Deskbook\Tea\origin-XFI\Ori-HPE\outputs\main_eval_20260511_052733.csv,csv,ori_baseline,X-Fi baseline,VK+WiFi-CSI,,,mpjpe,0.24551795,lower_better,,,no,yes,no,discard,Reproduced/legacy baseline; avoid using anomalous values as the main comparison.,high
E:\Deskbook\Tea\origin-XFI\Ori-HPE\outputs\main_eval_20260511_052733.csv,csv,ori_baseline,X-Fi baseline,VK+WiFi-CSI,,,pampjpe,0.10357307,lower_better,,,no,yes,no,discard,Reproduced/legacy baseline; avoid using anomalous values as the main comparison.,high
E:\Deskbook\Tea\origin-XFI\Ori-HPE\outputs\main_eval_20260511_052733.csv,csv,ori_baseline,X-Fi baseline,Depth+Lidar,,,mse,0.02722585,lower_better,,,no,yes,no,discard,Reproduced/legacy baseline; avoid using anomalous values as the main comparison.,high
E:\Deskbook\Tea\origin-XFI\Ori-HPE\outputs\main_eval_20260511_052733.csv,csv,ori_baseline,X-Fi baseline,Depth+Lidar,,,mpjpe,0.24501917,lower_better,,,no,yes,no,discard,Reproduced/legacy baseline; avoid using anomalous values as the main comparison.,high
E:\Deskbook\Tea\origin-XFI\Ori-HPE\outputs\main_eval_20260511_052733.csv,csv,ori_baseline,X-Fi baseline,Depth+Lidar,,,pampjpe,0.10346173,lower_better,,,no,yes,no,discard,Reproduced/legacy baseline; avoid using anomalous values as the main comparison.,high
E:\Deskbook\Tea\origin-XFI\Ori-HPE\outputs\main_eval_20260511_052733.csv,csv,ori_baseline,X-Fi baseline,Depth+mmWave,,,mse,0.02714854,lower_better,,,no,yes,no,discard,Reproduced/legacy baseline; avoid using anomalous values as the main comparison.,high
E:\Deskbook\Tea\origin-XFI\Ori-HPE\outputs\main_eval_20260511_052733.csv,csv,ori_baseline,X-Fi baseline,Depth+mmWave,,,mpjpe,0.24412348,lower_better,,,no,yes,no,discard,Reproduced/legacy baseline; avoid using anomalous values as the main comparison.,high
E:\Deskbook\Tea\origin-XFI\Ori-HPE\outputs\main_eval_20260511_052733.csv,csv,ori_baseline,X-Fi baseline,Depth+mmWave,,,pampjpe,0.10355240,lower_better,,,no,yes,no,discard,Reproduced/legacy baseline; avoid using anomalous values as the main comparison.,high
E:\Deskbook\Tea\origin-XFI\Ori-HPE\outputs\main_eval_20260511_052733.csv,csv,ori_baseline,X-Fi baseline,Depth+WiFi-CSI,,,mse,0.02706304,lower_better,,,no,yes,no,discard,Reproduced/legacy baseline; avoid using anomalous values as the main comparison.,high
E:\Deskbook\Tea\origin-XFI\Ori-HPE\outputs\main_eval_20260511_052733.csv,csv,ori_baseline,X-Fi baseline,Depth+WiFi-CSI,,,mpjpe,0.24457346,lower_better,,,no,yes,no,discard,Reproduced/legacy baseline; avoid using anomalous values as the main comparison.,high
E:\Deskbook\Tea\origin-XFI\Ori-HPE\outputs\main_eval_20260511_052733.csv,csv,ori_baseline,X-Fi baseline,Depth+WiFi-CSI,,,pampjpe,0.10341373,lower_better,,,no,yes,no,discard,Reproduced/legacy baseline; avoid using anomalous values as the main comparison.,high
E:\Deskbook\Tea\origin-XFI\Ori-HPE\outputs\main_eval_20260511_052733.csv,csv,ori_baseline,X-Fi baseline,Lidar+mmWave,,,mse,0.02719568,lower_better,,,no,yes,no,discard,Reproduced/legacy baseline; avoid using anomalous values as the main comparison.,high
E:\Deskbook\Tea\origin-XFI\Ori-HPE\outputs\main_eval_20260511_052733.csv,csv,ori_baseline,X-Fi baseline,Lidar+mmWave,,,mpjpe,0.24481908,lower_better,,,no,yes,no,discard,Reproduced/legacy baseline; avoid using anomalous values as the main comparison.,high
E:\Deskbook\Tea\origin-XFI\Ori-HPE\outputs\main_eval_20260511_052733.csv,csv,ori_baseline,X-Fi baseline,Lidar+mmWave,,,pampjpe,0.10340794,lower_better,,,no,yes,no,discard,Reproduced/legacy baseline; avoid using anomalous values as the main comparison.,high
E:\Deskbook\Tea\origin-XFI\Ori-HPE\outputs\main_eval_20260511_052733.csv,csv,ori_baseline,X-Fi baseline,Lidar+WiFi-CSI,,,mse,0.02708347,lower_better,,,no,yes,no,discard,Reproduced/legacy baseline; avoid using anomalous values as the main comparison.,high
E:\Deskbook\Tea\origin-XFI\Ori-HPE\outputs\main_eval_20260511_052733.csv,csv,ori_baseline,X-Fi baseline,Lidar+WiFi-CSI,,,mpjpe,0.24433630,lower_better,,,no,yes,no,discard,Reproduced/legacy baseline; avoid using anomalous values as the main comparison.,high
E:\Deskbook\Tea\origin-XFI\Ori-HPE\outputs\main_eval_20260511_052733.csv,csv,ori_baseline,X-Fi baseline,Lidar+WiFi-CSI,,,pampjpe,0.10354616,lower_better,,,no,yes,no,discard,Reproduced/legacy baseline; avoid using anomalous values as the main comparison.,high
E:\Deskbook\Tea\origin-XFI\Ori-HPE\outputs\main_eval_20260511_052733.csv,csv,ori_baseline,X-Fi baseline,mmWave+WiFi-CSI,,,mse,0.02708246,lower_better,,,no,yes,no,discard,Reproduced/legacy baseline; avoid using anomalous values as the main comparison.,high
E:\Deskbook\Tea\origin-XFI\Ori-HPE\outputs\main_eval_20260511_052733.csv,csv,ori_baseline,X-Fi baseline,mmWave+WiFi-CSI,,,mpjpe,0.24431508,lower_better,,,no,yes,no,discard,Reproduced/legacy baseline; avoid using anomalous values as the main comparison.,high
E:\Deskbook\Tea\origin-XFI\Ori-HPE\outputs\main_eval_20260511_052733.csv,csv,ori_baseline,X-Fi baseline,mmWave+WiFi-CSI,,,pampjpe,0.10360836,lower_better,,,no,yes,no,discard,Reproduced/legacy baseline; avoid using anomalous values as the main comparison.,high
E:\Deskbook\Tea\origin-XFI\Ori-HPE\outputs\main_eval_20260511_052733.csv,csv,ori_baseline,X-Fi baseline,VK+Depth+Lidar,,,mse,0.02727488,lower_better,,,no,yes,no,discard,Reproduced/legacy baseline; avoid using anomalous values as the main comparison.,high
E:\Deskbook\Tea\origin-XFI\Ori-HPE\outputs\main_eval_20260511_052733.csv,csv,ori_baseline,X-Fi baseline,VK+Depth+Lidar,,,mpjpe,0.24532085,lower_better,,,no,yes,no,discard,Reproduced/legacy baseline; avoid using anomalous values as the main comparison.,high
E:\Deskbook\Tea\origin-XFI\Ori-HPE\outputs\main_eval_20260511_052733.csv,csv,ori_baseline,X-Fi baseline,VK+Depth+Lidar,,,pampjpe,0.10339014,lower_better,,,no,yes,no,discard,Reproduced/legacy baseline; avoid using anomalous values as the main comparison.,high
E:\Deskbook\Tea\origin-XFI\Ori-HPE\outputs\main_eval_20260511_052733.csv,csv,ori_baseline,X-Fi baseline,VK+Depth+mmWave,,,mse,0.02722244,lower_better,,,no,yes,no,discard,Reproduced/legacy baseline; avoid using anomalous values as the main comparison.,high
E:\Deskbook\Tea\origin-XFI\Ori-HPE\outputs\main_eval_20260511_052733.csv,csv,ori_baseline,X-Fi baseline,VK+Depth+mmWave,,,mpjpe,0.24514569,lower_better,,,no,yes,no,discard,Reproduced/legacy baseline; avoid using anomalous values as the main comparison.,high
E:\Deskbook\Tea\origin-XFI\Ori-HPE\outputs\main_eval_20260511_052733.csv,csv,ori_baseline,X-Fi baseline,VK+Depth+mmWave,,,pampjpe,0.10331277,lower_better,,,no,yes,no,discard,Reproduced/legacy baseline; avoid using anomalous values as the main comparison.,high
E:\Deskbook\Tea\origin-XFI\Ori-HPE\outputs\main_eval_20260511_052733.csv,csv,ori_baseline,X-Fi baseline,VK+Depth+WiFi-CSI,,,mse,0.02718159,lower_better,,,no,yes,no,discard,Reproduced/legacy baseline; avoid using anomalous values as the main comparison.,high
E:\Deskbook\Tea\origin-XFI\Ori-HPE\outputs\main_eval_20260511_052733.csv,csv,ori_baseline,X-Fi baseline,VK+Depth+WiFi-CSI,,,mpjpe,0.24532228,lower_better,,,no,yes,no,discard,Reproduced/legacy baseline; avoid using anomalous values as the main comparison.,high
E:\Deskbook\Tea\origin-XFI\Ori-HPE\outputs\main_eval_20260511_052733.csv,csv,ori_baseline,X-Fi baseline,VK+Depth+WiFi-CSI,,,pampjpe,0.10344924,lower_better,,,no,yes,no,discard,Reproduced/legacy baseline; avoid using anomalous values as the main comparison.,high
E:\Deskbook\Tea\origin-XFI\Ori-HPE\outputs\main_eval_20260511_052733.csv,csv,ori_baseline,X-Fi baseline,VK+Lidar+mmWave,,,mse,0.02745127,lower_better,,,no,yes,no,discard,Reproduced/legacy baseline; avoid using anomalous values as the main comparison.,high
E:\Deskbook\Tea\origin-XFI\Ori-HPE\outputs\main_eval_20260511_052733.csv,csv,ori_baseline,X-Fi baseline,VK+Lidar+mmWave,,,mpjpe,0.24515148,lower_better,,,no,yes,no,discard,Reproduced/legacy baseline; avoid using anomalous values as the main comparison.,high
E:\Deskbook\Tea\origin-XFI\Ori-HPE\outputs\main_eval_20260511_052733.csv,csv,ori_baseline,X-Fi baseline,VK+Lidar+mmWave,,,pampjpe,0.10352194,lower_better,,,no,yes,no,discard,Reproduced/legacy baseline; avoid using anomalous values as the main comparison.,high
E:\Deskbook\Tea\origin-XFI\Ori-HPE\outputs\main_eval_20260511_052733.csv,csv,ori_baseline,X-Fi baseline,VK+Lidar+WiFi-CSI,,,mse,0.02712200,lower_better,,,no,yes,no,discard,Reproduced/legacy baseline; avoid using anomalous values as the main comparison.,high
E:\Deskbook\Tea\origin-XFI\Ori-HPE\outputs\main_eval_20260511_052733.csv,csv,ori_baseline,X-Fi baseline,VK+Lidar+WiFi-CSI,,,mpjpe,0.24450156,lower_better,,,no,yes,no,discard,Reproduced/legacy baseline; avoid using anomalous values as the main comparison.,high
E:\Deskbook\Tea\origin-XFI\Ori-HPE\outputs\main_eval_20260511_052733.csv,csv,ori_baseline,X-Fi baseline,VK+Lidar+WiFi-CSI,,,pampjpe,0.10369152,lower_better,,,no,yes,no,discard,Reproduced/legacy baseline; avoid using anomalous values as the main comparison.,high
E:\Deskbook\Tea\origin-XFI\Ori-HPE\outputs\main_eval_20260511_052733.csv,csv,ori_baseline,X-Fi baseline,VK+mmWave+WiFi-CSI,,,mse,0.02705999,lower_better,,,no,yes,no,discard,Reproduced/legacy baseline; avoid using anomalous values as the main comparison.,high
E:\Deskbook\Tea\origin-XFI\Ori-HPE\outputs\main_eval_20260511_052733.csv,csv,ori_baseline,X-Fi baseline,VK+mmWave+WiFi-CSI,,,mpjpe,0.24419916,lower_better,,,no,yes,no,discard,Reproduced/legacy baseline; avoid using anomalous values as the main comparison.,high
E:\Deskbook\Tea\origin-XFI\Ori-HPE\outputs\main_eval_20260511_052733.csv,csv,ori_baseline,X-Fi baseline,VK+mmWave+WiFi-CSI,,,pampjpe,0.10355366,lower_better,,,no,yes,no,discard,Reproduced/legacy baseline; avoid using anomalous values as the main comparison.,high
E:\Deskbook\Tea\origin-XFI\Ori-HPE\outputs\main_eval_20260511_052733.csv,csv,ori_baseline,X-Fi baseline,Depth+Lidar+mmWave,,,mse,0.02712522,lower_better,,,no,yes,no,discard,Reproduced/legacy baseline; avoid using anomalous values as the main comparison.,high
E:\Deskbook\Tea\origin-XFI\Ori-HPE\outputs\main_eval_20260511_052733.csv,csv,ori_baseline,X-Fi baseline,Depth+Lidar+mmWave,,,mpjpe,0.24436513,lower_better,,,no,yes,no,discard,Reproduced/legacy baseline; avoid using anomalous values as the main comparison.,high
E:\Deskbook\Tea\origin-XFI\Ori-HPE\outputs\main_eval_20260511_052733.csv,csv,ori_baseline,X-Fi baseline,Depth+Lidar+mmWave,,,pampjpe,0.10346258,lower_better,,,no,yes,no,discard,Reproduced/legacy baseline; avoid using anomalous values as the main comparison.,high
E:\Deskbook\Tea\origin-XFI\Ori-HPE\outputs\main_eval_20260511_052733.csv,csv,ori_baseline,X-Fi baseline,Depth+Lidar+WiFi-CSI,,,mse,0.02708517,lower_better,,,no,yes,no,discard,Reproduced/legacy baseline; avoid using anomalous values as the main comparison.,high
E:\Deskbook\Tea\origin-XFI\Ori-HPE\outputs\main_eval_20260511_052733.csv,csv,ori_baseline,X-Fi baseline,Depth+Lidar+WiFi-CSI,,,mpjpe,0.24435138,lower_better,,,no,yes,no,discard,Reproduced/legacy baseline; avoid using anomalous values as the main comparison.,high
E:\Deskbook\Tea\origin-XFI\Ori-HPE\outputs\main_eval_20260511_052733.csv,csv,ori_baseline,X-Fi baseline,Depth+Lidar+WiFi-CSI,,,pampjpe,0.10344991,lower_better,,,no,yes,no,discard,Reproduced/legacy baseline; avoid using anomalous values as the main comparison.,high
E:\Deskbook\Tea\origin-XFI\Ori-HPE\outputs\main_eval_20260511_052733.csv,csv,ori_baseline,X-Fi baseline,Depth+mmWave+WiFi-CSI,,,mse,0.02712201,lower_better,,,no,yes,no,discard,Reproduced/legacy baseline; avoid using anomalous values as the main comparison.,high
E:\Deskbook\Tea\origin-XFI\Ori-HPE\outputs\main_eval_20260511_052733.csv,csv,ori_baseline,X-Fi baseline,Depth+mmWave+WiFi-CSI,,,mpjpe,0.24471851,lower_better,,,no,yes,no,discard,Reproduced/legacy baseline; avoid using anomalous values as the main comparison.,high
E:\Deskbook\Tea\origin-XFI\Ori-HPE\outputs\main_eval_20260511_052733.csv,csv,ori_baseline,X-Fi baseline,Depth+mmWave+WiFi-CSI,,,pampjpe,0.10344137,lower_better,,,no,yes,no,discard,Reproduced/legacy baseline; avoid using anomalous values as the main comparison.,high
E:\Deskbook\Tea\origin-XFI\Ori-HPE\outputs\main_eval_20260511_052733.csv,csv,ori_baseline,X-Fi baseline,Lidar+mmWave+WiFi-CSI,,,mse,0.02710329,lower_better,,,no,yes,no,discard,Reproduced/legacy baseline; avoid using anomalous values as the main comparison.,high
E:\Deskbook\Tea\origin-XFI\Ori-HPE\outputs\main_eval_20260511_052733.csv,csv,ori_baseline,X-Fi baseline,Lidar+mmWave+WiFi-CSI,,,mpjpe,0.24434868,lower_better,,,no,yes,no,discard,Reproduced/legacy baseline; avoid using anomalous values as the main comparison.,high
E:\Deskbook\Tea\origin-XFI\Ori-HPE\outputs\main_eval_20260511_052733.csv,csv,ori_baseline,X-Fi baseline,Lidar+mmWave+WiFi-CSI,,,pampjpe,0.10368528,lower_better,,,no,yes,no,discard,Reproduced/legacy baseline; avoid using anomalous values as the main comparison.,high
E:\Deskbook\Tea\origin-XFI\Ori-HPE\outputs\main_eval_20260511_052733.csv,csv,ori_baseline,X-Fi baseline,VK+Depth+Lidar+mmWave,,,mse,0.02719736,lower_better,,,no,yes,no,discard,Reproduced/legacy baseline; avoid using anomalous values as the main comparison.,high
E:\Deskbook\Tea\origin-XFI\Ori-HPE\outputs\main_eval_20260511_052733.csv,csv,ori_baseline,X-Fi baseline,VK+Depth+Lidar+mmWave,,,mpjpe,0.24502745,lower_better,,,no,yes,no,discard,Reproduced/legacy baseline; avoid using anomalous values as the main comparison.,high
E:\Deskbook\Tea\origin-XFI\Ori-HPE\outputs\main_eval_20260511_052733.csv,csv,ori_baseline,X-Fi baseline,VK+Depth+Lidar+mmWave,,,pampjpe,0.10332140,lower_better,,,no,yes,no,discard,Reproduced/legacy baseline; avoid using anomalous values as the main comparison.,high
E:\Deskbook\Tea\origin-XFI\Ori-HPE\outputs\main_eval_20260511_052733.csv,csv,ori_baseline,X-Fi baseline,VK+Depth+Lidar+WiFi-CSI,,,mse,0.02713390,lower_better,,,no,yes,no,discard,Reproduced/legacy baseline; avoid using anomalous values as the main comparison.,high
E:\Deskbook\Tea\origin-XFI\Ori-HPE\outputs\main_eval_20260511_052733.csv,csv,ori_baseline,X-Fi baseline,VK+Depth+Lidar+WiFi-CSI,,,mpjpe,0.24464148,lower_better,,,no,yes,no,discard,Reproduced/legacy baseline; avoid using anomalous values as the main comparison.,high
E:\Deskbook\Tea\origin-XFI\Ori-HPE\outputs\main_eval_20260511_052733.csv,csv,ori_baseline,X-Fi baseline,VK+Depth+Lidar+WiFi-CSI,,,pampjpe,0.10352050,lower_better,,,no,yes,no,discard,Reproduced/legacy baseline; avoid using anomalous values as the main comparison.,high
E:\Deskbook\Tea\origin-XFI\Ori-HPE\outputs\main_eval_20260511_052733.csv,csv,ori_baseline,X-Fi baseline,VK+Depth+mmWave+WiFi-CSI,,,mse,0.02712586,lower_better,,,no,yes,no,discard,Reproduced/legacy baseline; avoid using anomalous values as the main comparison.,high
E:\Deskbook\Tea\origin-XFI\Ori-HPE\outputs\main_eval_20260511_052733.csv,csv,ori_baseline,X-Fi baseline,VK+Depth+mmWave+WiFi-CSI,,,mpjpe,0.24494696,lower_better,,,no,yes,no,discard,Reproduced/legacy baseline; avoid using anomalous values as the main comparison.,high
E:\Deskbook\Tea\origin-XFI\Ori-HPE\outputs\main_eval_20260511_052733.csv,csv,ori_baseline,X-Fi baseline,VK+Depth+mmWave+WiFi-CSI,,,pampjpe,0.10342818,lower_better,,,no,yes,no,discard,Reproduced/legacy baseline; avoid using anomalous values as the main comparison.,high
E:\Deskbook\Tea\origin-XFI\Ori-HPE\outputs\main_eval_20260511_052733.csv,csv,ori_baseline,X-Fi baseline,VK+Lidar+mmWave+WiFi-CSI,,,mse,0.02704445,lower_better,,,no,yes,no,discard,Reproduced/legacy baseline; avoid using anomalous values as the main comparison.,high
E:\Deskbook\Tea\origin-XFI\Ori-HPE\outputs\main_eval_20260511_052733.csv,csv,ori_baseline,X-Fi baseline,VK+Lidar+mmWave+WiFi-CSI,,,mpjpe,0.24412314,lower_better,,,no,yes,no,discard,Reproduced/legacy baseline; avoid using anomalous values as the main comparison.,high
E:\Deskbook\Tea\origin-XFI\Ori-HPE\outputs\main_eval_20260511_052733.csv,csv,ori_baseline,X-Fi baseline,VK+Lidar+mmWave+WiFi-CSI,,,pampjpe,0.10362592,lower_better,,,no,yes,no,discard,Reproduced/legacy baseline; avoid using anomalous values as the main comparison.,high
E:\Deskbook\Tea\origin-XFI\Ori-HPE\outputs\main_eval_20260511_052733.csv,csv,ori_baseline,X-Fi baseline,Depth+Lidar+mmWave+WiFi-CSI,,,mse,0.02707599,lower_better,,,no,yes,no,discard,Reproduced/legacy baseline; avoid using anomalous values as the main comparison.,high
E:\Deskbook\Tea\origin-XFI\Ori-HPE\outputs\main_eval_20260511_052733.csv,csv,ori_baseline,X-Fi baseline,Depth+Lidar+mmWave+WiFi-CSI,,,mpjpe,0.24438867,lower_better,,,no,yes,no,discard,Reproduced/legacy baseline; avoid using anomalous values as the main comparison.,high
E:\Deskbook\Tea\origin-XFI\Ori-HPE\outputs\main_eval_20260511_052733.csv,csv,ori_baseline,X-Fi baseline,Depth+Lidar+mmWave+WiFi-CSI,,,pampjpe,0.10346378,lower_better,,,no,yes,no,discard,Reproduced/legacy baseline; avoid using anomalous values as the main comparison.,high
E:\Deskbook\Tea\origin-XFI\Ori-HPE\outputs\main_eval_20260511_052733.csv,csv,ori_baseline,X-Fi baseline,VK+Depth+Lidar+mmWave+WiFi-CSI,,,mse,0.02711255,lower_better,,,no,yes,no,discard,Reproduced/legacy baseline; avoid using anomalous values as the main comparison.,high
E:\Deskbook\Tea\origin-XFI\Ori-HPE\outputs\main_eval_20260511_052733.csv,csv,ori_baseline,X-Fi baseline,VK+Depth+Lidar+mmWave+WiFi-CSI,,,mpjpe,0.24470266,lower_better,,,no,yes,no,discard,Reproduced/legacy baseline; avoid using anomalous values as the main comparison.,high
E:\Deskbook\Tea\origin-XFI\Ori-HPE\outputs\main_eval_20260511_052733.csv,csv,ori_baseline,X-Fi baseline,VK+Depth+Lidar+mmWave+WiFi-CSI,,,pampjpe,0.10352792,lower_better,,,no,yes,no,discard,Reproduced/legacy baseline; avoid using anomalous values as the main comparison.,high
E:\Deskbook\Tea\origin-XFI\Ori-HPE\outputs\main_eval_20260511_052733.txt,txt,ori_baseline,X-Fi baseline,,,,mse,0.02756532,lower_better,,,no,yes,no,discard,Metric extracted from text/log pattern.,medium
E:\Deskbook\Tea\origin-XFI\Ori-HPE\outputs\main_eval_20260511_052733.txt,txt,ori_baseline,X-Fi baseline,,,,mpjpe,0.24681568,lower_better,,,no,yes,no,discard,Metric extracted from text/log pattern.,medium
E:\Deskbook\Tea\origin-XFI\Ori-HPE\outputs\main_eval_20260511_052733.txt,txt,ori_baseline,X-Fi baseline,,,,pampjpe,0.10394252,lower_better,,,no,yes,no,discard,Metric extracted from text/log pattern.,medium
E:\Deskbook\Tea\origin-XFI\Ori-HPE\outputs\main_eval_20260511_052733.txt,txt,ori_baseline,X-Fi baseline,,,,mse,0.02746121,lower_better,,,no,yes,no,discard,Metric extracted from text/log pattern.,medium
E:\Deskbook\Tea\origin-XFI\Ori-HPE\outputs\main_eval_20260511_052733.txt,txt,ori_baseline,X-Fi baseline,,,,mpjpe,0.24648527,lower_better,,,no,yes,no,discard,Metric extracted from text/log pattern.,medium
E:\Deskbook\Tea\origin-XFI\Ori-HPE\outputs\main_eval_20260511_052733.txt,txt,ori_baseline,X-Fi baseline,,,,pampjpe,0.10339700,lower_better,,,no,yes,no,discard,Metric extracted from text/log pattern.,medium
E:\Deskbook\Tea\origin-XFI\Ori-HPE\outputs\main_eval_20260511_052733.txt,txt,ori_baseline,X-Fi baseline,,,,mse,0.02720944,lower_better,,,no,yes,no,discard,Metric extracted from text/log pattern.,medium
E:\Deskbook\Tea\origin-XFI\Ori-HPE\outputs\main_eval_20260511_052733.txt,txt,ori_baseline,X-Fi baseline,,,,mpjpe,0.24493983,lower_better,,,no,yes,no,discard,Metric extracted from text/log pattern.,medium
E:\Deskbook\Tea\origin-XFI\Ori-HPE\outputs\main_eval_20260511_052733.txt,txt,ori_baseline,X-Fi baseline,,,,pampjpe,0.10340293,lower_better,,,no,yes,no,discard,Metric extracted from text/log pattern.,medium
E:\Deskbook\Tea\origin-XFI\Ori-HPE\outputs\main_eval_20260511_052733.txt,txt,ori_baseline,X-Fi baseline,,,,mse,0.02710118,lower_better,,,no,yes,no,discard,Metric extracted from text/log pattern.,medium
E:\Deskbook\Tea\origin-XFI\Ori-HPE\outputs\main_eval_20260511_052733.txt,txt,ori_baseline,X-Fi baseline,,,,mpjpe,0.24424475,lower_better,,,no,yes,no,discard,Metric extracted from text/log pattern.,medium
E:\Deskbook\Tea\origin-XFI\Ori-HPE\outputs\main_eval_20260511_052733.txt,txt,ori_baseline,X-Fi baseline,,,,pampjpe,0.10341051,lower_better,,,no,yes,no,discard,Metric extracted from text/log pattern.,medium
E:\Deskbook\Tea\origin-XFI\Ori-HPE\outputs\main_eval_20260511_052733.txt,txt,ori_baseline,X-Fi baseline,,,,mse,0.02711223,lower_better,,,no,yes,no,discard,Metric extracted from text/log pattern.,medium
E:\Deskbook\Tea\origin-XFI\Ori-HPE\outputs\main_eval_20260511_052733.txt,txt,ori_baseline,X-Fi baseline,,,,mpjpe,0.24462578,lower_better,,,no,yes,no,discard,Metric extracted from text/log pattern.,medium
E:\Deskbook\Tea\origin-XFI\Ori-HPE\outputs\main_eval_20260511_052733.txt,txt,ori_baseline,X-Fi baseline,,,,pampjpe,0.10402724,lower_better,,,no,yes,no,discard,Metric extracted from text/log pattern.,medium
E:\Deskbook\Tea\origin-XFI\Ori-HPE\outputs\main_eval_20260511_052733.txt,txt,ori_baseline,X-Fi baseline,,,,mse,0.02758799,lower_better,,,no,yes,no,discard,Metric extracted from text/log pattern.,medium
E:\Deskbook\Tea\origin-XFI\Ori-HPE\outputs\main_eval_20260511_052733.txt,txt,ori_baseline,X-Fi baseline,,,,mpjpe,0.24662388,lower_better,,,no,yes,no,discard,Metric extracted from text/log pattern.,medium
E:\Deskbook\Tea\origin-XFI\Ori-HPE\outputs\main_eval_20260511_052733.txt,txt,ori_baseline,X-Fi baseline,,,,pampjpe,0.10356604,lower_better,,,no,yes,no,discard,Metric extracted from text/log pattern.,medium
E:\Deskbook\Tea\origin-XFI\Ori-HPE\outputs\main_eval_20260511_052733.txt,txt,ori_baseline,X-Fi baseline,,,,mse,0.02729864,lower_better,,,no,yes,no,discard,Metric extracted from text/log pattern.,medium
E:\Deskbook\Tea\origin-XFI\Ori-HPE\outputs\main_eval_20260511_052733.txt,txt,ori_baseline,X-Fi baseline,,,,mpjpe,0.24541376,lower_better,,,no,yes,no,discard,Metric extracted from text/log pattern.,medium
E:\Deskbook\Tea\origin-XFI\Ori-HPE\outputs\main_eval_latest.csv,csv,ori_baseline,X-Fi baseline,VK,,,mse,0.02756532,lower_better,,,no,yes,no,discard,Reproduced/legacy baseline; avoid using anomalous values as the main comparison.,high
E:\Deskbook\Tea\origin-XFI\Ori-HPE\outputs\main_eval_latest.csv,csv,ori_baseline,X-Fi baseline,VK,,,mpjpe,0.24681568,lower_better,,,no,yes,no,discard,Reproduced/legacy baseline; avoid using anomalous values as the main comparison.,high
E:\Deskbook\Tea\origin-XFI\Ori-HPE\outputs\main_eval_latest.csv,csv,ori_baseline,X-Fi baseline,VK,,,pampjpe,0.10394252,lower_better,,,no,yes,no,discard,Reproduced/legacy baseline; avoid using anomalous values as the main comparison.,high
E:\Deskbook\Tea\origin-XFI\Ori-HPE\outputs\main_eval_latest.csv,csv,ori_baseline,X-Fi baseline,Depth,,,mse,0.02746121,lower_better,,,no,yes,no,discard,Reproduced/legacy baseline; avoid using anomalous values as the main comparison.,high
E:\Deskbook\Tea\origin-XFI\Ori-HPE\outputs\main_eval_latest.csv,csv,ori_baseline,X-Fi baseline,Depth,,,mpjpe,0.24648527,lower_better,,,no,yes,no,discard,Reproduced/legacy baseline; avoid using anomalous values as the main comparison.,high
E:\Deskbook\Tea\origin-XFI\Ori-HPE\outputs\main_eval_latest.csv,csv,ori_baseline,X-Fi baseline,Depth,,,pampjpe,0.10339700,lower_better,,,no,yes,no,discard,Reproduced/legacy baseline; avoid using anomalous values as the main comparison.,high
E:\Deskbook\Tea\origin-XFI\Ori-HPE\outputs\main_eval_latest.csv,csv,ori_baseline,X-Fi baseline,Lidar,,,mse,0.02720944,lower_better,,,no,yes,no,discard,Reproduced/legacy baseline; avoid using anomalous values as the main comparison.,high
E:\Deskbook\Tea\origin-XFI\Ori-HPE\outputs\main_eval_latest.csv,csv,ori_baseline,X-Fi baseline,Lidar,,,mpjpe,0.24493983,lower_better,,,no,yes,no,discard,Reproduced/legacy baseline; avoid using anomalous values as the main comparison.,high
E:\Deskbook\Tea\origin-XFI\Ori-HPE\outputs\main_eval_latest.csv,csv,ori_baseline,X-Fi baseline,Lidar,,,pampjpe,0.10340293,lower_better,,,no,yes,no,discard,Reproduced/legacy baseline; avoid using anomalous values as the main comparison.,high
E:\Deskbook\Tea\origin-XFI\Ori-HPE\outputs\main_eval_latest.csv,csv,ori_baseline,X-Fi baseline,mmWave,,,mse,0.02710118,lower_better,,,no,yes,no,discard,Reproduced/legacy baseline; avoid using anomalous values as the main comparison.,high
E:\Deskbook\Tea\origin-XFI\Ori-HPE\outputs\main_eval_latest.csv,csv,ori_baseline,X-Fi baseline,mmWave,,,mpjpe,0.24424475,lower_better,,,no,yes,no,discard,Reproduced/legacy baseline; avoid using anomalous values as the main comparison.,high
E:\Deskbook\Tea\origin-XFI\Ori-HPE\outputs\main_eval_latest.csv,csv,ori_baseline,X-Fi baseline,mmWave,,,pampjpe,0.10341051,lower_better,,,no,yes,no,discard,Reproduced/legacy baseline; avoid using anomalous values as the main comparison.,high
E:\Deskbook\Tea\origin-XFI\Ori-HPE\outputs\main_eval_latest.csv,csv,ori_baseline,X-Fi baseline,WiFi-CSI,,,mse,0.02711223,lower_better,,,no,yes,no,discard,Reproduced/legacy baseline; avoid using anomalous values as the main comparison.,high
E:\Deskbook\Tea\origin-XFI\Ori-HPE\outputs\main_eval_latest.csv,csv,ori_baseline,X-Fi baseline,WiFi-CSI,,,mpjpe,0.24462578,lower_better,,,no,yes,no,discard,Reproduced/legacy baseline; avoid using anomalous values as the main comparison.,high
E:\Deskbook\Tea\origin-XFI\Ori-HPE\outputs\main_eval_latest.csv,csv,ori_baseline,X-Fi baseline,WiFi-CSI,,,pampjpe,0.10402724,lower_better,,,no,yes,no,discard,Reproduced/legacy baseline; avoid using anomalous values as the main comparison.,high
E:\Deskbook\Tea\origin-XFI\Ori-HPE\outputs\main_eval_latest.csv,csv,ori_baseline,X-Fi baseline,VK+Depth,,,mse,0.02758799,lower_better,,,no,yes,no,discard,Reproduced/legacy baseline; avoid using anomalous values as the main comparison.,high
E:\Deskbook\Tea\origin-XFI\Ori-HPE\outputs\main_eval_latest.csv,csv,ori_baseline,X-Fi baseline,VK+Depth,,,mpjpe,0.24662388,lower_better,,,no,yes,no,discard,Reproduced/legacy baseline; avoid using anomalous values as the main comparison.,high
E:\Deskbook\Tea\origin-XFI\Ori-HPE\outputs\main_eval_latest.csv,csv,ori_baseline,X-Fi baseline,VK+Depth,,,pampjpe,0.10356604,lower_better,,,no,yes,no,discard,Reproduced/legacy baseline; avoid using anomalous values as the main comparison.,high
E:\Deskbook\Tea\origin-XFI\Ori-HPE\outputs\main_eval_latest.csv,csv,ori_baseline,X-Fi baseline,VK+Lidar,,,mse,0.02729864,lower_better,,,no,yes,no,discard,Reproduced/legacy baseline; avoid using anomalous values as the main comparison.,high
E:\Deskbook\Tea\origin-XFI\Ori-HPE\outputs\main_eval_latest.csv,csv,ori_baseline,X-Fi baseline,VK+Lidar,,,mpjpe,0.24541376,lower_better,,,no,yes,no,discard,Reproduced/legacy baseline; avoid using anomalous values as the main comparison.,high
E:\Deskbook\Tea\origin-XFI\Ori-HPE\outputs\main_eval_latest.csv,csv,ori_baseline,X-Fi baseline,VK+Lidar,,,pampjpe,0.10341077,lower_better,,,no,yes,no,discard,Reproduced/legacy baseline; avoid using anomalous values as the main comparison.,high
E:\Deskbook\Tea\origin-XFI\Ori-HPE\outputs\main_eval_latest.csv,csv,ori_baseline,X-Fi baseline,VK+mmWave,,,mse,0.02723330,lower_better,,,no,yes,no,discard,Reproduced/legacy baseline; avoid using anomalous values as the main comparison.,high
E:\Deskbook\Tea\origin-XFI\Ori-HPE\outputs\main_eval_latest.csv,csv,ori_baseline,X-Fi baseline,VK+mmWave,,,mpjpe,0.24509328,lower_better,,,no,yes,no,discard,Reproduced/legacy baseline; avoid using anomalous values as the main comparison.,high
E:\Deskbook\Tea\origin-XFI\Ori-HPE\outputs\main_eval_latest.csv,csv,ori_baseline,X-Fi baseline,VK+mmWave,,,pampjpe,0.10349846,lower_better,,,no,yes,no,discard,Reproduced/legacy baseline; avoid using anomalous values as the main comparison.,high
E:\Deskbook\Tea\origin-XFI\Ori-HPE\outputs\main_eval_latest.csv,csv,ori_baseline,X-Fi baseline,VK+WiFi-CSI,,,mse,0.02717965,lower_better,,,no,yes,no,discard,Reproduced/legacy baseline; avoid using anomalous values as the main comparison.,high
E:\Deskbook\Tea\origin-XFI\Ori-HPE\outputs\main_eval_latest.csv,csv,ori_baseline,X-Fi baseline,VK+WiFi-CSI,,,mpjpe,0.24551795,lower_better,,,no,yes,no,discard,Reproduced/legacy baseline; avoid using anomalous values as the main comparison.,high
E:\Deskbook\Tea\origin-XFI\Ori-HPE\outputs\main_eval_latest.csv,csv,ori_baseline,X-Fi baseline,VK+WiFi-CSI,,,pampjpe,0.10357307,lower_better,,,no,yes,no,discard,Reproduced/legacy baseline; avoid using anomalous values as the main comparison.,high
E:\Deskbook\Tea\origin-XFI\Ori-HPE\outputs\main_eval_latest.csv,csv,ori_baseline,X-Fi baseline,Depth+Lidar,,,mse,0.02722585,lower_better,,,no,yes,no,discard,Reproduced/legacy baseline; avoid using anomalous values as the main comparison.,high
E:\Deskbook\Tea\origin-XFI\Ori-HPE\outputs\main_eval_latest.csv,csv,ori_baseline,X-Fi baseline,Depth+Lidar,,,mpjpe,0.24501917,lower_better,,,no,yes,no,discard,Reproduced/legacy baseline; avoid using anomalous values as the main comparison.,high
E:\Deskbook\Tea\origin-XFI\Ori-HPE\outputs\main_eval_latest.csv,csv,ori_baseline,X-Fi baseline,Depth+Lidar,,,pampjpe,0.10346173,lower_better,,,no,yes,no,discard,Reproduced/legacy baseline; avoid using anomalous values as the main comparison.,high
E:\Deskbook\Tea\origin-XFI\Ori-HPE\outputs\main_eval_latest.csv,csv,ori_baseline,X-Fi baseline,Depth+mmWave,,,mse,0.02714854,lower_better,,,no,yes,no,discard,Reproduced/legacy baseline; avoid using anomalous values as the main comparison.,high
E:\Deskbook\Tea\origin-XFI\Ori-HPE\outputs\main_eval_latest.csv,csv,ori_baseline,X-Fi baseline,Depth+mmWave,,,mpjpe,0.24412348,lower_better,,,no,yes,no,discard,Reproduced/legacy baseline; avoid using anomalous values as the main comparison.,high
E:\Deskbook\Tea\origin-XFI\Ori-HPE\outputs\main_eval_latest.csv,csv,ori_baseline,X-Fi baseline,Depth+mmWave,,,pampjpe,0.10355240,lower_better,,,no,yes,no,discard,Reproduced/legacy baseline; avoid using anomalous values as the main comparison.,high
E:\Deskbook\Tea\origin-XFI\Ori-HPE\outputs\main_eval_latest.csv,csv,ori_baseline,X-Fi baseline,Depth+WiFi-CSI,,,mse,0.02706304,lower_better,,,no,yes,no,discard,Reproduced/legacy baseline; avoid using anomalous values as the main comparison.,high
E:\Deskbook\Tea\origin-XFI\Ori-HPE\outputs\main_eval_latest.csv,csv,ori_baseline,X-Fi baseline,Depth+WiFi-CSI,,,mpjpe,0.24457346,lower_better,,,no,yes,no,discard,Reproduced/legacy baseline; avoid using anomalous values as the main comparison.,high
E:\Deskbook\Tea\origin-XFI\Ori-HPE\outputs\main_eval_latest.csv,csv,ori_baseline,X-Fi baseline,Depth+WiFi-CSI,,,pampjpe,0.10341373,lower_better,,,no,yes,no,discard,Reproduced/legacy baseline; avoid using anomalous values as the main comparison.,high
E:\Deskbook\Tea\origin-XFI\Ori-HPE\outputs\main_eval_latest.csv,csv,ori_baseline,X-Fi baseline,Lidar+mmWave,,,mse,0.02719568,lower_better,,,no,yes,no,discard,Reproduced/legacy baseline; avoid using anomalous values as the main comparison.,high
E:\Deskbook\Tea\origin-XFI\Ori-HPE\outputs\main_eval_latest.csv,csv,ori_baseline,X-Fi baseline,Lidar+mmWave,,,mpjpe,0.24481908,lower_better,,,no,yes,no,discard,Reproduced/legacy baseline; avoid using anomalous values as the main comparison.,high
E:\Deskbook\Tea\origin-XFI\Ori-HPE\outputs\main_eval_latest.csv,csv,ori_baseline,X-Fi baseline,Lidar+mmWave,,,pampjpe,0.10340794,lower_better,,,no,yes,no,discard,Reproduced/legacy baseline; avoid using anomalous values as the main comparison.,high
E:\Deskbook\Tea\origin-XFI\Ori-HPE\outputs\main_eval_latest.csv,csv,ori_baseline,X-Fi baseline,Lidar+WiFi-CSI,,,mse,0.02708347,lower_better,,,no,yes,no,discard,Reproduced/legacy baseline; avoid using anomalous values as the main comparison.,high
E:\Deskbook\Tea\origin-XFI\Ori-HPE\outputs\main_eval_latest.csv,csv,ori_baseline,X-Fi baseline,Lidar+WiFi-CSI,,,mpjpe,0.24433630,lower_better,,,no,yes,no,discard,Reproduced/legacy baseline; avoid using anomalous values as the main comparison.,high
E:\Deskbook\Tea\origin-XFI\Ori-HPE\outputs\main_eval_latest.csv,csv,ori_baseline,X-Fi baseline,Lidar+WiFi-CSI,,,pampjpe,0.10354616,lower_better,,,no,yes,no,discard,Reproduced/legacy baseline; avoid using anomalous values as the main comparison.,high
E:\Deskbook\Tea\origin-XFI\Ori-HPE\outputs\main_eval_latest.csv,csv,ori_baseline,X-Fi baseline,mmWave+WiFi-CSI,,,mse,0.02708246,lower_better,,,no,yes,no,discard,Reproduced/legacy baseline; avoid using anomalous values as the main comparison.,high
E:\Deskbook\Tea\origin-XFI\Ori-HPE\outputs\main_eval_latest.csv,csv,ori_baseline,X-Fi baseline,mmWave+WiFi-CSI,,,mpjpe,0.24431508,lower_better,,,no,yes,no,discard,Reproduced/legacy baseline; avoid using anomalous values as the main comparison.,high
E:\Deskbook\Tea\origin-XFI\Ori-HPE\outputs\main_eval_latest.csv,csv,ori_baseline,X-Fi baseline,mmWave+WiFi-CSI,,,pampjpe,0.10360836,lower_better,,,no,yes,no,discard,Reproduced/legacy baseline; avoid using anomalous values as the main comparison.,high
E:\Deskbook\Tea\origin-XFI\Ori-HPE\outputs\main_eval_latest.csv,csv,ori_baseline,X-Fi baseline,VK+Depth+Lidar,,,mse,0.02727488,lower_better,,,no,yes,no,discard,Reproduced/legacy baseline; avoid using anomalous values as the main comparison.,high
E:\Deskbook\Tea\origin-XFI\Ori-HPE\outputs\main_eval_latest.csv,csv,ori_baseline,X-Fi baseline,VK+Depth+Lidar,,,mpjpe,0.24532085,lower_better,,,no,yes,no,discard,Reproduced/legacy baseline; avoid using anomalous values as the main comparison.,high
E:\Deskbook\Tea\origin-XFI\Ori-HPE\outputs\main_eval_latest.csv,csv,ori_baseline,X-Fi baseline,VK+Depth+Lidar,,,pampjpe,0.10339014,lower_better,,,no,yes,no,discard,Reproduced/legacy baseline; avoid using anomalous values as the main comparison.,high
E:\Deskbook\Tea\origin-XFI\Ori-HPE\outputs\main_eval_latest.csv,csv,ori_baseline,X-Fi baseline,VK+Depth+mmWave,,,mse,0.02722244,lower_better,,,no,yes,no,discard,Reproduced/legacy baseline; avoid using anomalous values as the main comparison.,high
E:\Deskbook\Tea\origin-XFI\Ori-HPE\outputs\main_eval_latest.csv,csv,ori_baseline,X-Fi baseline,VK+Depth+mmWave,,,mpjpe,0.24514569,lower_better,,,no,yes,no,discard,Reproduced/legacy baseline; avoid using anomalous values as the main comparison.,high
E:\Deskbook\Tea\origin-XFI\Ori-HPE\outputs\main_eval_latest.csv,csv,ori_baseline,X-Fi baseline,VK+Depth+mmWave,,,pampjpe,0.10331277,lower_better,,,no,yes,no,discard,Reproduced/legacy baseline; avoid using anomalous values as the main comparison.,high
E:\Deskbook\Tea\origin-XFI\Ori-HPE\outputs\main_eval_latest.csv,csv,ori_baseline,X-Fi baseline,VK+Depth+WiFi-CSI,,,mse,0.02718159,lower_better,,,no,yes,no,discard,Reproduced/legacy baseline; avoid using anomalous values as the main comparison.,high
E:\Deskbook\Tea\origin-XFI\Ori-HPE\outputs\main_eval_latest.csv,csv,ori_baseline,X-Fi baseline,VK+Depth+WiFi-CSI,,,mpjpe,0.24532228,lower_better,,,no,yes,no,discard,Reproduced/legacy baseline; avoid using anomalous values as the main comparison.,high
E:\Deskbook\Tea\origin-XFI\Ori-HPE\outputs\main_eval_latest.csv,csv,ori_baseline,X-Fi baseline,VK+Depth+WiFi-CSI,,,pampjpe,0.10344924,lower_better,,,no,yes,no,discard,Reproduced/legacy baseline; avoid using anomalous values as the main comparison.,high
E:\Deskbook\Tea\origin-XFI\Ori-HPE\outputs\main_eval_latest.csv,csv,ori_baseline,X-Fi baseline,VK+Lidar+mmWave,,,mse,0.02745127,lower_better,,,no,yes,no,discard,Reproduced/legacy baseline; avoid using anomalous values as the main comparison.,high
E:\Deskbook\Tea\origin-XFI\Ori-HPE\outputs\main_eval_latest.csv,csv,ori_baseline,X-Fi baseline,VK+Lidar+mmWave,,,mpjpe,0.24515148,lower_better,,,no,yes,no,discard,Reproduced/legacy baseline; avoid using anomalous values as the main comparison.,high
E:\Deskbook\Tea\origin-XFI\Ori-HPE\outputs\main_eval_latest.csv,csv,ori_baseline,X-Fi baseline,VK+Lidar+mmWave,,,pampjpe,0.10352194,lower_better,,,no,yes,no,discard,Reproduced/legacy baseline; avoid using anomalous values as the main comparison.,high
E:\Deskbook\Tea\origin-XFI\Ori-HPE\outputs\main_eval_latest.csv,csv,ori_baseline,X-Fi baseline,VK+Lidar+WiFi-CSI,,,mse,0.02712200,lower_better,,,no,yes,no,discard,Reproduced/legacy baseline; avoid using anomalous values as the main comparison.,high
E:\Deskbook\Tea\origin-XFI\Ori-HPE\outputs\main_eval_latest.csv,csv,ori_baseline,X-Fi baseline,VK+Lidar+WiFi-CSI,,,mpjpe,0.24450156,lower_better,,,no,yes,no,discard,Reproduced/legacy baseline; avoid using anomalous values as the main comparison.,high
E:\Deskbook\Tea\origin-XFI\Ori-HPE\outputs\main_eval_latest.csv,csv,ori_baseline,X-Fi baseline,VK+Lidar+WiFi-CSI,,,pampjpe,0.10369152,lower_better,,,no,yes,no,discard,Reproduced/legacy baseline; avoid using anomalous values as the main comparison.,high
E:\Deskbook\Tea\origin-XFI\Ori-HPE\outputs\main_eval_latest.csv,csv,ori_baseline,X-Fi baseline,VK+mmWave+WiFi-CSI,,,mse,0.02705999,lower_better,,,no,yes,no,discard,Reproduced/legacy baseline; avoid using anomalous values as the main comparison.,high
E:\Deskbook\Tea\origin-XFI\Ori-HPE\outputs\main_eval_latest.csv,csv,ori_baseline,X-Fi baseline,VK+mmWave+WiFi-CSI,,,mpjpe,0.24419916,lower_better,,,no,yes,no,discard,Reproduced/legacy baseline; avoid using anomalous values as the main comparison.,high
E:\Deskbook\Tea\origin-XFI\Ori-HPE\outputs\main_eval_latest.csv,csv,ori_baseline,X-Fi baseline,VK+mmWave+WiFi-CSI,,,pampjpe,0.10355366,lower_better,,,no,yes,no,discard,Reproduced/legacy baseline; avoid using anomalous values as the main comparison.,high
E:\Deskbook\Tea\origin-XFI\Ori-HPE\outputs\main_eval_latest.csv,csv,ori_baseline,X-Fi baseline,Depth+Lidar+mmWave,,,mse,0.02712522,lower_better,,,no,yes,no,discard,Reproduced/legacy baseline; avoid using anomalous values as the main comparison.,high
E:\Deskbook\Tea\origin-XFI\Ori-HPE\outputs\main_eval_latest.csv,csv,ori_baseline,X-Fi baseline,Depth+Lidar+mmWave,,,mpjpe,0.24436513,lower_better,,,no,yes,no,discard,Reproduced/legacy baseline; avoid using anomalous values as the main comparison.,high
E:\Deskbook\Tea\origin-XFI\Ori-HPE\outputs\main_eval_latest.csv,csv,ori_baseline,X-Fi baseline,Depth+Lidar+mmWave,,,pampjpe,0.10346258,lower_better,,,no,yes,no,discard,Reproduced/legacy baseline; avoid using anomalous values as the main comparison.,high
E:\Deskbook\Tea\origin-XFI\Ori-HPE\outputs\main_eval_latest.csv,csv,ori_baseline,X-Fi baseline,Depth+Lidar+WiFi-CSI,,,mse,0.02708517,lower_better,,,no,yes,no,discard,Reproduced/legacy baseline; avoid using anomalous values as the main comparison.,high
E:\Deskbook\Tea\origin-XFI\Ori-HPE\outputs\main_eval_latest.csv,csv,ori_baseline,X-Fi baseline,Depth+Lidar+WiFi-CSI,,,mpjpe,0.24435138,lower_better,,,no,yes,no,discard,Reproduced/legacy baseline; avoid using anomalous values as the main comparison.,high
E:\Deskbook\Tea\origin-XFI\Ori-HPE\outputs\main_eval_latest.csv,csv,ori_baseline,X-Fi baseline,Depth+Lidar+WiFi-CSI,,,pampjpe,0.10344991,lower_better,,,no,yes,no,discard,Reproduced/legacy baseline; avoid using anomalous values as the main comparison.,high
E:\Deskbook\Tea\origin-XFI\Ori-HPE\outputs\main_eval_latest.csv,csv,ori_baseline,X-Fi baseline,Depth+mmWave+WiFi-CSI,,,mse,0.02712201,lower_better,,,no,yes,no,discard,Reproduced/legacy baseline; avoid using anomalous values as the main comparison.,high
E:\Deskbook\Tea\origin-XFI\Ori-HPE\outputs\main_eval_latest.csv,csv,ori_baseline,X-Fi baseline,Depth+mmWave+WiFi-CSI,,,mpjpe,0.24471851,lower_better,,,no,yes,no,discard,Reproduced/legacy baseline; avoid using anomalous values as the main comparison.,high
E:\Deskbook\Tea\origin-XFI\Ori-HPE\outputs\main_eval_latest.csv,csv,ori_baseline,X-Fi baseline,Depth+mmWave+WiFi-CSI,,,pampjpe,0.10344137,lower_better,,,no,yes,no,discard,Reproduced/legacy baseline; avoid using anomalous values as the main comparison.,high
E:\Deskbook\Tea\origin-XFI\Ori-HPE\outputs\main_eval_latest.csv,csv,ori_baseline,X-Fi baseline,Lidar+mmWave+WiFi-CSI,,,mse,0.02710329,lower_better,,,no,yes,no,discard,Reproduced/legacy baseline; avoid using anomalous values as the main comparison.,high
E:\Deskbook\Tea\origin-XFI\Ori-HPE\outputs\main_eval_latest.csv,csv,ori_baseline,X-Fi baseline,Lidar+mmWave+WiFi-CSI,,,mpjpe,0.24434868,lower_better,,,no,yes,no,discard,Reproduced/legacy baseline; avoid using anomalous values as the main comparison.,high
E:\Deskbook\Tea\origin-XFI\Ori-HPE\outputs\main_eval_latest.csv,csv,ori_baseline,X-Fi baseline,Lidar+mmWave+WiFi-CSI,,,pampjpe,0.10368528,lower_better,,,no,yes,no,discard,Reproduced/legacy baseline; avoid using anomalous values as the main comparison.,high
E:\Deskbook\Tea\origin-XFI\Ori-HPE\outputs\main_eval_latest.csv,csv,ori_baseline,X-Fi baseline,VK+Depth+Lidar+mmWave,,,mse,0.02719736,lower_better,,,no,yes,no,discard,Reproduced/legacy baseline; avoid using anomalous values as the main comparison.,high
E:\Deskbook\Tea\origin-XFI\Ori-HPE\outputs\main_eval_latest.csv,csv,ori_baseline,X-Fi baseline,VK+Depth+Lidar+mmWave,,,mpjpe,0.24502745,lower_better,,,no,yes,no,discard,Reproduced/legacy baseline; avoid using anomalous values as the main comparison.,high
E:\Deskbook\Tea\origin-XFI\Ori-HPE\outputs\main_eval_latest.csv,csv,ori_baseline,X-Fi baseline,VK+Depth+Lidar+mmWave,,,pampjpe,0.10332140,lower_better,,,no,yes,no,discard,Reproduced/legacy baseline; avoid using anomalous values as the main comparison.,high
E:\Deskbook\Tea\origin-XFI\Ori-HPE\outputs\main_eval_latest.csv,csv,ori_baseline,X-Fi baseline,VK+Depth+Lidar+WiFi-CSI,,,mse,0.02713390,lower_better,,,no,yes,no,discard,Reproduced/legacy baseline; avoid using anomalous values as the main comparison.,high
E:\Deskbook\Tea\origin-XFI\Ori-HPE\outputs\main_eval_latest.csv,csv,ori_baseline,X-Fi baseline,VK+Depth+Lidar+WiFi-CSI,,,mpjpe,0.24464148,lower_better,,,no,yes,no,discard,Reproduced/legacy baseline; avoid using anomalous values as the main comparison.,high
E:\Deskbook\Tea\origin-XFI\Ori-HPE\outputs\main_eval_latest.csv,csv,ori_baseline,X-Fi baseline,VK+Depth+Lidar+WiFi-CSI,,,pampjpe,0.10352050,lower_better,,,no,yes,no,discard,Reproduced/legacy baseline; avoid using anomalous values as the main comparison.,high
E:\Deskbook\Tea\origin-XFI\Ori-HPE\outputs\main_eval_latest.csv,csv,ori_baseline,X-Fi baseline,VK+Depth+mmWave+WiFi-CSI,,,mse,0.02712586,lower_better,,,no,yes,no,discard,Reproduced/legacy baseline; avoid using anomalous values as the main comparison.,high
E:\Deskbook\Tea\origin-XFI\Ori-HPE\outputs\main_eval_latest.csv,csv,ori_baseline,X-Fi baseline,VK+Depth+mmWave+WiFi-CSI,,,mpjpe,0.24494696,lower_better,,,no,yes,no,discard,Reproduced/legacy baseline; avoid using anomalous values as the main comparison.,high
E:\Deskbook\Tea\origin-XFI\Ori-HPE\outputs\main_eval_latest.csv,csv,ori_baseline,X-Fi baseline,VK+Depth+mmWave+WiFi-CSI,,,pampjpe,0.10342818,lower_better,,,no,yes,no,discard,Reproduced/legacy baseline; avoid using anomalous values as the main comparison.,high
E:\Deskbook\Tea\origin-XFI\Ori-HPE\outputs\main_eval_latest.csv,csv,ori_baseline,X-Fi baseline,VK+Lidar+mmWave+WiFi-CSI,,,mse,0.02704445,lower_better,,,no,yes,no,discard,Reproduced/legacy baseline; avoid using anomalous values as the main comparison.,high
E:\Deskbook\Tea\origin-XFI\Ori-HPE\outputs\main_eval_latest.csv,csv,ori_baseline,X-Fi baseline,VK+Lidar+mmWave+WiFi-CSI,,,mpjpe,0.24412314,lower_better,,,no,yes,no,discard,Reproduced/legacy baseline; avoid using anomalous values as the main comparison.,high
E:\Deskbook\Tea\origin-XFI\Ori-HPE\outputs\main_eval_latest.csv,csv,ori_baseline,X-Fi baseline,VK+Lidar+mmWave+WiFi-CSI,,,pampjpe,0.10362592,lower_better,,,no,yes,no,discard,Reproduced/legacy baseline; avoid using anomalous values as the main comparison.,high
E:\Deskbook\Tea\origin-XFI\Ori-HPE\outputs\main_eval_latest.csv,csv,ori_baseline,X-Fi baseline,Depth+Lidar+mmWave+WiFi-CSI,,,mse,0.02707599,lower_better,,,no,yes,no,discard,Reproduced/legacy baseline; avoid using anomalous values as the main comparison.,high
E:\Deskbook\Tea\origin-XFI\Ori-HPE\outputs\main_eval_latest.csv,csv,ori_baseline,X-Fi baseline,Depth+Lidar+mmWave+WiFi-CSI,,,mpjpe,0.24438867,lower_better,,,no,yes,no,discard,Reproduced/legacy baseline; avoid using anomalous values as the main comparison.,high
E:\Deskbook\Tea\origin-XFI\Ori-HPE\outputs\main_eval_latest.csv,csv,ori_baseline,X-Fi baseline,Depth+Lidar+mmWave+WiFi-CSI,,,pampjpe,0.10346378,lower_better,,,no,yes,no,discard,Reproduced/legacy baseline; avoid using anomalous values as the main comparison.,high
E:\Deskbook\Tea\origin-XFI\Ori-HPE\outputs\main_eval_latest.csv,csv,ori_baseline,X-Fi baseline,VK+Depth+Lidar+mmWave+WiFi-CSI,,,mse,0.02711255,lower_better,,,no,yes,no,discard,Reproduced/legacy baseline; avoid using anomalous values as the main comparison.,high
E:\Deskbook\Tea\origin-XFI\Ori-HPE\outputs\main_eval_latest.csv,csv,ori_baseline,X-Fi baseline,VK+Depth+Lidar+mmWave+WiFi-CSI,,,mpjpe,0.24470266,lower_better,,,no,yes,no,discard,Reproduced/legacy baseline; avoid using anomalous values as the main comparison.,high
E:\Deskbook\Tea\origin-XFI\Ori-HPE\outputs\main_eval_latest.csv,csv,ori_baseline,X-Fi baseline,VK+Depth+Lidar+mmWave+WiFi-CSI,,,pampjpe,0.10352792,lower_better,,,no,yes,no,discard,Reproduced/legacy baseline; avoid using anomalous values as the main comparison.,high
E:\Deskbook\Tea\origin-XFI\Ori-HPE\outputs\main_eval_latest.txt,txt,ori_baseline,X-Fi baseline,,,,mse,0.02756532,lower_better,,,no,yes,no,discard,Metric extracted from text/log pattern.,medium
E:\Deskbook\Tea\origin-XFI\Ori-HPE\outputs\main_eval_latest.txt,txt,ori_baseline,X-Fi baseline,,,,mpjpe,0.24681568,lower_better,,,no,yes,no,discard,Metric extracted from text/log pattern.,medium
E:\Deskbook\Tea\origin-XFI\Ori-HPE\outputs\main_eval_latest.txt,txt,ori_baseline,X-Fi baseline,,,,pampjpe,0.10394252,lower_better,,,no,yes,no,discard,Metric extracted from text/log pattern.,medium
E:\Deskbook\Tea\origin-XFI\Ori-HPE\outputs\main_eval_latest.txt,txt,ori_baseline,X-Fi baseline,,,,mse,0.02746121,lower_better,,,no,yes,no,discard,Metric extracted from text/log pattern.,medium
E:\Deskbook\Tea\origin-XFI\Ori-HPE\outputs\main_eval_latest.txt,txt,ori_baseline,X-Fi baseline,,,,mpjpe,0.24648527,lower_better,,,no,yes,no,discard,Metric extracted from text/log pattern.,medium
E:\Deskbook\Tea\origin-XFI\Ori-HPE\outputs\main_eval_latest.txt,txt,ori_baseline,X-Fi baseline,,,,pampjpe,0.10339700,lower_better,,,no,yes,no,discard,Metric extracted from text/log pattern.,medium
E:\Deskbook\Tea\origin-XFI\Ori-HPE\outputs\main_eval_latest.txt,txt,ori_baseline,X-Fi baseline,,,,mse,0.02720944,lower_better,,,no,yes,no,discard,Metric extracted from text/log pattern.,medium
E:\Deskbook\Tea\origin-XFI\Ori-HPE\outputs\main_eval_latest.txt,txt,ori_baseline,X-Fi baseline,,,,mpjpe,0.24493983,lower_better,,,no,yes,no,discard,Metric extracted from text/log pattern.,medium
E:\Deskbook\Tea\origin-XFI\Ori-HPE\outputs\main_eval_latest.txt,txt,ori_baseline,X-Fi baseline,,,,pampjpe,0.10340293,lower_better,,,no,yes,no,discard,Metric extracted from text/log pattern.,medium
E:\Deskbook\Tea\origin-XFI\Ori-HPE\outputs\main_eval_latest.txt,txt,ori_baseline,X-Fi baseline,,,,mse,0.02710118,lower_better,,,no,yes,no,discard,Metric extracted from text/log pattern.,medium
E:\Deskbook\Tea\origin-XFI\Ori-HPE\outputs\main_eval_latest.txt,txt,ori_baseline,X-Fi baseline,,,,mpjpe,0.24424475,lower_better,,,no,yes,no,discard,Metric extracted from text/log pattern.,medium
E:\Deskbook\Tea\origin-XFI\Ori-HPE\outputs\main_eval_latest.txt,txt,ori_baseline,X-Fi baseline,,,,pampjpe,0.10341051,lower_better,,,no,yes,no,discard,Metric extracted from text/log pattern.,medium
E:\Deskbook\Tea\origin-XFI\Ori-HPE\outputs\main_eval_latest.txt,txt,ori_baseline,X-Fi baseline,,,,mse,0.02711223,lower_better,,,no,yes,no,discard,Metric extracted from text/log pattern.,medium
E:\Deskbook\Tea\origin-XFI\Ori-HPE\outputs\main_eval_latest.txt,txt,ori_baseline,X-Fi baseline,,,,mpjpe,0.24462578,lower_better,,,no,yes,no,discard,Metric extracted from text/log pattern.,medium
E:\Deskbook\Tea\origin-XFI\Ori-HPE\outputs\main_eval_latest.txt,txt,ori_baseline,X-Fi baseline,,,,pampjpe,0.10402724,lower_better,,,no,yes,no,discard,Metric extracted from text/log pattern.,medium
E:\Deskbook\Tea\origin-XFI\Ori-HPE\outputs\main_eval_latest.txt,txt,ori_baseline,X-Fi baseline,,,,mse,0.02758799,lower_better,,,no,yes,no,discard,Metric extracted from text/log pattern.,medium
E:\Deskbook\Tea\origin-XFI\Ori-HPE\outputs\main_eval_latest.txt,txt,ori_baseline,X-Fi baseline,,,,mpjpe,0.24662388,lower_better,,,no,yes,no,discard,Metric extracted from text/log pattern.,medium
E:\Deskbook\Tea\origin-XFI\Ori-HPE\outputs\main_eval_latest.txt,txt,ori_baseline,X-Fi baseline,,,,pampjpe,0.10356604,lower_better,,,no,yes,no,discard,Metric extracted from text/log pattern.,medium
E:\Deskbook\Tea\origin-XFI\Ori-HPE\outputs\main_eval_latest.txt,txt,ori_baseline,X-Fi baseline,,,,mse,0.02729864,lower_better,,,no,yes,no,discard,Metric extracted from text/log pattern.,medium
E:\Deskbook\Tea\origin-XFI\Ori-HPE\outputs\main_eval_latest.txt,txt,ori_baseline,X-Fi baseline,,,,mpjpe,0.24541376,lower_better,,,no,yes,no,discard,Metric extracted from text/log pattern.,medium
E:\Deskbook\Tea\origin-XFI\Ori-HPE\outputs_cross_baseline\runs\20260702_161253\logs\hpe_cross_scene_split_train.log,log,cross_scene,X-Fi baseline,,,cross-scene,,,,,,yes,no,no,discussion,Text/log parsed but no recognized metric pattern was found.,medium
E:\Deskbook\Tea\origin-XFI\Ori-HPE\outputs_cross_baseline\runs\20260702_161253\logs\hpe_cross_subject_split_train.log,log,cross_subject,X-Fi baseline,,,cross-subject,,,,,,yes,no,no,discussion,Text/log parsed but no recognized metric pattern was found.,medium
E:\Deskbook\Tea\origin-XFI\Ori-HAR\outputs\main_eval_20260509_183248.csv,csv,ori_baseline,X-Fi baseline,VK,,,accuracy,0.75925926,higher_better,,,no,yes,no,discard,Reproduced/legacy baseline; avoid using anomalous values as the main comparison.,high
E:\Deskbook\Tea\origin-XFI\Ori-HAR\outputs\main_eval_20260509_183248.csv,csv,ori_baseline,X-Fi baseline,Depth,,,accuracy,0.45613543,higher_better,,,no,yes,no,discard,Reproduced/legacy baseline; avoid using anomalous values as the main comparison.,high
E:\Deskbook\Tea\origin-XFI\Ori-HAR\outputs\main_eval_20260509_183248.csv,csv,ori_baseline,X-Fi baseline,Lidar,,,accuracy,0.39833520,higher_better,,,no,yes,no,discard,Reproduced/legacy baseline; avoid using anomalous values as the main comparison.,high
E:\Deskbook\Tea\origin-XFI\Ori-HAR\outputs\main_eval_20260509_183248.csv,csv,ori_baseline,X-Fi baseline,mmWave,,,accuracy,0.80783140,higher_better,,,no,yes,no,discard,Reproduced/legacy baseline; avoid using anomalous values as the main comparison.,high
E:\Deskbook\Tea\origin-XFI\Ori-HAR\outputs\main_eval_20260509_183248.csv,csv,ori_baseline,X-Fi baseline,VK+Depth,,,accuracy,0.56316249,higher_better,,,no,yes,no,discard,Reproduced/legacy baseline; avoid using anomalous values as the main comparison.,high
E:\Deskbook\Tea\origin-XFI\Ori-HAR\outputs\main_eval_20260509_183248.csv,csv,ori_baseline,X-Fi baseline,VK+Lidar,,,accuracy,0.77291433,higher_better,,,no,yes,no,discard,Reproduced/legacy baseline; avoid using anomalous values as the main comparison.,high
E:\Deskbook\Tea\origin-XFI\Ori-HAR\outputs\main_eval_20260509_183248.csv,csv,ori_baseline,X-Fi baseline,VK+mmWave,,,accuracy,0.91658873,higher_better,,,no,yes,no,discard,Reproduced/legacy baseline; avoid using anomalous values as the main comparison.,high
E:\Deskbook\Tea\origin-XFI\Ori-HAR\outputs\main_eval_20260509_183248.csv,csv,ori_baseline,X-Fi baseline,Depth+Lidar,,,accuracy,0.47708567,higher_better,,,no,yes,no,discard,Reproduced/legacy baseline; avoid using anomalous values as the main comparison.,high
E:\Deskbook\Tea\origin-XFI\Ori-HAR\outputs\main_eval_20260509_183248.csv,csv,ori_baseline,X-Fi baseline,Depth+mmWave,,,accuracy,0.69039157,higher_better,,,no,yes,no,discard,Reproduced/legacy baseline; avoid using anomalous values as the main comparison.,high
E:\Deskbook\Tea\origin-XFI\Ori-HAR\outputs\main_eval_20260509_183248.csv,csv,ori_baseline,X-Fi baseline,Lidar+mmWave,,,accuracy,0.84542960,higher_better,,,no,yes,no,discard,Reproduced/legacy baseline; avoid using anomalous values as the main comparison.,high
E:\Deskbook\Tea\origin-XFI\Ori-HAR\outputs\main_eval_20260509_183248.csv,csv,ori_baseline,X-Fi baseline,VK+Depth+Lidar,,,accuracy,0.58576506,higher_better,,,no,yes,no,discard,Reproduced/legacy baseline; avoid using anomalous values as the main comparison.,high
E:\Deskbook\Tea\origin-XFI\Ori-HAR\outputs\main_eval_20260509_183248.csv,csv,ori_baseline,X-Fi baseline,VK+Depth+mmWave,,,accuracy,0.77088789,higher_better,,,no,yes,no,discard,Reproduced/legacy baseline; avoid using anomalous values as the main comparison.,high
E:\Deskbook\Tea\origin-XFI\Ori-HAR\outputs\main_eval_20260509_183248.csv,csv,ori_baseline,X-Fi baseline,VK+Lidar+mmWave,,,accuracy,0.91468699,higher_better,,,no,yes,no,discard,Reproduced/legacy baseline; avoid using anomalous values as the main comparison.,high
E:\Deskbook\Tea\origin-XFI\Ori-HAR\outputs\main_eval_20260509_183248.csv,csv,ori_baseline,X-Fi baseline,Depth+Lidar+mmWave,,,accuracy,0.70872303,higher_better,,,no,yes,no,discard,Reproduced/legacy baseline; avoid using anomalous values as the main comparison.,high
E:\Deskbook\Tea\origin-XFI\Ori-HAR\outputs\main_eval_20260509_183248.csv,csv,ori_baseline,X-Fi baseline,VK+Depth+Lidar+mmWave,,,accuracy,0.77702955,higher_better,,,no,yes,no,discard,Reproduced/legacy baseline; avoid using anomalous values as the main comparison.,high
E:\Deskbook\Tea\origin-XFI\Ori-HAR\outputs\main_eval_20260509_183248.txt,txt,ori_baseline,X-Fi baseline,,,,loss,0.69687503,,,,no,yes,no,discard,Metric extracted from text/log pattern.,medium
E:\Deskbook\Tea\origin-XFI\Ori-HAR\outputs\main_eval_20260509_183248.txt,txt,ori_baseline,X-Fi baseline,,,,accuracy,0.75925926,higher_better,,,no,yes,no,discard,Metric extracted from text/log pattern.,medium
E:\Deskbook\Tea\origin-XFI\Ori-HAR\outputs\main_eval_20260509_183248.txt,txt,ori_baseline,X-Fi baseline,,,,loss,4.39082746,,,,no,yes,no,discard,Metric extracted from text/log pattern.,medium
E:\Deskbook\Tea\origin-XFI\Ori-HAR\outputs\main_eval_20260509_183248.txt,txt,ori_baseline,X-Fi baseline,,,,accuracy,0.45613543,higher_better,,,no,yes,no,discard,Metric extracted from text/log pattern.,medium
E:\Deskbook\Tea\origin-XFI\Ori-HAR\outputs\main_eval_20260509_183248.txt,txt,ori_baseline,X-Fi baseline,,,,loss,1.96926866,,,,no,yes,no,discard,Metric extracted from text/log pattern.,medium
E:\Deskbook\Tea\origin-XFI\Ori-HAR\outputs\main_eval_20260509_183248.txt,txt,ori_baseline,X-Fi baseline,,,,accuracy,0.39833520,higher_better,,,no,yes,no,discard,Metric extracted from text/log pattern.,medium
E:\Deskbook\Tea\origin-XFI\Ori-HAR\outputs\main_eval_20260509_183248.txt,txt,ori_baseline,X-Fi baseline,,,,loss,0.67197127,,,,no,yes,no,discard,Metric extracted from text/log pattern.,medium
E:\Deskbook\Tea\origin-XFI\Ori-HAR\outputs\main_eval_20260509_183248.txt,txt,ori_baseline,X-Fi baseline,,,,accuracy,0.80783140,higher_better,,,no,yes,no,discard,Metric extracted from text/log pattern.,medium
E:\Deskbook\Tea\origin-XFI\Ori-HAR\outputs\main_eval_20260509_183248.txt,txt,ori_baseline,X-Fi baseline,,,,loss,2.38559923,,,,no,yes,no,discard,Metric extracted from text/log pattern.,medium
E:\Deskbook\Tea\origin-XFI\Ori-HAR\outputs\main_eval_20260509_183248.txt,txt,ori_baseline,X-Fi baseline,,,,accuracy,0.56316249,higher_better,,,no,yes,no,discard,Metric extracted from text/log pattern.,medium
E:\Deskbook\Tea\origin-XFI\Ori-HAR\outputs\main_eval_20260509_183248.txt,txt,ori_baseline,X-Fi baseline,,,,loss,0.66256445,,,,no,yes,no,discard,Metric extracted from text/log pattern.,medium
E:\Deskbook\Tea\origin-XFI\Ori-HAR\outputs\main_eval_20260509_183248.txt,txt,ori_baseline,X-Fi baseline,,,,accuracy,0.77291433,higher_better,,,no,yes,no,discard,Metric extracted from text/log pattern.,medium
E:\Deskbook\Tea\origin-XFI\Ori-HAR\outputs\main_eval_20260509_183248.txt,txt,ori_baseline,X-Fi baseline,,,,loss,0.25401080,,,,no,yes,no,discard,Metric extracted from text/log pattern.,medium
E:\Deskbook\Tea\origin-XFI\Ori-HAR\outputs\main_eval_20260509_183248.txt,txt,ori_baseline,X-Fi baseline,,,,accuracy,0.91658873,higher_better,,,no,yes,no,discard,Metric extracted from text/log pattern.,medium
E:\Deskbook\Tea\origin-XFI\Ori-HAR\outputs\main_eval_20260509_183248.txt,txt,ori_baseline,X-Fi baseline,,,,loss,3.73766989,,,,no,yes,no,discard,Metric extracted from text/log pattern.,medium
E:\Deskbook\Tea\origin-XFI\Ori-HAR\outputs\main_eval_20260509_183248.txt,txt,ori_baseline,X-Fi baseline,,,,accuracy,0.47708567,higher_better,,,no,yes,no,discard,Metric extracted from text/log pattern.,medium
E:\Deskbook\Tea\origin-XFI\Ori-HAR\outputs\main_eval_20260509_183248.txt,txt,ori_baseline,X-Fi baseline,,,,loss,1.32653840,,,,no,yes,no,discard,Metric extracted from text/log pattern.,medium
E:\Deskbook\Tea\origin-XFI\Ori-HAR\outputs\main_eval_20260509_183248.txt,txt,ori_baseline,X-Fi baseline,,,,accuracy,0.69039157,higher_better,,,no,yes,no,discard,Metric extracted from text/log pattern.,medium
E:\Deskbook\Tea\origin-XFI\Ori-HAR\outputs\main_eval_20260509_183248.txt,txt,ori_baseline,X-Fi baseline,,,,loss,0.51692409,,,,no,yes,no,discard,Metric extracted from text/log pattern.,medium
E:\Deskbook\Tea\origin-XFI\Ori-HAR\outputs\main_eval_20260509_183248.txt,txt,ori_baseline,X-Fi baseline,,,,accuracy,0.84542960,higher_better,,,no,yes,no,discard,Metric extracted from text/log pattern.,medium
E:\Deskbook\Tea\origin-XFI\Ori-HAR\outputs\main_eval_latest.csv,csv,ori_baseline,X-Fi baseline,VK,,,accuracy,0.75925926,higher_better,,,no,yes,no,discard,Reproduced/legacy baseline; avoid using anomalous values as the main comparison.,high
E:\Deskbook\Tea\origin-XFI\Ori-HAR\outputs\main_eval_latest.csv,csv,ori_baseline,X-Fi baseline,Depth,,,accuracy,0.45613543,higher_better,,,no,yes,no,discard,Reproduced/legacy baseline; avoid using anomalous values as the main comparison.,high
E:\Deskbook\Tea\origin-XFI\Ori-HAR\outputs\main_eval_latest.csv,csv,ori_baseline,X-Fi baseline,Lidar,,,accuracy,0.39833520,higher_better,,,no,yes,no,discard,Reproduced/legacy baseline; avoid using anomalous values as the main comparison.,high
E:\Deskbook\Tea\origin-XFI\Ori-HAR\outputs\main_eval_latest.csv,csv,ori_baseline,X-Fi baseline,mmWave,,,accuracy,0.80783140,higher_better,,,no,yes,no,discard,Reproduced/legacy baseline; avoid using anomalous values as the main comparison.,high
E:\Deskbook\Tea\origin-XFI\Ori-HAR\outputs\main_eval_latest.csv,csv,ori_baseline,X-Fi baseline,VK+Depth,,,accuracy,0.56316249,higher_better,,,no,yes,no,discard,Reproduced/legacy baseline; avoid using anomalous values as the main comparison.,high
E:\Deskbook\Tea\origin-XFI\Ori-HAR\outputs\main_eval_latest.csv,csv,ori_baseline,X-Fi baseline,VK+Lidar,,,accuracy,0.77291433,higher_better,,,no,yes,no,discard,Reproduced/legacy baseline; avoid using anomalous values as the main comparison.,high
E:\Deskbook\Tea\origin-XFI\Ori-HAR\outputs\main_eval_latest.csv,csv,ori_baseline,X-Fi baseline,VK+mmWave,,,accuracy,0.91658873,higher_better,,,no,yes,no,discard,Reproduced/legacy baseline; avoid using anomalous values as the main comparison.,high
E:\Deskbook\Tea\origin-XFI\Ori-HAR\outputs\main_eval_latest.csv,csv,ori_baseline,X-Fi baseline,Depth+Lidar,,,accuracy,0.47708567,higher_better,,,no,yes,no,discard,Reproduced/legacy baseline; avoid using anomalous values as the main comparison.,high
E:\Deskbook\Tea\origin-XFI\Ori-HAR\outputs\main_eval_latest.csv,csv,ori_baseline,X-Fi baseline,Depth+mmWave,,,accuracy,0.69039157,higher_better,,,no,yes,no,discard,Reproduced/legacy baseline; avoid using anomalous values as the main comparison.,high
E:\Deskbook\Tea\origin-XFI\Ori-HAR\outputs\main_eval_latest.csv,csv,ori_baseline,X-Fi baseline,Lidar+mmWave,,,accuracy,0.84542960,higher_better,,,no,yes,no,discard,Reproduced/legacy baseline; avoid using anomalous values as the main comparison.,high
E:\Deskbook\Tea\origin-XFI\Ori-HAR\outputs\main_eval_latest.csv,csv,ori_baseline,X-Fi baseline,VK+Depth+Lidar,,,accuracy,0.58576506,higher_better,,,no,yes,no,discard,Reproduced/legacy baseline; avoid using anomalous values as the main comparison.,high
E:\Deskbook\Tea\origin-XFI\Ori-HAR\outputs\main_eval_latest.csv,csv,ori_baseline,X-Fi baseline,VK+Depth+mmWave,,,accuracy,0.77088789,higher_better,,,no,yes,no,discard,Reproduced/legacy baseline; avoid using anomalous values as the main comparison.,high
E:\Deskbook\Tea\origin-XFI\Ori-HAR\outputs\main_eval_latest.csv,csv,ori_baseline,X-Fi baseline,VK+Lidar+mmWave,,,accuracy,0.91468699,higher_better,,,no,yes,no,discard,Reproduced/legacy baseline; avoid using anomalous values as the main comparison.,high
E:\Deskbook\Tea\origin-XFI\Ori-HAR\outputs\main_eval_latest.csv,csv,ori_baseline,X-Fi baseline,Depth+Lidar+mmWave,,,accuracy,0.70872303,higher_better,,,no,yes,no,discard,Reproduced/legacy baseline; avoid using anomalous values as the main comparison.,high
E:\Deskbook\Tea\origin-XFI\Ori-HAR\outputs\main_eval_latest.csv,csv,ori_baseline,X-Fi baseline,VK+Depth+Lidar+mmWave,,,accuracy,0.77702955,higher_better,,,no,yes,no,discard,Reproduced/legacy baseline; avoid using anomalous values as the main comparison.,high
E:\Deskbook\Tea\origin-XFI\Ori-HAR\outputs\main_eval_latest.txt,txt,ori_baseline,X-Fi baseline,,,,loss,0.69687503,,,,no,yes,no,discard,Metric extracted from text/log pattern.,medium
E:\Deskbook\Tea\origin-XFI\Ori-HAR\outputs\main_eval_latest.txt,txt,ori_baseline,X-Fi baseline,,,,accuracy,0.75925926,higher_better,,,no,yes,no,discard,Metric extracted from text/log pattern.,medium
E:\Deskbook\Tea\origin-XFI\Ori-HAR\outputs\main_eval_latest.txt,txt,ori_baseline,X-Fi baseline,,,,loss,4.39082746,,,,no,yes,no,discard,Metric extracted from text/log pattern.,medium
E:\Deskbook\Tea\origin-XFI\Ori-HAR\outputs\main_eval_latest.txt,txt,ori_baseline,X-Fi baseline,,,,accuracy,0.45613543,higher_better,,,no,yes,no,discard,Metric extracted from text/log pattern.,medium
E:\Deskbook\Tea\origin-XFI\Ori-HAR\outputs\main_eval_latest.txt,txt,ori_baseline,X-Fi baseline,,,,loss,1.96926866,,,,no,yes,no,discard,Metric extracted from text/log pattern.,medium
E:\Deskbook\Tea\origin-XFI\Ori-HAR\outputs\main_eval_latest.txt,txt,ori_baseline,X-Fi baseline,,,,accuracy,0.39833520,higher_better,,,no,yes,no,discard,Metric extracted from text/log pattern.,medium
E:\Deskbook\Tea\origin-XFI\Ori-HAR\outputs\main_eval_latest.txt,txt,ori_baseline,X-Fi baseline,,,,loss,0.67197127,,,,no,yes,no,discard,Metric extracted from text/log pattern.,medium
E:\Deskbook\Tea\origin-XFI\Ori-HAR\outputs\main_eval_latest.txt,txt,ori_baseline,X-Fi baseline,,,,accuracy,0.80783140,higher_better,,,no,yes,no,discard,Metric extracted from text/log pattern.,medium
E:\Deskbook\Tea\origin-XFI\Ori-HAR\outputs\main_eval_latest.txt,txt,ori_baseline,X-Fi baseline,,,,loss,2.38559923,,,,no,yes,no,discard,Metric extracted from text/log pattern.,medium
E:\Deskbook\Tea\origin-XFI\Ori-HAR\outputs\main_eval_latest.txt,txt,ori_baseline,X-Fi baseline,,,,accuracy,0.56316249,higher_better,,,no,yes,no,discard,Metric extracted from text/log pattern.,medium
E:\Deskbook\Tea\origin-XFI\Ori-HAR\outputs\main_eval_latest.txt,txt,ori_baseline,X-Fi baseline,,,,loss,0.66256445,,,,no,yes,no,discard,Metric extracted from text/log pattern.,medium
E:\Deskbook\Tea\origin-XFI\Ori-HAR\outputs\main_eval_latest.txt,txt,ori_baseline,X-Fi baseline,,,,accuracy,0.77291433,higher_better,,,no,yes,no,discard,Metric extracted from text/log pattern.,medium
E:\Deskbook\Tea\origin-XFI\Ori-HAR\outputs\main_eval_latest.txt,txt,ori_baseline,X-Fi baseline,,,,loss,0.25401080,,,,no,yes,no,discard,Metric extracted from text/log pattern.,medium
E:\Deskbook\Tea\origin-XFI\Ori-HAR\outputs\main_eval_latest.txt,txt,ori_baseline,X-Fi baseline,,,,accuracy,0.91658873,higher_better,,,no,yes,no,discard,Metric extracted from text/log pattern.,medium
E:\Deskbook\Tea\origin-XFI\Ori-HAR\outputs\main_eval_latest.txt,txt,ori_baseline,X-Fi baseline,,,,loss,3.73766989,,,,no,yes,no,discard,Metric extracted from text/log pattern.,medium
E:\Deskbook\Tea\origin-XFI\Ori-HAR\outputs\main_eval_latest.txt,txt,ori_baseline,X-Fi baseline,,,,accuracy,0.47708567,higher_better,,,no,yes,no,discard,Metric extracted from text/log pattern.,medium
E:\Deskbook\Tea\origin-XFI\Ori-HAR\outputs\main_eval_latest.txt,txt,ori_baseline,X-Fi baseline,,,,loss,1.32653840,,,,no,yes,no,discard,Metric extracted from text/log pattern.,medium
E:\Deskbook\Tea\origin-XFI\Ori-HAR\outputs\main_eval_latest.txt,txt,ori_baseline,X-Fi baseline,,,,accuracy,0.69039157,higher_better,,,no,yes,no,discard,Metric extracted from text/log pattern.,medium
E:\Deskbook\Tea\origin-XFI\Ori-HAR\outputs\main_eval_latest.txt,txt,ori_baseline,X-Fi baseline,,,,loss,0.51692409,,,,no,yes,no,discard,Metric extracted from text/log pattern.,medium
E:\Deskbook\Tea\origin-XFI\Ori-HAR\outputs\main_eval_latest.txt,txt,ori_baseline,X-Fi baseline,,,,accuracy,0.84542960,higher_better,,,no,yes,no,discard,Metric extracted from text/log pattern.,medium
E:\Deskbook\Tea\origin-XFI\Ori-HAR\outputs_cross_baseline\runs\20260702_161306\logs\har_cross_scene_split_train.log,log,cross_scene,X-Fi baseline,,,cross-scene,,,,,,yes,no,no,discussion,Text/log parsed but no recognized metric pattern was found.,medium
E:\Deskbook\Tea\origin-XFI\Ori-HAR\outputs_cross_baseline\runs\20260702_161306\logs\har_cross_subject_split_train.log,log,cross_subject,X-Fi baseline,,,cross-subject,,,,,,yes,no,no,discussion,Text/log parsed but no recognized metric pattern was found.,medium
E:\Deskbook\Tea\HPE\legacy_xfi\xfi_hpe_table1.csv,csv,xfi_baseline,X-Fi baseline,,,,,,,,,no,yes,no,main_table,CSV parsed but no recognized metric column was found.,high
E:\Deskbook\Tea\HPE\outputs\baseline_full\epoch_history.csv,csv,HPE,epoch_history,,,,,,,,,yes,no,no,main_table,CSV parsed but no recognized metric column was found.,high
E:\Deskbook\Tea\HPE\outputs\baseline_full\experiment_info.json,json,HPE,experiment_info,,,,,,,,,yes,no,no,main_table,JSON parsed but no recognized metric key was found.,high
E:\Deskbook\Tea\HPE\outputs\baseline_full\final_eval.csv,csv,HPE,VK-XFi-Baseline-Full,vk+depth+lidar+mmwave+wifi-csi,,protocol3,mse,0.0014151258380642683,lower_better,,,yes,no,no,main_table,"Directly supports VK replacement, FSG, missing-modality robustness, or baseline comparison.",high
E:\Deskbook\Tea\HPE\outputs\baseline_full\final_eval.csv,csv,HPE,VK-XFi-Baseline-Full,vk+depth+lidar+mmwave+wifi-csi,,protocol3,mpjpe,0.04913539463921978,lower_better,,,yes,no,no,main_table,"Directly supports VK replacement, FSG, missing-modality robustness, or baseline comparison.",high
E:\Deskbook\Tea\HPE\outputs\baseline_full\final_eval.csv,csv,HPE,VK-XFi-Baseline-Full,vk+depth+lidar+mmwave+wifi-csi,,protocol3,pa_mpjpe,0.03348195314565575,lower_better,,,yes,no,no,main_table,"Directly supports VK replacement, FSG, missing-modality robustness, or baseline comparison.",high
E:\Deskbook\Tea\HPE\outputs\baseline_full\final_eval.md,md,HPE,final_eval,,,,,,,,,yes,no,no,main_table,Text/log parsed but no recognized metric pattern was found.,medium
E:\Deskbook\Tea\HPE\outputs\baseline_full\final_summary.json,json,HPE,final_summary,,,,mse,0.0014151258380642683,lower_better,,,yes,no,no,main_table,"Directly supports VK replacement, FSG, missing-modality robustness, or baseline comparison.",high
E:\Deskbook\Tea\HPE\outputs\baseline_full\final_summary.json,json,HPE,final_summary,,,,mpjpe,0.04913539463921978,lower_better,,,yes,no,no,main_table,"Directly supports VK replacement, FSG, missing-modality robustness, or baseline comparison.",high
E:\Deskbook\Tea\HPE\outputs\baseline_full\final_summary.json,json,HPE,final_summary,,,,pa_mpjpe,0.03348195314565575,lower_better,,,yes,no,no,main_table,"Directly supports VK replacement, FSG, missing-modality robustness, or baseline comparison.",high
E:\Deskbook\Tea\HPE\outputs\baseline_full_cross_scene_split\dependencies.txt,txt,cross_scene,dependencies,,,cross-scene,,,,,,yes,no,no,discussion,Text/log parsed but no recognized metric pattern was found.,medium
E:\Deskbook\Tea\HPE\outputs\baseline_full_cross_scene_split\epoch_history.csv,csv,cross_scene,epoch_history,,,cross-scene,,,,,,yes,no,no,discussion,CSV parsed but no recognized metric column was found.,high
E:\Deskbook\Tea\HPE\outputs\baseline_full_cross_scene_split\experiment_info.json,json,cross_scene,experiment_info,,,cross-scene,,,,,,yes,no,no,discussion,JSON parsed but no recognized metric key was found.,high
E:\Deskbook\Tea\HPE\outputs\baseline_full_cross_subject_split\dependencies.txt,txt,cross_subject,dependencies,,,cross-subject,,,,,,yes,no,no,discussion,Text/log parsed but no recognized metric pattern was found.,medium
E:\Deskbook\Tea\HPE\outputs\baseline_full_cross_subject_split\experiment_info.json,json,cross_subject,experiment_info,,,cross-subject,,,,,,yes,no,no,discussion,JSON parsed but no recognized metric key was found.,high
E:\Deskbook\Tea\HPE\outputs\eval\ablation_encoder_mlp_vk_all_combinations.csv,csv,ablation,VK-RCD-Ablation,vk,,protocol3,mse,0.05430256769717044,lower_better,,,yes,no,no,ablation_table,Supports mechanism/ablation analysis.,high
E:\Deskbook\Tea\HPE\outputs\eval\ablation_encoder_mlp_vk_all_combinations.csv,csv,ablation,VK-RCD-Ablation,vk,,protocol3,mpjpe,0.3805217864745602,lower_better,,,yes,no,no,ablation_table,Supports mechanism/ablation analysis.,high
E:\Deskbook\Tea\HPE\outputs\eval\ablation_encoder_mlp_vk_all_combinations.csv,csv,ablation,VK-RCD-Ablation,vk,,protocol3,pa_mpjpe,0.15104206246345023,lower_better,,,yes,no,no,ablation_table,Supports mechanism/ablation analysis.,high
E:\Deskbook\Tea\HPE\outputs\eval\ablation_encoder_mlp_vk_all_combinations.csv,csv,ablation,VK-RCD-Ablation,depth,,protocol3,mse,0.029923936435521905,lower_better,,,yes,no,no,ablation_table,Supports mechanism/ablation analysis.,high
E:\Deskbook\Tea\HPE\outputs\eval\ablation_encoder_mlp_vk_all_combinations.csv,csv,ablation,VK-RCD-Ablation,depth,,protocol3,mpjpe,0.2697216794442946,lower_better,,,yes,no,no,ablation_table,Supports mechanism/ablation analysis.,high
E:\Deskbook\Tea\HPE\outputs\eval\ablation_encoder_mlp_vk_all_combinations.csv,csv,ablation,VK-RCD-Ablation,depth,,protocol3,pa_mpjpe,0.08439123774445385,lower_better,,,yes,no,no,ablation_table,Supports mechanism/ablation analysis.,high
E:\Deskbook\Tea\HPE\outputs\eval\ablation_encoder_mlp_vk_all_combinations.csv,csv,ablation,VK-RCD-Ablation,lidar,,protocol3,mse,1.861716388630323,lower_better,,,yes,no,no,ablation_table,Supports mechanism/ablation analysis.,high
E:\Deskbook\Tea\HPE\outputs\eval\ablation_encoder_mlp_vk_all_combinations.csv,csv,ablation,VK-RCD-Ablation,lidar,,protocol3,mpjpe,2.357037975092692,lower_better,,,yes,no,no,ablation_table,Supports mechanism/ablation analysis.,high
E:\Deskbook\Tea\HPE\outputs\eval\ablation_encoder_mlp_vk_all_combinations.csv,csv,ablation,VK-RCD-Ablation,lidar,,protocol3,pa_mpjpe,0.3896259365380412,lower_better,,,yes,no,no,ablation_table,Supports mechanism/ablation analysis.,high
E:\Deskbook\Tea\HPE\outputs\eval\ablation_encoder_mlp_vk_all_combinations.csv,csv,ablation,VK-RCD-Ablation,mmwave,,protocol3,mse,0.0877075263950939,lower_better,,,yes,no,no,ablation_table,Supports mechanism/ablation analysis.,high
E:\Deskbook\Tea\HPE\outputs\eval\ablation_encoder_mlp_vk_all_combinations.csv,csv,ablation,VK-RCD-Ablation,mmwave,,protocol3,mpjpe,0.4934313559431078,lower_better,,,yes,no,no,ablation_table,Supports mechanism/ablation analysis.,high
E:\Deskbook\Tea\HPE\outputs\eval\ablation_encoder_mlp_vk_all_combinations.csv,csv,ablation,VK-RCD-Ablation,mmwave,,protocol3,pa_mpjpe,0.12371379123081962,lower_better,,,yes,no,no,ablation_table,Supports mechanism/ablation analysis.,high
E:\Deskbook\Tea\HPE\outputs\eval\ablation_encoder_mlp_vk_all_combinations.csv,csv,ablation,VK-RCD-Ablation,wifi-csi,,protocol3,mse,0.5733738541974734,lower_better,,,yes,no,no,ablation_table,Supports mechanism/ablation analysis.,high
E:\Deskbook\Tea\HPE\outputs\eval\ablation_encoder_mlp_vk_all_combinations.csv,csv,ablation,VK-RCD-Ablation,wifi-csi,,protocol3,mpjpe,1.2974439607859996,lower_better,,,yes,no,no,ablation_table,Supports mechanism/ablation analysis.,high
E:\Deskbook\Tea\HPE\outputs\eval\ablation_encoder_mlp_vk_all_combinations.csv,csv,ablation,VK-RCD-Ablation,wifi-csi,,protocol3,pa_mpjpe,0.29477736438408986,lower_better,,,yes,no,no,ablation_table,Supports mechanism/ablation analysis.,high
E:\Deskbook\Tea\HPE\outputs\eval\ablation_encoder_mlp_vk_all_combinations.csv,csv,ablation,VK-RCD-Ablation,vk+depth,,protocol3,mse,0.026902315241319162,lower_better,,,yes,no,no,ablation_table,Supports mechanism/ablation analysis.,high
E:\Deskbook\Tea\HPE\outputs\eval\ablation_encoder_mlp_vk_all_combinations.csv,csv,ablation,VK-RCD-Ablation,vk+depth,,protocol3,mpjpe,0.27652725895483726,lower_better,,,yes,no,no,ablation_table,Supports mechanism/ablation analysis.,high
E:\Deskbook\Tea\HPE\outputs\eval\ablation_encoder_mlp_vk_all_combinations.csv,csv,ablation,VK-RCD-Ablation,vk+depth,,protocol3,pa_mpjpe,0.08652829495753374,lower_better,,,yes,no,no,ablation_table,Supports mechanism/ablation analysis.,high
E:\Deskbook\Tea\HPE\outputs\eval\ablation_encoder_mlp_vk_all_combinations.csv,csv,ablation,VK-RCD-Ablation,vk+lidar,,protocol3,mse,0.04689671973100768,lower_better,,,yes,no,no,ablation_table,Supports mechanism/ablation analysis.,high
E:\Deskbook\Tea\HPE\outputs\eval\ablation_encoder_mlp_vk_all_combinations.csv,csv,ablation,VK-RCD-Ablation,vk+lidar,,protocol3,mpjpe,0.34990247021345505,lower_better,,,yes,no,no,ablation_table,Supports mechanism/ablation analysis.,high
E:\Deskbook\Tea\HPE\outputs\eval\ablation_encoder_mlp_vk_all_combinations.csv,csv,ablation,VK-RCD-Ablation,vk+lidar,,protocol3,pa_mpjpe,0.1380383520544137,lower_better,,,yes,no,no,ablation_table,Supports mechanism/ablation analysis.,high
E:\Deskbook\Tea\HPE\outputs\eval\ablation_encoder_mlp_vk_all_combinations.csv,csv,ablation,VK-RCD-Ablation,vk+mmwave,,protocol3,mse,0.03447577690020202,lower_better,,,yes,no,no,ablation_table,Supports mechanism/ablation analysis.,high
E:\Deskbook\Tea\HPE\outputs\eval\ablation_encoder_mlp_vk_all_combinations.csv,csv,ablation,VK-RCD-Ablation,vk+mmwave,,protocol3,mpjpe,0.2852328735296752,lower_better,,,yes,no,no,ablation_table,Supports mechanism/ablation analysis.,high
E:\Deskbook\Tea\HPE\outputs\eval\ablation_encoder_mlp_vk_all_combinations.csv,csv,ablation,VK-RCD-Ablation,vk+mmwave,,protocol3,pa_mpjpe,0.1285034756623896,lower_better,,,yes,no,no,ablation_table,Supports mechanism/ablation analysis.,high
E:\Deskbook\Tea\HPE\outputs\eval\ablation_encoder_mlp_vk_all_combinations.csv,csv,ablation,VK-RCD-Ablation,vk+wifi-csi,,protocol3,mse,0.03431268803675895,lower_better,,,yes,no,no,ablation_table,Supports mechanism/ablation analysis.,high
E:\Deskbook\Tea\HPE\outputs\eval\ablation_encoder_mlp_vk_all_combinations.csv,csv,ablation,VK-RCD-Ablation,vk+wifi-csi,,protocol3,mpjpe,0.28281515827796183,lower_better,,,yes,no,no,ablation_table,Supports mechanism/ablation analysis.,high
E:\Deskbook\Tea\HPE\outputs\eval\ablation_encoder_mlp_vk_all_combinations.csv,csv,ablation,VK-RCD-Ablation,vk+wifi-csi,,protocol3,pa_mpjpe,0.1236944615521661,lower_better,,,yes,no,no,ablation_table,Supports mechanism/ablation analysis.,high
E:\Deskbook\Tea\HPE\outputs\eval\ablation_encoder_mlp_vk_all_combinations.csv,csv,ablation,VK-RCD-Ablation,depth+lidar,,protocol3,mse,0.260808288514956,lower_better,,,yes,no,no,ablation_table,Supports mechanism/ablation analysis.,high
E:\Deskbook\Tea\HPE\outputs\eval\ablation_encoder_mlp_vk_all_combinations.csv,csv,ablation,VK-RCD-Ablation,depth+lidar,,protocol3,mpjpe,0.8352675456212247,lower_better,,,yes,no,no,ablation_table,Supports mechanism/ablation analysis.,high
E:\Deskbook\Tea\HPE\outputs\eval\ablation_encoder_mlp_vk_all_combinations.csv,csv,ablation,VK-RCD-Ablation,depth+lidar,,protocol3,pa_mpjpe,0.18933622642903775,lower_better,,,yes,no,no,ablation_table,Supports mechanism/ablation analysis.,high
E:\Deskbook\Tea\HPE\outputs\eval\ablation_encoder_mlp_vk_all_combinations.csv,csv,ablation,VK-RCD-Ablation,depth+mmwave,,protocol3,mse,0.012564536669041972,lower_better,,,yes,no,no,ablation_table,Supports mechanism/ablation analysis.,high
E:\Deskbook\Tea\HPE\outputs\eval\ablation_encoder_mlp_vk_all_combinations.csv,csv,ablation,VK-RCD-Ablation,depth+mmwave,,protocol3,mpjpe,0.18152382664734593,lower_better,,,yes,no,no,ablation_table,Supports mechanism/ablation analysis.,high
E:\Deskbook\Tea\HPE\outputs\eval\ablation_encoder_mlp_vk_all_combinations.csv,csv,ablation,VK-RCD-Ablation,depth+mmwave,,protocol3,pa_mpjpe,0.0693301686304654,lower_better,,,yes,no,no,ablation_table,Supports mechanism/ablation analysis.,high
E:\Deskbook\Tea\HPE\outputs\eval\ablation_encoder_mlp_vk_all_combinations.csv,csv,ablation,VK-RCD-Ablation,depth+wifi-csi,,protocol3,mse,0.06879298886081453,lower_better,,,yes,no,no,ablation_table,Supports mechanism/ablation analysis.,high
E:\Deskbook\Tea\HPE\outputs\eval\ablation_encoder_mlp_vk_all_combinations.csv,csv,ablation,VK-RCD-Ablation,depth+wifi-csi,,protocol3,mpjpe,0.42081693717927643,lower_better,,,yes,no,no,ablation_table,Supports mechanism/ablation analysis.,high
E:\Deskbook\Tea\HPE\outputs\eval\ablation_encoder_mlp_vk_all_combinations.csv,csv,ablation,VK-RCD-Ablation,depth+wifi-csi,,protocol3,pa_mpjpe,0.1521861337543839,lower_better,,,yes,no,no,ablation_table,Supports mechanism/ablation analysis.,high
E:\Deskbook\Tea\HPE\outputs\eval\ablation_encoder_mlp_vk_all_combinations.csv,csv,ablation,VK-RCD-Ablation,lidar+mmwave,,protocol3,mse,0.11030723270521725,lower_better,,,yes,no,no,ablation_table,Supports mechanism/ablation analysis.,high
E:\Deskbook\Tea\HPE\outputs\eval\ablation_encoder_mlp_vk_all_combinations.csv,csv,ablation,VK-RCD-Ablation,lidar+mmwave,,protocol3,mpjpe,0.5602242688813669,lower_better,,,yes,no,no,ablation_table,Supports mechanism/ablation analysis.,high
E:\Deskbook\Tea\HPE\outputs\eval\ablation_encoder_mlp_vk_all_combinations.csv,csv,ablation,VK-RCD-Ablation,lidar+mmwave,,protocol3,pa_mpjpe,0.1338251170180997,lower_better,,,yes,no,no,ablation_table,Supports mechanism/ablation analysis.,high
E:\Deskbook\Tea\HPE\outputs\eval\ablation_encoder_mlp_vk_all_combinations.csv,csv,ablation,VK-RCD-Ablation,lidar+wifi-csi,,protocol3,mse,1.2591807008280185,lower_better,,,yes,no,no,ablation_table,Supports mechanism/ablation analysis.,high
E:\Deskbook\Tea\HPE\outputs\eval\ablation_encoder_mlp_vk_all_combinations.csv,csv,ablation,VK-RCD-Ablation,lidar+wifi-csi,,protocol3,mpjpe,1.9355820405065516,lower_better,,,yes,no,no,ablation_table,Supports mechanism/ablation analysis.,high
E:\Deskbook\Tea\HPE\outputs\eval\ablation_encoder_mlp_vk_all_combinations.csv,csv,ablation,VK-RCD-Ablation,lidar+wifi-csi,,protocol3,pa_mpjpe,0.3503650091760996,lower_better,,,yes,no,no,ablation_table,Supports mechanism/ablation analysis.,high
E:\Deskbook\Tea\HPE\outputs\eval\ablation_encoder_mlp_vk_all_combinations.csv,csv,ablation,VK-RCD-Ablation,mmwave+wifi-csi,,protocol3,mse,0.07114667860759265,lower_better,,,yes,no,no,ablation_table,Supports mechanism/ablation analysis.,high
E:\Deskbook\Tea\HPE\outputs\eval\ablation_encoder_mlp_vk_all_combinations.csv,csv,ablation,VK-RCD-Ablation,mmwave+wifi-csi,,protocol3,mpjpe,0.44077999608700136,lower_better,,,yes,no,no,ablation_table,Supports mechanism/ablation analysis.,high
E:\Deskbook\Tea\HPE\outputs\eval\ablation_encoder_mlp_vk_all_combinations.csv,csv,ablation,VK-RCD-Ablation,mmwave+wifi-csi,,protocol3,pa_mpjpe,0.1517092659725499,lower_better,,,yes,no,no,ablation_table,Supports mechanism/ablation analysis.,high
E:\Deskbook\Tea\HPE\outputs\eval\ablation_encoder_mlp_vk_all_combinations.csv,csv,ablation,VK-RCD-Ablation,vk+depth+lidar,,protocol3,mse,0.024479602176911152,lower_better,,,yes,no,no,ablation_table,Supports mechanism/ablation analysis.,high
E:\Deskbook\Tea\HPE\outputs\eval\ablation_encoder_mlp_vk_all_combinations.csv,csv,ablation,VK-RCD-Ablation,vk+depth+lidar,,protocol3,mpjpe,0.2646503117609565,lower_better,,,yes,no,no,ablation_table,Supports mechanism/ablation analysis.,high
E:\Deskbook\Tea\HPE\outputs\eval\ablation_encoder_mlp_vk_all_combinations.csv,csv,ablation,VK-RCD-Ablation,vk+depth+lidar,,protocol3,pa_mpjpe,0.06835301605866932,lower_better,,,yes,no,no,ablation_table,Supports mechanism/ablation analysis.,high
E:\Deskbook\Tea\HPE\outputs\eval\ablation_encoder_mlp_vk_all_combinations.csv,csv,ablation,VK-RCD-Ablation,vk+depth+mmwave,,protocol3,mse,0.0038081359962760532,lower_better,,,yes,no,no,ablation_table,Supports mechanism/ablation analysis.,high
E:\Deskbook\Tea\HPE\outputs\eval\ablation_encoder_mlp_vk_all_combinations.csv,csv,ablation,VK-RCD-Ablation,vk+depth+mmwave,,protocol3,mpjpe,0.0916652794244923,lower_better,,,yes,no,no,ablation_table,Supports mechanism/ablation analysis.,high
E:\Deskbook\Tea\HPE\outputs\eval\ablation_encoder_mlp_vk_all_combinations.csv,csv,ablation,VK-RCD-Ablation,vk+depth+mmwave,,protocol3,pa_mpjpe,0.06941239765098829,lower_better,,,yes,no,no,ablation_table,Supports mechanism/ablation analysis.,high
E:\Deskbook\Tea\HPE\outputs\eval\ablation_encoder_mlp_vk_all_combinations.csv,csv,ablation,VK-RCD-Ablation,vk+depth+wifi-csi,,protocol3,mse,0.004058769009178726,lower_better,,,yes,no,no,ablation_table,Supports mechanism/ablation analysis.,high
E:\Deskbook\Tea\HPE\outputs\eval\ablation_encoder_mlp_vk_all_combinations.csv,csv,ablation,VK-RCD-Ablation,vk+depth+wifi-csi,,protocol3,mpjpe,0.09572567346257631,lower_better,,,yes,no,no,ablation_table,Supports mechanism/ablation analysis.,high
E:\Deskbook\Tea\HPE\outputs\eval\ablation_encoder_mlp_vk_all_combinations.csv,csv,ablation,VK-RCD-Ablation,vk+depth+wifi-csi,,protocol3,pa_mpjpe,0.06555175369942368,lower_better,,,yes,no,no,ablation_table,Supports mechanism/ablation analysis.,high
E:\Deskbook\Tea\HPE\outputs\eval\ablation_encoder_mlp_vk_all_combinations.csv,csv,ablation,VK-RCD-Ablation,vk+lidar+mmwave,,protocol3,mse,0.03214171921210913,lower_better,,,yes,no,no,ablation_table,Supports mechanism/ablation analysis.,high
E:\Deskbook\Tea\HPE\outputs\eval\ablation_encoder_mlp_vk_all_combinations.csv,csv,ablation,VK-RCD-Ablation,vk+lidar+mmwave,,protocol3,mpjpe,0.27380908683382793,lower_better,,,yes,no,no,ablation_table,Supports mechanism/ablation analysis.,high
E:\Deskbook\Tea\HPE\outputs\eval\ablation_encoder_mlp_vk_all_combinations.csv,csv,ablation,VK-RCD-Ablation,vk+lidar+mmwave,,protocol3,pa_mpjpe,0.11512758896042374,lower_better,,,yes,no,no,ablation_table,Supports mechanism/ablation analysis.,high
E:\Deskbook\Tea\HPE\outputs\eval\ablation_encoder_mlp_vk_all_combinations.csv,csv,ablation,VK-RCD-Ablation,vk+lidar+wifi-csi,,protocol3,mse,0.031652450347188006,lower_better,,,yes,no,no,ablation_table,Supports mechanism/ablation analysis.,high
E:\Deskbook\Tea\HPE\outputs\eval\ablation_encoder_mlp_vk_all_combinations.csv,csv,ablation,VK-RCD-Ablation,vk+lidar+wifi-csi,,protocol3,mpjpe,0.2721698274058971,lower_better,,,yes,no,no,ablation_table,Supports mechanism/ablation analysis.,high
E:\Deskbook\Tea\HPE\outputs\eval\ablation_encoder_mlp_vk_all_combinations.csv,csv,ablation,VK-RCD-Ablation,vk+lidar+wifi-csi,,protocol3,pa_mpjpe,0.1242690353293268,lower_better,,,yes,no,no,ablation_table,Supports mechanism/ablation analysis.,high
E:\Deskbook\Tea\HPE\outputs\eval\ablation_encoder_mlp_vk_all_combinations.csv,csv,ablation,VK-RCD-Ablation,vk+mmwave+wifi-csi,,protocol3,mse,0.03669339336515493,lower_better,,,yes,no,no,ablation_table,Supports mechanism/ablation analysis.,high
E:\Deskbook\Tea\HPE\outputs\eval\ablation_encoder_mlp_vk_all_combinations.csv,csv,ablation,VK-RCD-Ablation,vk+mmwave+wifi-csi,,protocol3,mpjpe,0.29687807077086914,lower_better,,,yes,no,no,ablation_table,Supports mechanism/ablation analysis.,high
E:\Deskbook\Tea\HPE\outputs\eval\ablation_encoder_mlp_vk_all_combinations.csv,csv,ablation,VK-RCD-Ablation,vk+mmwave+wifi-csi,,protocol3,pa_mpjpe,0.1108839937039173,lower_better,,,yes,no,no,ablation_table,Supports mechanism/ablation analysis.,high
E:\Deskbook\Tea\HPE\outputs\eval\ablation_encoder_mlp_vk_all_combinations.csv,csv,ablation,VK-RCD-Ablation,depth+lidar+mmwave,,protocol3,mse,0.04157631631282325,lower_better,,,yes,no,no,ablation_table,Supports mechanism/ablation analysis.,high
E:\Deskbook\Tea\HPE\outputs\eval\ablation_encoder_mlp_vk_all_combinations.csv,csv,ablation,VK-RCD-Ablation,depth+lidar+mmwave,,protocol3,mpjpe,0.343258145641457,lower_better,,,yes,no,no,ablation_table,Supports mechanism/ablation analysis.,high
E:\Deskbook\Tea\HPE\outputs\eval\ablation_encoder_mlp_vk_all_combinations.csv,csv,ablation,VK-RCD-Ablation,depth+lidar+mmwave,,protocol3,pa_mpjpe,0.07024518947982777,lower_better,,,yes,no,no,ablation_table,Supports mechanism/ablation analysis.,high
E:\Deskbook\Tea\HPE\outputs\eval\ablation_encoder_mlp_vk_all_combinations.csv,csv,ablation,VK-RCD-Ablation,depth+lidar+wifi-csi,,protocol3,mse,0.6575736031744572,lower_better,,,yes,no,no,ablation_table,Supports mechanism/ablation analysis.,high
E:\Deskbook\Tea\HPE\outputs\eval\ablation_encoder_mlp_vk_all_combinations.csv,csv,ablation,VK-RCD-Ablation,depth+lidar+wifi-csi,,protocol3,mpjpe,1.3905394068381514,lower_better,,,yes,no,no,ablation_table,Supports mechanism/ablation analysis.,high
E:\Deskbook\Tea\HPE\outputs\eval\ablation_encoder_mlp_vk_all_combinations.csv,csv,ablation,VK-RCD-Ablation,depth+lidar+wifi-csi,,protocol3,pa_mpjpe,0.27761059637667546,lower_better,,,yes,no,no,ablation_table,Supports mechanism/ablation analysis.,high
E:\Deskbook\Tea\HPE\outputs\eval\ablation_encoder_mlp_vk_all_combinations.csv,csv,ablation,VK-RCD-Ablation,depth+mmwave+wifi-csi,,protocol3,mse,0.01572926690830316,lower_better,,,yes,no,no,ablation_table,Supports mechanism/ablation analysis.,high
E:\Deskbook\Tea\HPE\outputs\eval\ablation_encoder_mlp_vk_all_combinations.csv,csv,ablation,VK-RCD-Ablation,depth+mmwave+wifi-csi,,protocol3,mpjpe,0.2010275553937475,lower_better,,,yes,no,no,ablation_table,Supports mechanism/ablation analysis.,high
E:\Deskbook\Tea\HPE\outputs\eval\ablation_encoder_mlp_vk_all_combinations.csv,csv,ablation,VK-RCD-Ablation,depth+mmwave+wifi-csi,,protocol3,pa_mpjpe,0.08032649965524835,lower_better,,,yes,no,no,ablation_table,Supports mechanism/ablation analysis.,high
E:\Deskbook\Tea\HPE\outputs\eval\ablation_encoder_mlp_vk_all_combinations.csv,csv,ablation,VK-RCD-Ablation,lidar+mmwave+wifi-csi,,protocol3,mse,0.23747338642799315,lower_better,,,yes,no,no,ablation_table,Supports mechanism/ablation analysis.,high
E:\Deskbook\Tea\HPE\outputs\eval\ablation_encoder_mlp_vk_all_combinations.csv,csv,ablation,VK-RCD-Ablation,lidar+mmwave+wifi-csi,,protocol3,mpjpe,0.8309013616906421,lower_better,,,yes,no,no,ablation_table,Supports mechanism/ablation analysis.,high
E:\Deskbook\Tea\HPE\outputs\eval\ablation_encoder_mlp_vk_all_combinations.csv,csv,ablation,VK-RCD-Ablation,lidar+mmwave+wifi-csi,,protocol3,pa_mpjpe,0.18497053971387817,lower_better,,,yes,no,no,ablation_table,Supports mechanism/ablation analysis.,high
E:\Deskbook\Tea\HPE\outputs\eval\ablation_encoder_mlp_vk_all_combinations.csv,csv,ablation,VK-RCD-Ablation,vk+depth+lidar+mmwave,,protocol3,mse,0.0036194914639824665,lower_better,,,yes,no,no,ablation_table,Supports mechanism/ablation analysis.,high
E:\Deskbook\Tea\HPE\outputs\eval\ablation_encoder_mlp_vk_all_combinations.csv,csv,ablation,VK-RCD-Ablation,vk+depth+lidar+mmwave,,protocol3,mpjpe,0.09074034682234738,lower_better,,,yes,no,no,ablation_table,Supports mechanism/ablation analysis.,high
E:\Deskbook\Tea\HPE\outputs\eval\ablation_encoder_mlp_vk_all_combinations.csv,csv,ablation,VK-RCD-Ablation,vk+depth+lidar+mmwave,,protocol3,pa_mpjpe,0.05131781050422891,lower_better,,,yes,no,no,ablation_table,Supports mechanism/ablation analysis.,high
E:\Deskbook\Tea\HPE\outputs\eval\ablation_encoder_mlp_vk_all_combinations.csv,csv,ablation,VK-RCD-Ablation,vk+depth+lidar+wifi-csi,,protocol3,mse,0.005958743681185796,lower_better,,,yes,no,no,ablation_table,Supports mechanism/ablation analysis.,high
E:\Deskbook\Tea\HPE\outputs\eval\ablation_encoder_mlp_vk_all_combinations.csv,csv,ablation,VK-RCD-Ablation,vk+depth+lidar+wifi-csi,,protocol3,mpjpe,0.12224895987171443,lower_better,,,yes,no,no,ablation_table,Supports mechanism/ablation analysis.,high
E:\Deskbook\Tea\HPE\outputs\eval\ablation_encoder_mlp_vk_all_combinations.csv,csv,ablation,VK-RCD-Ablation,vk+depth+lidar+wifi-csi,,protocol3,pa_mpjpe,0.0591669902771557,lower_better,,,yes,no,no,ablation_table,Supports mechanism/ablation analysis.,high
E:\Deskbook\Tea\HPE\outputs\eval\ablation_encoder_mlp_vk_all_combinations.csv,csv,ablation,VK-RCD-Ablation,vk+depth+mmwave+wifi-csi,,protocol3,mse,0.003565554831280128,lower_better,,,yes,no,no,ablation_table,Supports mechanism/ablation analysis.,high
E:\Deskbook\Tea\HPE\outputs\eval\ablation_encoder_mlp_vk_all_combinations.csv,csv,ablation,VK-RCD-Ablation,vk+depth+mmwave+wifi-csi,,protocol3,mpjpe,0.08917049908447718,lower_better,,,yes,no,no,ablation_table,Supports mechanism/ablation analysis.,high
E:\Deskbook\Tea\HPE\outputs\eval\ablation_encoder_mlp_vk_all_combinations.csv,csv,ablation,VK-RCD-Ablation,vk+depth+mmwave+wifi-csi,,protocol3,pa_mpjpe,0.05140601185583588,lower_better,,,yes,no,no,ablation_table,Supports mechanism/ablation analysis.,high
E:\Deskbook\Tea\HPE\outputs\eval\ablation_encoder_mlp_vk_all_combinations.csv,csv,ablation,VK-RCD-Ablation,vk+lidar+mmwave+wifi-csi,,protocol3,mse,0.03309253173910359,lower_better,,,yes,no,no,ablation_table,Supports mechanism/ablation analysis.,high
E:\Deskbook\Tea\HPE\outputs\eval\ablation_encoder_mlp_vk_all_combinations.csv,csv,ablation,VK-RCD-Ablation,vk+lidar+mmwave+wifi-csi,,protocol3,mpjpe,0.27900480460512594,lower_better,,,yes,no,no,ablation_table,Supports mechanism/ablation analysis.,high
E:\Deskbook\Tea\HPE\outputs\eval\ablation_encoder_mlp_vk_all_combinations.csv,csv,ablation,VK-RCD-Ablation,vk+lidar+mmwave+wifi-csi,,protocol3,pa_mpjpe,0.1122185934064725,lower_better,,,yes,no,no,ablation_table,Supports mechanism/ablation analysis.,high
E:\Deskbook\Tea\HPE\outputs\eval\ablation_encoder_mlp_vk_all_combinations.csv,csv,ablation,VK-RCD-Ablation,depth+lidar+mmwave+wifi-csi,,protocol3,mse,0.09712116349842026,lower_better,,,yes,no,no,ablation_table,Supports mechanism/ablation analysis.,high
E:\Deskbook\Tea\HPE\outputs\eval\ablation_encoder_mlp_vk_all_combinations.csv,csv,ablation,VK-RCD-Ablation,depth+lidar+mmwave+wifi-csi,,protocol3,mpjpe,0.5296660479404843,lower_better,,,yes,no,no,ablation_table,Supports mechanism/ablation analysis.,high
E:\Deskbook\Tea\HPE\outputs\eval\ablation_encoder_mlp_vk_all_combinations.csv,csv,ablation,VK-RCD-Ablation,depth+lidar+mmwave+wifi-csi,,protocol3,pa_mpjpe,0.10372916567740213,lower_better,,,yes,no,no,ablation_table,Supports mechanism/ablation analysis.,high
E:\Deskbook\Tea\HPE\outputs\eval\ablation_encoder_mlp_vk_all_combinations.csv,csv,ablation,VK-RCD-Ablation,vk+depth+lidar+mmwave+wifi-csi,,protocol3,mse,0.0028118700607569335,lower_better,,,yes,no,no,ablation_table,Supports mechanism/ablation analysis.,high
E:\Deskbook\Tea\HPE\outputs\eval\ablation_encoder_mlp_vk_all_combinations.csv,csv,ablation,VK-RCD-Ablation,vk+depth+lidar+mmwave+wifi-csi,,protocol3,mpjpe,0.07768933230195502,lower_better,,,yes,no,no,ablation_table,Supports mechanism/ablation analysis.,high
E:\Deskbook\Tea\HPE\outputs\eval\ablation_encoder_mlp_vk_all_combinations.csv,csv,ablation,VK-RCD-Ablation,vk+depth+lidar+mmwave+wifi-csi,,protocol3,pa_mpjpe,0.04682985325200823,lower_better,,,yes,no,no,ablation_table,Supports mechanism/ablation analysis.,high
E:\Deskbook\Tea\HPE\outputs\eval\ablation_encoder_skeleton_prompt_all_combinations.csv,csv,ablation,VK-RCD-Ablation,vk,,protocol3,mse,1.6512792793231825,lower_better,,,yes,no,no,ablation_table,Supports mechanism/ablation analysis.,high
E:\Deskbook\Tea\HPE\outputs\eval\ablation_encoder_skeleton_prompt_all_combinations.csv,csv,ablation,VK-RCD-Ablation,vk,,protocol3,mpjpe,2.2084485250364323,lower_better,,,yes,no,no,ablation_table,Supports mechanism/ablation analysis.,high
E:\Deskbook\Tea\HPE\outputs\eval\ablation_encoder_skeleton_prompt_all_combinations.csv,csv,ablation,VK-RCD-Ablation,vk,,protocol3,pa_mpjpe,0.39226088913452684,lower_better,,,yes,no,no,ablation_table,Supports mechanism/ablation analysis.,high
E:\Deskbook\Tea\HPE\outputs\eval\ablation_encoder_skeleton_prompt_all_combinations.csv,csv,ablation,VK-RCD-Ablation,depth,,protocol3,mse,0.003778952710569269,lower_better,,,yes,no,no,ablation_table,Supports mechanism/ablation analysis.,high
E:\Deskbook\Tea\HPE\outputs\eval\ablation_encoder_skeleton_prompt_all_combinations.csv,csv,ablation,VK-RCD-Ablation,depth,,protocol3,mpjpe,0.09223274687034023,lower_better,,,yes,no,no,ablation_table,Supports mechanism/ablation analysis.,high
E:\Deskbook\Tea\HPE\outputs\eval\ablation_encoder_skeleton_prompt_all_combinations.csv,csv,ablation,VK-RCD-Ablation,depth,,protocol3,pa_mpjpe,0.058816466131455865,lower_better,,,yes,no,no,ablation_table,Supports mechanism/ablation analysis.,high
E:\Deskbook\Tea\HPE\outputs\eval\ablation_encoder_skeleton_prompt_all_combinations.csv,csv,ablation,VK-RCD-Ablation,lidar,,protocol3,mse,3.2760214591534718,lower_better,,,yes,no,no,ablation_table,Supports mechanism/ablation analysis.,high
E:\Deskbook\Tea\HPE\outputs\eval\ablation_encoder_skeleton_prompt_all_combinations.csv,csv,ablation,VK-RCD-Ablation,lidar,,protocol3,mpjpe,3.1171331822775534,lower_better,,,yes,no,no,ablation_table,Supports mechanism/ablation analysis.,high
E:\Deskbook\Tea\HPE\outputs\eval\ablation_encoder_skeleton_prompt_all_combinations.csv,csv,ablation,VK-RCD-Ablation,lidar,,protocol3,pa_mpjpe,0.384616898989209,lower_better,,,yes,no,no,ablation_table,Supports mechanism/ablation analysis.,high
E:\Deskbook\Tea\HPE\outputs\eval\ablation_encoder_skeleton_prompt_all_combinations.csv,csv,ablation,VK-RCD-Ablation,mmwave,,protocol3,mse,0.05883989357269305,lower_better,,,yes,no,no,ablation_table,Supports mechanism/ablation analysis.,high
E:\Deskbook\Tea\HPE\outputs\eval\ablation_encoder_skeleton_prompt_all_combinations.csv,csv,ablation,VK-RCD-Ablation,mmwave,,protocol3,mpjpe,0.3887430883647647,lower_better,,,yes,no,no,ablation_table,Supports mechanism/ablation analysis.,high
E:\Deskbook\Tea\HPE\outputs\eval\ablation_encoder_skeleton_prompt_all_combinations.csv,csv,ablation,VK-RCD-Ablation,mmwave,,protocol3,pa_mpjpe,0.214775427356044,lower_better,,,yes,no,no,ablation_table,Supports mechanism/ablation analysis.,high
E:\Deskbook\Tea\HPE\outputs\eval\ablation_encoder_skeleton_prompt_all_combinations.csv,csv,ablation,VK-RCD-Ablation,wifi-csi,,protocol3,mse,1.9756700022735862,lower_better,,,yes,no,no,ablation_table,Supports mechanism/ablation analysis.,high
E:\Deskbook\Tea\HPE\outputs\eval\ablation_encoder_skeleton_prompt_all_combinations.csv,csv,ablation,VK-RCD-Ablation,wifi-csi,,protocol3,mpjpe,2.3975639422348065,lower_better,,,yes,no,no,ablation_table,Supports mechanism/ablation analysis.,high
E:\Deskbook\Tea\HPE\outputs\eval\ablation_encoder_skeleton_prompt_all_combinations.csv,csv,ablation,VK-RCD-Ablation,wifi-csi,,protocol3,pa_mpjpe,0.4121933570436207,lower_better,,,yes,no,no,ablation_table,Supports mechanism/ablation analysis.,high
E:\Deskbook\Tea\HPE\outputs\eval\ablation_encoder_skeleton_prompt_all_combinations.csv,csv,ablation,VK-RCD-Ablation,vk+depth,,protocol3,mse,0.002467548724122565,lower_better,,,yes,no,no,ablation_table,Supports mechanism/ablation analysis.,high
E:\Deskbook\Tea\HPE\outputs\eval\ablation_encoder_skeleton_prompt_all_combinations.csv,csv,ablation,VK-RCD-Ablation,vk+depth,,protocol3,mpjpe,0.07105952325786999,lower_better,,,yes,no,no,ablation_table,Supports mechanism/ablation analysis.,high
E:\Deskbook\Tea\HPE\outputs\eval\ablation_encoder_skeleton_prompt_all_combinations.csv,csv,ablation,VK-RCD-Ablation,vk+depth,,protocol3,pa_mpjpe,0.04682897737198949,lower_better,,,yes,no,no,ablation_table,Supports mechanism/ablation analysis.,high
E:\Deskbook\Tea\HPE\outputs\eval\ablation_encoder_skeleton_prompt_all_combinations.csv,csv,ablation,VK-RCD-Ablation,vk+lidar,,protocol3,mse,2.843297086699762,lower_better,,,yes,no,no,ablation_table,Supports mechanism/ablation analysis.,high
E:\Deskbook\Tea\HPE\outputs\eval\ablation_encoder_skeleton_prompt_all_combinations.csv,csv,ablation,VK-RCD-Ablation,vk+lidar,,protocol3,mpjpe,2.909834981276844,lower_better,,,yes,no,no,ablation_table,Supports mechanism/ablation analysis.,high
E:\Deskbook\Tea\HPE\outputs\eval\ablation_encoder_skeleton_prompt_all_combinations.csv,csv,ablation,VK-RCD-Ablation,vk+lidar,,protocol3,pa_mpjpe,0.3981785015495467,lower_better,,,yes,no,no,ablation_table,Supports mechanism/ablation analysis.,high
E:\Deskbook\Tea\HPE\outputs\eval\ablation_encoder_skeleton_prompt_all_combinations.csv,csv,ablation,VK-RCD-Ablation,vk+mmwave,,protocol3,mse,0.42344493287833707,lower_better,,,yes,no,no,ablation_table,Supports mechanism/ablation analysis.,high
E:\Deskbook\Tea\HPE\outputs\eval\ablation_encoder_skeleton_prompt_all_combinations.csv,csv,ablation,VK-RCD-Ablation,vk+mmwave,,protocol3,mpjpe,1.0896629908983064,lower_better,,,yes,no,no,ablation_table,Supports mechanism/ablation analysis.,high
E:\Deskbook\Tea\HPE\outputs\eval\ablation_encoder_skeleton_prompt_all_combinations.csv,csv,ablation,VK-RCD-Ablation,vk+mmwave,,protocol3,pa_mpjpe,0.3709443604070887,lower_better,,,yes,no,no,ablation_table,Supports mechanism/ablation analysis.,high
E:\Deskbook\Tea\HPE\outputs\eval\ablation_encoder_skeleton_prompt_all_combinations.csv,csv,ablation,VK-RCD-Ablation,vk+wifi-csi,,protocol3,mse,2.7655295219664,lower_better,,,yes,no,no,ablation_table,Supports mechanism/ablation analysis.,high
E:\Deskbook\Tea\HPE\outputs\eval\ablation_encoder_skeleton_prompt_all_combinations.csv,csv,ablation,VK-RCD-Ablation,vk+wifi-csi,,protocol3,mpjpe,2.869104641336264,lower_better,,,yes,no,no,ablation_table,Supports mechanism/ablation analysis.,high
E:\Deskbook\Tea\HPE\outputs\eval\ablation_encoder_skeleton_prompt_all_combinations.csv,csv,ablation,VK-RCD-Ablation,vk+wifi-csi,,protocol3,pa_mpjpe,0.3994061264676187,lower_better,,,yes,no,no,ablation_table,Supports mechanism/ablation analysis.,high
E:\Deskbook\Tea\HPE\outputs\eval\ablation_encoder_skeleton_prompt_all_combinations.csv,csv,ablation,VK-RCD-Ablation,depth+lidar,,protocol3,mse,0.0030878891639300188,lower_better,,,yes,no,no,ablation_table,Supports mechanism/ablation analysis.,high
E:\Deskbook\Tea\HPE\outputs\eval\ablation_encoder_skeleton_prompt_all_combinations.csv,csv,ablation,VK-RCD-Ablation,depth+lidar,,protocol3,mpjpe,0.08323956924824068,lower_better,,,yes,no,no,ablation_table,Supports mechanism/ablation analysis.,high
E:\Deskbook\Tea\HPE\outputs\eval\ablation_encoder_skeleton_prompt_all_combinations.csv,csv,ablation,VK-RCD-Ablation,depth+lidar,,protocol3,pa_mpjpe,0.050633490396810976,lower_better,,,yes,no,no,ablation_table,Supports mechanism/ablation analysis.,high
E:\Deskbook\Tea\HPE\outputs\eval\ablation_encoder_skeleton_prompt_all_combinations.csv,csv,ablation,VK-RCD-Ablation,depth+mmwave,,protocol3,mse,0.004599880066654172,lower_better,,,yes,no,no,ablation_table,Supports mechanism/ablation analysis.,high
E:\Deskbook\Tea\HPE\outputs\eval\ablation_encoder_skeleton_prompt_all_combinations.csv,csv,ablation,VK-RCD-Ablation,depth+mmwave,,protocol3,mpjpe,0.10352247244313643,lower_better,,,yes,no,no,ablation_table,Supports mechanism/ablation analysis.,high
E:\Deskbook\Tea\HPE\outputs\eval\ablation_encoder_skeleton_prompt_all_combinations.csv,csv,ablation,VK-RCD-Ablation,depth+mmwave,,protocol3,pa_mpjpe,0.06095237363356465,lower_better,,,yes,no,no,ablation_table,Supports mechanism/ablation analysis.,high
E:\Deskbook\Tea\HPE\outputs\eval\ablation_encoder_skeleton_prompt_all_combinations.csv,csv,ablation,VK-RCD-Ablation,depth+wifi-csi,,protocol3,mse,0.003242125755969413,lower_better,,,yes,no,no,ablation_table,Supports mechanism/ablation analysis.,high
E:\Deskbook\Tea\HPE\outputs\eval\ablation_encoder_skeleton_prompt_all_combinations.csv,csv,ablation,VK-RCD-Ablation,depth+wifi-csi,,protocol3,mpjpe,0.08526890812327192,lower_better,,,yes,no,no,ablation_table,Supports mechanism/ablation analysis.,high
E:\Deskbook\Tea\HPE\outputs\eval\ablation_encoder_skeleton_prompt_all_combinations.csv,csv,ablation,VK-RCD-Ablation,depth+wifi-csi,,protocol3,pa_mpjpe,0.0511027390865717,lower_better,,,yes,no,no,ablation_table,Supports mechanism/ablation analysis.,high
E:\Deskbook\Tea\HPE\outputs\eval\ablation_encoder_skeleton_prompt_all_combinations.csv,csv,ablation,VK-RCD-Ablation,lidar+mmwave,,protocol3,mse,0.07045545869438721,lower_better,,,yes,no,no,ablation_table,Supports mechanism/ablation analysis.,high
E:\Deskbook\Tea\HPE\outputs\eval\ablation_encoder_skeleton_prompt_all_combinations.csv,csv,ablation,VK-RCD-Ablation,lidar+mmwave,,protocol3,mpjpe,0.4263749864128466,lower_better,,,yes,no,no,ablation_table,Supports mechanism/ablation analysis.,high
E:\Deskbook\Tea\HPE\outputs\eval\ablation_encoder_skeleton_prompt_all_combinations.csv,csv,ablation,VK-RCD-Ablation,lidar+mmwave,,protocol3,pa_mpjpe,0.2525337903718512,lower_better,,,yes,no,no,ablation_table,Supports mechanism/ablation analysis.,high
E:\Deskbook\Tea\HPE\outputs\eval\ablation_encoder_skeleton_prompt_all_combinations.csv,csv,ablation,VK-RCD-Ablation,lidar+wifi-csi,,protocol3,mse,3.629645052448534,lower_better,,,yes,no,no,ablation_table,Supports mechanism/ablation analysis.,high
E:\Deskbook\Tea\HPE\outputs\eval\ablation_encoder_skeleton_prompt_all_combinations.csv,csv,ablation,VK-RCD-Ablation,lidar+wifi-csi,,protocol3,mpjpe,3.287246808073351,lower_better,,,yes,no,no,ablation_table,Supports mechanism/ablation analysis.,high
E:\Deskbook\Tea\HPE\outputs\eval\ablation_encoder_skeleton_prompt_all_combinations.csv,csv,ablation,VK-RCD-Ablation,lidar+wifi-csi,,protocol3,pa_mpjpe,0.3991618742108026,lower_better,,,yes,no,no,ablation_table,Supports mechanism/ablation analysis.,high
E:\Deskbook\Tea\HPE\outputs\eval\ablation_encoder_skeleton_prompt_all_combinations.csv,csv,ablation,VK-RCD-Ablation,mmwave+wifi-csi,,protocol3,mse,0.05711822145728715,lower_better,,,yes,no,no,ablation_table,Supports mechanism/ablation analysis.,high
E:\Deskbook\Tea\HPE\outputs\eval\ablation_encoder_skeleton_prompt_all_combinations.csv,csv,ablation,VK-RCD-Ablation,mmwave+wifi-csi,,protocol3,mpjpe,0.37931543060528816,lower_better,,,yes,no,no,ablation_table,Supports mechanism/ablation analysis.,high
E:\Deskbook\Tea\HPE\outputs\eval\ablation_encoder_skeleton_prompt_all_combinations.csv,csv,ablation,VK-RCD-Ablation,mmwave+wifi-csi,,protocol3,pa_mpjpe,0.24395502069678823,lower_better,,,yes,no,no,ablation_table,Supports mechanism/ablation analysis.,high
E:\Deskbook\Tea\HPE\outputs\eval\ablation_encoder_skeleton_prompt_all_combinations.csv,csv,ablation,VK-RCD-Ablation,vk+depth+lidar,,protocol3,mse,0.0020442833407359386,lower_better,,,yes,no,no,ablation_table,Supports mechanism/ablation analysis.,high
E:\Deskbook\Tea\HPE\outputs\eval\ablation_encoder_skeleton_prompt_all_combinations.csv,csv,ablation,VK-RCD-Ablation,vk+depth+lidar,,protocol3,mpjpe,0.06342809766109173,lower_better,,,yes,no,no,ablation_table,Supports mechanism/ablation analysis.,high
E:\Deskbook\Tea\HPE\outputs\eval\ablation_encoder_skeleton_prompt_all_combinations.csv,csv,ablation,VK-RCD-Ablation,vk+depth+lidar,,protocol3,pa_mpjpe,0.04228280919890977,lower_better,,,yes,no,no,ablation_table,Supports mechanism/ablation analysis.,high
E:\Deskbook\Tea\HPE\outputs\eval\ablation_encoder_skeleton_prompt_all_combinations.csv,csv,ablation,VK-RCD-Ablation,vk+depth+mmwave,,protocol3,mse,0.0022573549130607234,lower_better,,,yes,no,no,ablation_table,Supports mechanism/ablation analysis.,high
E:\Deskbook\Tea\HPE\outputs\eval\ablation_encoder_skeleton_prompt_all_combinations.csv,csv,ablation,VK-RCD-Ablation,vk+depth+mmwave,,protocol3,mpjpe,0.06822899388353089,lower_better,,,yes,no,no,ablation_table,Supports mechanism/ablation analysis.,high
E:\Deskbook\Tea\HPE\outputs\eval\ablation_encoder_skeleton_prompt_all_combinations.csv,csv,ablation,VK-RCD-Ablation,vk+depth+mmwave,,protocol3,pa_mpjpe,0.0429332412626263,lower_better,,,yes,no,no,ablation_table,Supports mechanism/ablation analysis.,high
E:\Deskbook\Tea\HPE\outputs\eval\ablation_encoder_skeleton_prompt_all_combinations.csv,csv,ablation,VK-RCD-Ablation,vk+depth+wifi-csi,,protocol3,mse,0.0020185978964718148,lower_better,,,yes,no,no,ablation_table,Supports mechanism/ablation analysis.,high
E:\Deskbook\Tea\HPE\outputs\eval\ablation_encoder_skeleton_prompt_all_combinations.csv,csv,ablation,VK-RCD-Ablation,vk+depth+wifi-csi,,protocol3,mpjpe,0.06216469211688525,lower_better,,,yes,no,no,ablation_table,Supports mechanism/ablation analysis.,high
E:\Deskbook\Tea\HPE\outputs\eval\ablation_encoder_skeleton_prompt_all_combinations.csv,csv,ablation,VK-RCD-Ablation,vk+depth+wifi-csi,,protocol3,pa_mpjpe,0.04301083272208093,lower_better,,,yes,no,no,ablation_table,Supports mechanism/ablation analysis.,high
E:\Deskbook\Tea\HPE\outputs\eval\ablation_encoder_skeleton_prompt_all_combinations.csv,csv,ablation,VK-RCD-Ablation,vk+lidar+mmwave,,protocol3,mse,1.8519590327917808,lower_better,,,yes,no,no,ablation_table,Supports mechanism/ablation analysis.,high
E:\Deskbook\Tea\HPE\outputs\eval\ablation_encoder_skeleton_prompt_all_combinations.csv,csv,ablation,VK-RCD-Ablation,vk+lidar+mmwave,,protocol3,mpjpe,2.3418267378264166,lower_better,,,yes,no,no,ablation_table,Supports mechanism/ablation analysis.,high
E:\Deskbook\Tea\HPE\outputs\eval\ablation_encoder_skeleton_prompt_all_combinations.csv,csv,ablation,VK-RCD-Ablation,vk+lidar+mmwave,,protocol3,pa_mpjpe,0.3974248743743883,lower_better,,,yes,no,no,ablation_table,Supports mechanism/ablation analysis.,high
E:\Deskbook\Tea\HPE\outputs\eval\ablation_encoder_skeleton_prompt_all_combinations.csv,csv,ablation,VK-RCD-Ablation,vk+lidar+wifi-csi,,protocol3,mse,3.415701981687326,lower_better,,,yes,no,no,ablation_table,Supports mechanism/ablation analysis.,high
E:\Deskbook\Tea\HPE\outputs\eval\ablation_encoder_skeleton_prompt_all_combinations.csv,csv,ablation,VK-RCD-Ablation,vk+lidar+wifi-csi,,protocol3,mpjpe,3.192443485553759,lower_better,,,yes,no,no,ablation_table,Supports mechanism/ablation analysis.,high
E:\Deskbook\Tea\HPE\outputs\eval\ablation_encoder_skeleton_prompt_all_combinations.csv,csv,ablation,VK-RCD-Ablation,vk+lidar+wifi-csi,,protocol3,pa_mpjpe,0.3978539462295651,lower_better,,,yes,no,no,ablation_table,Supports mechanism/ablation analysis.,high
E:\Deskbook\Tea\HPE\outputs\eval\ablation_encoder_skeleton_prompt_all_combinations.csv,csv,ablation,VK-RCD-Ablation,vk+mmwave+wifi-csi,,protocol3,mse,1.3543519042111762,lower_better,,,yes,no,no,ablation_table,Supports mechanism/ablation analysis.,high
E:\Deskbook\Tea\HPE\outputs\eval\ablation_encoder_skeleton_prompt_all_combinations.csv,csv,ablation,VK-RCD-Ablation,vk+mmwave+wifi-csi,,protocol3,mpjpe,1.993928242092463,lower_better,,,yes,no,no,ablation_table,Supports mechanism/ablation analysis.,high
E:\Deskbook\Tea\HPE\outputs\eval\ablation_encoder_skeleton_prompt_all_combinations.csv,csv,ablation,VK-RCD-Ablation,vk+mmwave+wifi-csi,,protocol3,pa_mpjpe,0.3919782132221341,lower_better,,,yes,no,no,ablation_table,Supports mechanism/ablation analysis.,high
E:\Deskbook\Tea\HPE\outputs\eval\ablation_encoder_skeleton_prompt_all_combinations.csv,csv,ablation,VK-RCD-Ablation,depth+lidar+mmwave,,protocol3,mse,0.003987313881641887,lower_better,,,yes,no,no,ablation_table,Supports mechanism/ablation analysis.,high
E:\Deskbook\Tea\HPE\outputs\eval\ablation_encoder_skeleton_prompt_all_combinations.csv,csv,ablation,VK-RCD-Ablation,depth+lidar+mmwave,,protocol3,mpjpe,0.0969943205543417,lower_better,,,yes,no,no,ablation_table,Supports mechanism/ablation analysis.,high
E:\Deskbook\Tea\HPE\outputs\eval\ablation_encoder_skeleton_prompt_all_combinations.csv,csv,ablation,VK-RCD-Ablation,depth+lidar+mmwave,,protocol3,pa_mpjpe,0.05367945259400727,lower_better,,,yes,no,no,ablation_table,Supports mechanism/ablation analysis.,high
E:\Deskbook\Tea\HPE\outputs\eval\ablation_encoder_skeleton_prompt_all_combinations.csv,csv,ablation,VK-RCD-Ablation,depth+lidar+wifi-csi,,protocol3,mse,0.003172844995356969,lower_better,,,yes,no,no,ablation_table,Supports mechanism/ablation analysis.,high
E:\Deskbook\Tea\HPE\outputs\eval\ablation_encoder_skeleton_prompt_all_combinations.csv,csv,ablation,VK-RCD-Ablation,depth+lidar+wifi-csi,,protocol3,mpjpe,0.0846747586974919,lower_better,,,yes,no,no,ablation_table,Supports mechanism/ablation analysis.,high
E:\Deskbook\Tea\HPE\outputs\eval\ablation_encoder_skeleton_prompt_all_combinations.csv,csv,ablation,VK-RCD-Ablation,depth+lidar+wifi-csi,,protocol3,pa_mpjpe,0.04717903582920335,lower_better,,,yes,no,no,ablation_table,Supports mechanism/ablation analysis.,high
E:\Deskbook\Tea\HPE\outputs\eval\ablation_encoder_skeleton_prompt_all_combinations.csv,csv,ablation,VK-RCD-Ablation,depth+mmwave+wifi-csi,,protocol3,mse,0.003727276494020643,lower_better,,,yes,no,no,ablation_table,Supports mechanism/ablation analysis.,high
E:\Deskbook\Tea\HPE\outputs\eval\ablation_encoder_skeleton_prompt_all_combinations.csv,csv,ablation,VK-RCD-Ablation,depth+mmwave+wifi-csi,,protocol3,mpjpe,0.09140629918990564,lower_better,,,yes,no,no,ablation_table,Supports mechanism/ablation analysis.,high
E:\Deskbook\Tea\HPE\outputs\eval\ablation_encoder_skeleton_prompt_all_combinations.csv,csv,ablation,VK-RCD-Ablation,depth+mmwave+wifi-csi,,protocol3,pa_mpjpe,0.055501347218773374,lower_better,,,yes,no,no,ablation_table,Supports mechanism/ablation analysis.,high
E:\Deskbook\Tea\HPE\outputs\eval\ablation_encoder_skeleton_prompt_all_combinations.csv,csv,ablation,VK-RCD-Ablation,lidar+mmwave+wifi-csi,,protocol3,mse,0.07110580587105748,lower_better,,,yes,no,no,ablation_table,Supports mechanism/ablation analysis.,high
E:\Deskbook\Tea\HPE\outputs\eval\ablation_encoder_skeleton_prompt_all_combinations.csv,csv,ablation,VK-RCD-Ablation,lidar+mmwave+wifi-csi,,protocol3,mpjpe,0.4276454384144977,lower_better,,,yes,no,no,ablation_table,Supports mechanism/ablation analysis.,high
E:\Deskbook\Tea\HPE\outputs\eval\ablation_encoder_skeleton_prompt_all_combinations.csv,csv,ablation,VK-RCD-Ablation,lidar+mmwave+wifi-csi,,protocol3,pa_mpjpe,0.2745991270344583,lower_better,,,yes,no,no,ablation_table,Supports mechanism/ablation analysis.,high
E:\Deskbook\Tea\HPE\outputs\eval\ablation_encoder_skeleton_prompt_all_combinations.csv,csv,ablation,VK-RCD-Ablation,vk+depth+lidar+mmwave,,protocol3,mse,0.0018044320210001616,lower_better,,,yes,no,no,ablation_table,Supports mechanism/ablation analysis.,high
E:\Deskbook\Tea\HPE\outputs\eval\ablation_encoder_skeleton_prompt_all_combinations.csv,csv,ablation,VK-RCD-Ablation,vk+depth+lidar+mmwave,,protocol3,mpjpe,0.0592187681446863,lower_better,,,yes,no,no,ablation_table,Supports mechanism/ablation analysis.,high
E:\Deskbook\Tea\HPE\outputs\eval\ablation_encoder_skeleton_prompt_all_combinations.csv,csv,ablation,VK-RCD-Ablation,vk+depth+lidar+mmwave,,protocol3,pa_mpjpe,0.03948217802203072,lower_better,,,yes,no,no,ablation_table,Supports mechanism/ablation analysis.,high
E:\Deskbook\Tea\HPE\outputs\eval\ablation_encoder_skeleton_prompt_all_combinations.csv,csv,ablation,VK-RCD-Ablation,vk+depth+lidar+wifi-csi,,protocol3,mse,0.0019618511721751384,lower_better,,,yes,no,no,ablation_table,Supports mechanism/ablation analysis.,high
E:\Deskbook\Tea\HPE\outputs\eval\ablation_encoder_skeleton_prompt_all_combinations.csv,csv,ablation,VK-RCD-Ablation,vk+depth+lidar+wifi-csi,,protocol3,mpjpe,0.061870477341504776,lower_better,,,yes,no,no,ablation_table,Supports mechanism/ablation analysis.,high
E:\Deskbook\Tea\HPE\outputs\eval\ablation_encoder_skeleton_prompt_all_combinations.csv,csv,ablation,VK-RCD-Ablation,vk+depth+lidar+wifi-csi,,protocol3,pa_mpjpe,0.04043836363067181,lower_better,,,yes,no,no,ablation_table,Supports mechanism/ablation analysis.,high
E:\Deskbook\Tea\HPE\outputs\eval\ablation_encoder_skeleton_prompt_all_combinations.csv,csv,ablation,VK-RCD-Ablation,vk+depth+mmwave+wifi-csi,,protocol3,mse,0.001799226052955621,lower_better,,,yes,no,no,ablation_table,Supports mechanism/ablation analysis.,high
E:\Deskbook\Tea\HPE\outputs\eval\ablation_encoder_skeleton_prompt_all_combinations.csv,csv,ablation,VK-RCD-Ablation,vk+depth+mmwave+wifi-csi,,protocol3,mpjpe,0.05805891199651346,lower_better,,,yes,no,no,ablation_table,Supports mechanism/ablation analysis.,high
E:\Deskbook\Tea\HPE\outputs\eval\ablation_encoder_skeleton_prompt_all_combinations.csv,csv,ablation,VK-RCD-Ablation,vk+depth+mmwave+wifi-csi,,protocol3,pa_mpjpe,0.041067290058134684,lower_better,,,yes,no,no,ablation_table,Supports mechanism/ablation analysis.,high
E:\Deskbook\Tea\HPE\outputs\eval\ablation_encoder_skeleton_prompt_all_combinations.csv,csv,ablation,VK-RCD-Ablation,vk+lidar+mmwave+wifi-csi,,protocol3,mse,2.5903470530178736,lower_better,,,yes,no,no,ablation_table,Supports mechanism/ablation analysis.,high
E:\Deskbook\Tea\HPE\outputs\eval\ablation_encoder_skeleton_prompt_all_combinations.csv,csv,ablation,VK-RCD-Ablation,vk+lidar+mmwave+wifi-csi,,protocol3,mpjpe,2.7761112265284185,lower_better,,,yes,no,no,ablation_table,Supports mechanism/ablation analysis.,high
E:\Deskbook\Tea\HPE\outputs\eval\ablation_encoder_skeleton_prompt_all_combinations.csv,csv,ablation,VK-RCD-Ablation,vk+lidar+mmwave+wifi-csi,,protocol3,pa_mpjpe,0.39970909549981426,lower_better,,,yes,no,no,ablation_table,Supports mechanism/ablation analysis.,high
E:\Deskbook\Tea\HPE\outputs\eval\ablation_encoder_skeleton_prompt_all_combinations.csv,csv,ablation,VK-RCD-Ablation,depth+lidar+mmwave+wifi-csi,,protocol3,mse,0.003102487751307954,lower_better,,,yes,no,no,ablation_table,Supports mechanism/ablation analysis.,high
E:\Deskbook\Tea\HPE\outputs\eval\ablation_encoder_skeleton_prompt_all_combinations.csv,csv,ablation,VK-RCD-Ablation,depth+lidar+mmwave+wifi-csi,,protocol3,mpjpe,0.08283681025274943,lower_better,,,yes,no,no,ablation_table,Supports mechanism/ablation analysis.,high
E:\Deskbook\Tea\HPE\outputs\eval\ablation_encoder_skeleton_prompt_all_combinations.csv,csv,ablation,VK-RCD-Ablation,depth+lidar+mmwave+wifi-csi,,protocol3,pa_mpjpe,0.04996098258879254,lower_better,,,yes,no,no,ablation_table,Supports mechanism/ablation analysis.,high
E:\Deskbook\Tea\HPE\outputs\eval\ablation_encoder_skeleton_prompt_all_combinations.csv,csv,ablation,VK-RCD-Ablation,vk+depth+lidar+mmwave+wifi-csi,,protocol3,mse,0.0016443982004970318,lower_better,,,yes,no,no,ablation_table,Supports mechanism/ablation analysis.,high
E:\Deskbook\Tea\HPE\outputs\eval\ablation_encoder_skeleton_prompt_all_combinations.csv,csv,ablation,VK-RCD-Ablation,vk+depth+lidar+mmwave+wifi-csi,,protocol3,mpjpe,0.05507223869736971,lower_better,,,yes,no,no,ablation_table,Supports mechanism/ablation analysis.,high
E:\Deskbook\Tea\HPE\outputs\eval\ablation_encoder_skeleton_prompt_all_combinations.csv,csv,ablation,VK-RCD-Ablation,vk+depth+lidar+mmwave+wifi-csi,,protocol3,pa_mpjpe,0.0386244369776381,lower_better,,,yes,no,no,ablation_table,Supports mechanism/ablation analysis.,high
E:\Deskbook\Tea\HPE\outputs\eval\ablation_no_distill_all_combinations.csv,csv,ablation,VK-RCD-Ablation,vk,,protocol3,mse,0.003197720764350731,lower_better,,,yes,no,no,ablation_table,Supports mechanism/ablation analysis.,high
E:\Deskbook\Tea\HPE\outputs\eval\ablation_no_distill_all_combinations.csv,csv,ablation,VK-RCD-Ablation,vk,,protocol3,mpjpe,0.07833711141986374,lower_better,,,yes,no,no,ablation_table,Supports mechanism/ablation analysis.,high
E:\Deskbook\Tea\HPE\outputs\eval\ablation_no_distill_all_combinations.csv,csv,ablation,VK-RCD-Ablation,vk,,protocol3,pa_mpjpe,0.04168409094943816,lower_better,,,yes,no,no,ablation_table,Supports mechanism/ablation analysis.,high
E:\Deskbook\Tea\HPE\outputs\eval\ablation_no_distill_all_combinations.csv,csv,ablation,VK-RCD-Ablation,depth,,protocol3,mse,0.0015962112229390014,lower_better,,,yes,no,no,ablation_table,Supports mechanism/ablation analysis.,high
E:\Deskbook\Tea\HPE\outputs\eval\ablation_no_distill_all_combinations.csv,csv,ablation,VK-RCD-Ablation,depth,,protocol3,mpjpe,0.05246097022512597,lower_better,,,yes,no,no,ablation_table,Supports mechanism/ablation analysis.,high
E:\Deskbook\Tea\HPE\outputs\eval\ablation_no_distill_all_combinations.csv,csv,ablation,VK-RCD-Ablation,depth,,protocol3,pa_mpjpe,0.03460197881405664,lower_better,,,yes,no,no,ablation_table,Supports mechanism/ablation analysis.,high
E:\Deskbook\Tea\HPE\outputs\eval\ablation_no_distill_all_combinations.csv,csv,ablation,VK-RCD-Ablation,lidar,,protocol3,mse,0.009989925082224791,lower_better,,,yes,no,no,ablation_table,Supports mechanism/ablation analysis.,high
E:\Deskbook\Tea\HPE\outputs\eval\ablation_no_distill_all_combinations.csv,csv,ablation,VK-RCD-Ablation,lidar,,protocol3,mpjpe,0.13835324091047757,lower_better,,,yes,no,no,ablation_table,Supports mechanism/ablation analysis.,high
E:\Deskbook\Tea\HPE\outputs\eval\ablation_no_distill_all_combinations.csv,csv,ablation,VK-RCD-Ablation,lidar,,protocol3,pa_mpjpe,0.09430541554636951,lower_better,,,yes,no,no,ablation_table,Supports mechanism/ablation analysis.,high
E:\Deskbook\Tea\HPE\outputs\eval\ablation_no_distill_all_combinations.csv,csv,ablation,VK-RCD-Ablation,mmwave,,protocol3,mse,0.0061325592639591125,lower_better,,,yes,no,no,ablation_table,Supports mechanism/ablation analysis.,high
E:\Deskbook\Tea\HPE\outputs\eval\ablation_no_distill_all_combinations.csv,csv,ablation,VK-RCD-Ablation,mmwave,,protocol3,mpjpe,0.1110299816683784,lower_better,,,yes,no,no,ablation_table,Supports mechanism/ablation analysis.,high
E:\Deskbook\Tea\HPE\outputs\eval\ablation_no_distill_all_combinations.csv,csv,ablation,VK-RCD-Ablation,mmwave,,protocol3,pa_mpjpe,0.05690194037140684,lower_better,,,yes,no,no,ablation_table,Supports mechanism/ablation analysis.,high
E:\Deskbook\Tea\HPE\outputs\eval\ablation_no_distill_all_combinations.csv,csv,ablation,VK-RCD-Ablation,wifi-csi,,protocol3,mse,0.024673011350676684,lower_better,,,yes,no,no,ablation_table,Supports mechanism/ablation analysis.,high
E:\Deskbook\Tea\HPE\outputs\eval\ablation_no_distill_all_combinations.csv,csv,ablation,VK-RCD-Ablation,wifi-csi,,protocol3,mpjpe,0.22480828712030843,lower_better,,,yes,no,no,ablation_table,Supports mechanism/ablation analysis.,high
E:\Deskbook\Tea\HPE\outputs\eval\ablation_no_distill_all_combinations.csv,csv,ablation,VK-RCD-Ablation,wifi-csi,,protocol3,pa_mpjpe,0.10953155026931422,lower_better,,,yes,no,no,ablation_table,Supports mechanism/ablation analysis.,high
E:\Deskbook\Tea\HPE\outputs\eval\ablation_no_distill_all_combinations.csv,csv,ablation,VK-RCD-Ablation,vk+depth,,protocol3,mse,0.0014863273289524358,lower_better,,,yes,no,no,ablation_table,Supports mechanism/ablation analysis.,high
E:\Deskbook\Tea\HPE\outputs\eval\ablation_no_distill_all_combinations.csv,csv,ablation,VK-RCD-Ablation,vk+depth,,protocol3,mpjpe,0.05051950122805691,lower_better,,,yes,no,no,ablation_table,Supports mechanism/ablation analysis.,high
E:\Deskbook\Tea\HPE\outputs\eval\ablation_no_distill_all_combinations.csv,csv,ablation,VK-RCD-Ablation,vk+depth,,protocol3,pa_mpjpe,0.033363594689657675,lower_better,,,yes,no,no,ablation_table,Supports mechanism/ablation analysis.,high
E:\Deskbook\Tea\HPE\outputs\eval\ablation_no_distill_all_combinations.csv,csv,ablation,VK-RCD-Ablation,vk+lidar,,protocol3,mse,0.0025521499340677148,lower_better,,,yes,no,no,ablation_table,Supports mechanism/ablation analysis.,high
E:\Deskbook\Tea\HPE\outputs\eval\ablation_no_distill_all_combinations.csv,csv,ablation,VK-RCD-Ablation,vk+lidar,,protocol3,mpjpe,0.06822127525949362,lower_better,,,yes,no,no,ablation_table,Supports mechanism/ablation analysis.,high
E:\Deskbook\Tea\HPE\outputs\eval\ablation_no_distill_all_combinations.csv,csv,ablation,VK-RCD-Ablation,vk+lidar,,protocol3,pa_mpjpe,0.041280673552101986,lower_better,,,yes,no,no,ablation_table,Supports mechanism/ablation analysis.,high
E:\Deskbook\Tea\HPE\outputs\eval\ablation_no_distill_all_combinations.csv,csv,ablation,VK-RCD-Ablation,vk+mmwave,,protocol3,mse,0.002322288357952886,lower_better,,,yes,no,no,ablation_table,Supports mechanism/ablation analysis.,high
E:\Deskbook\Tea\HPE\outputs\eval\ablation_no_distill_all_combinations.csv,csv,ablation,VK-RCD-Ablation,vk+mmwave,,protocol3,mpjpe,0.0663313231526066,lower_better,,,yes,no,no,ablation_table,Supports mechanism/ablation analysis.,high
E:\Deskbook\Tea\HPE\outputs\eval\ablation_no_distill_all_combinations.csv,csv,ablation,VK-RCD-Ablation,vk+mmwave,,protocol3,pa_mpjpe,0.038266757394320255,lower_better,,,yes,no,no,ablation_table,Supports mechanism/ablation analysis.,high
E:\Deskbook\Tea\HPE\outputs\eval\ablation_no_distill_all_combinations.csv,csv,ablation,VK-RCD-Ablation,vk+wifi-csi,,protocol3,mse,0.003037704886063285,lower_better,,,yes,no,no,ablation_table,Supports mechanism/ablation analysis.,high
E:\Deskbook\Tea\HPE\outputs\eval\ablation_no_distill_all_combinations.csv,csv,ablation,VK-RCD-Ablation,vk+wifi-csi,,protocol3,mpjpe,0.07612046919747294,lower_better,,,yes,no,no,ablation_table,Supports mechanism/ablation analysis.,high
E:\Deskbook\Tea\HPE\outputs\eval\ablation_no_distill_all_combinations.csv,csv,ablation,VK-RCD-Ablation,vk+wifi-csi,,protocol3,pa_mpjpe,0.041752502617553915,lower_better,,,yes,no,no,ablation_table,Supports mechanism/ablation analysis.,high
E:\Deskbook\Tea\HPE\outputs\eval\ablation_no_distill_all_combinations.csv,csv,ablation,VK-RCD-Ablation,depth+lidar,,protocol3,mse,0.0015790474397069164,lower_better,,,yes,no,no,ablation_table,Supports mechanism/ablation analysis.,high
E:\Deskbook\Tea\HPE\outputs\eval\ablation_no_distill_all_combinations.csv,csv,ablation,VK-RCD-Ablation,depth+lidar,,protocol3,mpjpe,0.052002822008197155,lower_better,,,yes,no,no,ablation_table,Supports mechanism/ablation analysis.,high
E:\Deskbook\Tea\HPE\outputs\eval\ablation_no_distill_all_combinations.csv,csv,ablation,VK-RCD-Ablation,depth+lidar,,protocol3,pa_mpjpe,0.034470573954839635,lower_better,,,yes,no,no,ablation_table,Supports mechanism/ablation analysis.,high
E:\Deskbook\Tea\HPE\outputs\eval\ablation_no_distill_all_combinations.csv,csv,ablation,VK-RCD-Ablation,depth+mmwave,,protocol3,mse,0.0014789132370642782,lower_better,,,yes,no,no,ablation_table,Supports mechanism/ablation analysis.,high
E:\Deskbook\Tea\HPE\outputs\eval\ablation_no_distill_all_combinations.csv,csv,ablation,VK-RCD-Ablation,depth+mmwave,,protocol3,mpjpe,0.05074432030717829,lower_better,,,yes,no,no,ablation_table,Supports mechanism/ablation analysis.,high
E:\Deskbook\Tea\HPE\outputs\eval\ablation_no_distill_all_combinations.csv,csv,ablation,VK-RCD-Ablation,depth+mmwave,,protocol3,pa_mpjpe,0.03348621399929279,lower_better,,,yes,no,no,ablation_table,Supports mechanism/ablation analysis.,high
E:\Deskbook\Tea\HPE\outputs\eval\ablation_no_distill_all_combinations.csv,csv,ablation,VK-RCD-Ablation,depth+wifi-csi,,protocol3,mse,0.0016006021597772529,lower_better,,,yes,no,no,ablation_table,Supports mechanism/ablation analysis.,high
E:\Deskbook\Tea\HPE\outputs\eval\ablation_no_distill_all_combinations.csv,csv,ablation,VK-RCD-Ablation,depth+wifi-csi,,protocol3,mpjpe,0.052537523346396435,lower_better,,,yes,no,no,ablation_table,Supports mechanism/ablation analysis.,high
E:\Deskbook\Tea\HPE\outputs\eval\ablation_no_distill_all_combinations.csv,csv,ablation,VK-RCD-Ablation,depth+wifi-csi,,protocol3,pa_mpjpe,0.0344899940986444,lower_better,,,yes,no,no,ablation_table,Supports mechanism/ablation analysis.,high
E:\Deskbook\Tea\HPE\outputs\eval\ablation_no_distill_all_combinations.csv,csv,ablation,VK-RCD-Ablation,lidar+mmwave,,protocol3,mse,0.004294291318345814,lower_better,,,yes,no,no,ablation_table,Supports mechanism/ablation analysis.,high
E:\Deskbook\Tea\HPE\outputs\eval\ablation_no_distill_all_combinations.csv,csv,ablation,VK-RCD-Ablation,lidar+mmwave,,protocol3,mpjpe,0.09229733097161538,lower_better,,,yes,no,no,ablation_table,Supports mechanism/ablation analysis.,high
E:\Deskbook\Tea\HPE\outputs\eval\ablation_no_distill_all_combinations.csv,csv,ablation,VK-RCD-Ablation,lidar+mmwave,,protocol3,pa_mpjpe,0.05360405782985626,lower_better,,,yes,no,no,ablation_table,Supports mechanism/ablation analysis.,high
E:\Deskbook\Tea\HPE\outputs\eval\ablation_no_distill_all_combinations.csv,csv,ablation,VK-RCD-Ablation,lidar+wifi-csi,,protocol3,mse,0.00974671014366607,lower_better,,,yes,no,no,ablation_table,Supports mechanism/ablation analysis.,high
E:\Deskbook\Tea\HPE\outputs\eval\ablation_no_distill_all_combinations.csv,csv,ablation,VK-RCD-Ablation,lidar+wifi-csi,,protocol3,mpjpe,0.1346793690616687,lower_better,,,yes,no,no,ablation_table,Supports mechanism/ablation analysis.,high
E:\Deskbook\Tea\HPE\outputs\eval\ablation_no_distill_all_combinations.csv,csv,ablation,VK-RCD-Ablation,lidar+wifi-csi,,protocol3,pa_mpjpe,0.09387381986921639,lower_better,,,yes,no,no,ablation_table,Supports mechanism/ablation analysis.,high
E:\Deskbook\Tea\HPE\outputs\eval\ablation_no_distill_all_combinations.csv,csv,ablation,VK-RCD-Ablation,mmwave+wifi-csi,,protocol3,mse,0.0056152230442861285,lower_better,,,yes,no,no,ablation_table,Supports mechanism/ablation analysis.,high
E:\Deskbook\Tea\HPE\outputs\eval\ablation_no_distill_all_combinations.csv,csv,ablation,VK-RCD-Ablation,mmwave+wifi-csi,,protocol3,mpjpe,0.10526703324664603,lower_better,,,yes,no,no,ablation_table,Supports mechanism/ablation analysis.,high
E:\Deskbook\Tea\HPE\outputs\eval\ablation_no_distill_all_combinations.csv,csv,ablation,VK-RCD-Ablation,mmwave+wifi-csi,,protocol3,pa_mpjpe,0.05587790985660492,lower_better,,,yes,no,no,ablation_table,Supports mechanism/ablation analysis.,high
E:\Deskbook\Tea\HPE\outputs\eval\ablation_no_distill_all_combinations.csv,csv,ablation,VK-RCD-Ablation,vk+depth+lidar,,protocol3,mse,0.0014693197473720858,lower_better,,,yes,no,no,ablation_table,Supports mechanism/ablation analysis.,high
E:\Deskbook\Tea\HPE\outputs\eval\ablation_no_distill_all_combinations.csv,csv,ablation,VK-RCD-Ablation,vk+depth+lidar,,protocol3,mpjpe,0.05005390020065295,lower_better,,,yes,no,no,ablation_table,Supports mechanism/ablation analysis.,high
E:\Deskbook\Tea\HPE\outputs\eval\ablation_no_distill_all_combinations.csv,csv,ablation,VK-RCD-Ablation,vk+depth+lidar,,protocol3,pa_mpjpe,0.03330451734157913,lower_better,,,yes,no,no,ablation_table,Supports mechanism/ablation analysis.,high
E:\Deskbook\Tea\HPE\outputs\eval\ablation_no_distill_all_combinations.csv,csv,ablation,VK-RCD-Ablation,vk+depth+mmwave,,protocol3,mse,0.0013991736095995738,lower_better,,,yes,no,no,ablation_table,Supports mechanism/ablation analysis.,high
E:\Deskbook\Tea\HPE\outputs\eval\ablation_no_distill_all_combinations.csv,csv,ablation,VK-RCD-Ablation,vk+depth+mmwave,,protocol3,mpjpe,0.049014715099906306,lower_better,,,yes,no,no,ablation_table,Supports mechanism/ablation analysis.,high
E:\Deskbook\Tea\HPE\outputs\eval\ablation_no_distill_all_combinations.csv,csv,ablation,VK-RCD-Ablation,vk+depth+mmwave,,protocol3,pa_mpjpe,0.03251947618580995,lower_better,,,yes,no,no,ablation_table,Supports mechanism/ablation analysis.,high
E:\Deskbook\Tea\HPE\outputs\eval\ablation_no_distill_all_combinations.csv,csv,ablation,VK-RCD-Ablation,vk+depth+wifi-csi,,protocol3,mse,0.0014865914089366836,lower_better,,,yes,no,no,ablation_table,Supports mechanism/ablation analysis.,high
E:\Deskbook\Tea\HPE\outputs\eval\ablation_no_distill_all_combinations.csv,csv,ablation,VK-RCD-Ablation,vk+depth+wifi-csi,,protocol3,mpjpe,0.050498783986535595,lower_better,,,yes,no,no,ablation_table,Supports mechanism/ablation analysis.,high
E:\Deskbook\Tea\HPE\outputs\eval\ablation_no_distill_all_combinations.csv,csv,ablation,VK-RCD-Ablation,vk+depth+wifi-csi,,protocol3,pa_mpjpe,0.03332623987426547,lower_better,,,yes,no,no,ablation_table,Supports mechanism/ablation analysis.,high
E:\Deskbook\Tea\HPE\outputs\eval\ablation_no_distill_all_combinations.csv,csv,ablation,VK-RCD-Ablation,vk+lidar+mmwave,,protocol3,mse,0.002196822025947768,lower_better,,,yes,no,no,ablation_table,Supports mechanism/ablation analysis.,high
E:\Deskbook\Tea\HPE\outputs\eval\ablation_no_distill_all_combinations.csv,csv,ablation,VK-RCD-Ablation,vk+lidar+mmwave,,protocol3,mpjpe,0.06374507229289728,lower_better,,,yes,no,no,ablation_table,Supports mechanism/ablation analysis.,high
E:\Deskbook\Tea\HPE\outputs\eval\ablation_no_distill_all_combinations.csv,csv,ablation,VK-RCD-Ablation,vk+lidar+mmwave,,protocol3,pa_mpjpe,0.03804991070634583,lower_better,,,yes,no,no,ablation_table,Supports mechanism/ablation analysis.,high
E:\Deskbook\Tea\HPE\outputs\eval\ablation_no_distill_all_combinations.csv,csv,ablation,VK-RCD-Ablation,vk+lidar+wifi-csi,,protocol3,mse,0.002508310713269681,lower_better,,,yes,no,no,ablation_table,Supports mechanism/ablation analysis.,high
E:\Deskbook\Tea\HPE\outputs\eval\ablation_no_distill_all_combinations.csv,csv,ablation,VK-RCD-Ablation,vk+lidar+wifi-csi,,protocol3,mpjpe,0.06761014108221004,lower_better,,,yes,no,no,ablation_table,Supports mechanism/ablation analysis.,high
E:\Deskbook\Tea\HPE\outputs\eval\ablation_no_distill_all_combinations.csv,csv,ablation,VK-RCD-Ablation,vk+lidar+wifi-csi,,protocol3,pa_mpjpe,0.0412977142062815,lower_better,,,yes,no,no,ablation_table,Supports mechanism/ablation analysis.,high
E:\Deskbook\Tea\HPE\outputs\eval\ablation_no_distill_all_combinations.csv,csv,ablation,VK-RCD-Ablation,vk+mmwave+wifi-csi,,protocol3,mse,0.002236089004400069,lower_better,,,yes,no,no,ablation_table,Supports mechanism/ablation analysis.,high
E:\Deskbook\Tea\HPE\outputs\eval\ablation_no_distill_all_combinations.csv,csv,ablation,VK-RCD-Ablation,vk+mmwave+wifi-csi,,protocol3,mpjpe,0.06457803600871559,lower_better,,,yes,no,no,ablation_table,Supports mechanism/ablation analysis.,high
E:\Deskbook\Tea\HPE\outputs\eval\ablation_no_distill_all_combinations.csv,csv,ablation,VK-RCD-Ablation,vk+mmwave+wifi-csi,,protocol3,pa_mpjpe,0.038300676504521014,lower_better,,,yes,no,no,ablation_table,Supports mechanism/ablation analysis.,high
E:\Deskbook\Tea\HPE\outputs\eval\ablation_no_distill_all_combinations.csv,csv,ablation,VK-RCD-Ablation,depth+lidar+mmwave,,protocol3,mse,0.0014717942959473836,lower_better,,,yes,no,no,ablation_table,Supports mechanism/ablation analysis.,high
E:\Deskbook\Tea\HPE\outputs\eval\ablation_no_distill_all_combinations.csv,csv,ablation,VK-RCD-Ablation,depth+lidar+mmwave,,protocol3,mpjpe,0.05047915521407532,lower_better,,,yes,no,no,ablation_table,Supports mechanism/ablation analysis.,high
E:\Deskbook\Tea\HPE\outputs\eval\ablation_no_distill_all_combinations.csv,csv,ablation,VK-RCD-Ablation,depth+lidar+mmwave,,protocol3,pa_mpjpe,0.03343428597934231,lower_better,,,yes,no,no,ablation_table,Supports mechanism/ablation analysis.,high
E:\Deskbook\Tea\HPE\outputs\eval\ablation_no_distill_all_combinations.csv,csv,ablation,VK-RCD-Ablation,depth+lidar+wifi-csi,,protocol3,mse,0.0015822883415119407,lower_better,,,yes,no,no,ablation_table,Supports mechanism/ablation analysis.,high
E:\Deskbook\Tea\HPE\outputs\eval\ablation_no_distill_all_combinations.csv,csv,ablation,VK-RCD-Ablation,depth+lidar+wifi-csi,,protocol3,mpjpe,0.05205877048982797,lower_better,,,yes,no,no,ablation_table,Supports mechanism/ablation analysis.,high
E:\Deskbook\Tea\HPE\outputs\eval\ablation_no_distill_all_combinations.csv,csv,ablation,VK-RCD-Ablation,depth+lidar+wifi-csi,,protocol3,pa_mpjpe,0.034449559328392956,lower_better,,,yes,no,no,ablation_table,Supports mechanism/ablation analysis.,high
E:\Deskbook\Tea\HPE\outputs\eval\ablation_no_distill_all_combinations.csv,csv,ablation,VK-RCD-Ablation,depth+mmwave+wifi-csi,,protocol3,mse,0.001479588309405274,lower_better,,,yes,no,no,ablation_table,Supports mechanism/ablation analysis.,high
E:\Deskbook\Tea\HPE\outputs\eval\ablation_no_distill_all_combinations.csv,csv,ablation,VK-RCD-Ablation,depth+mmwave+wifi-csi,,protocol3,mpjpe,0.050725140452407246,lower_better,,,yes,no,no,ablation_table,Supports mechanism/ablation analysis.,high
E:\Deskbook\Tea\HPE\outputs\eval\ablation_no_distill_all_combinations.csv,csv,ablation,VK-RCD-Ablation,depth+mmwave+wifi-csi,,protocol3,pa_mpjpe,0.03346276832628688,lower_better,,,yes,no,no,ablation_table,Supports mechanism/ablation analysis.,high
E:\Deskbook\Tea\HPE\outputs\eval\ablation_no_distill_all_combinations.csv,csv,ablation,VK-RCD-Ablation,lidar+mmwave+wifi-csi,,protocol3,mse,0.004207445492589116,lower_better,,,yes,no,no,ablation_table,Supports mechanism/ablation analysis.,high
E:\Deskbook\Tea\HPE\outputs\eval\ablation_no_distill_all_combinations.csv,csv,ablation,VK-RCD-Ablation,lidar+mmwave+wifi-csi,,protocol3,mpjpe,0.09080565522662615,lower_better,,,yes,no,no,ablation_table,Supports mechanism/ablation analysis.,high
E:\Deskbook\Tea\HPE\outputs\eval\ablation_no_distill_all_combinations.csv,csv,ablation,VK-RCD-Ablation,lidar+mmwave+wifi-csi,,protocol3,pa_mpjpe,0.05365043478579849,lower_better,,,yes,no,no,ablation_table,Supports mechanism/ablation analysis.,high
E:\Deskbook\Tea\HPE\outputs\eval\ablation_no_distill_all_combinations.csv,csv,ablation,VK-RCD-Ablation,vk+depth+lidar+mmwave,,protocol3,mse,0.001394878958351126,lower_better,,,yes,no,no,ablation_table,Supports mechanism/ablation analysis.,high
E:\Deskbook\Tea\HPE\outputs\eval\ablation_no_distill_all_combinations.csv,csv,ablation,VK-RCD-Ablation,vk+depth+lidar+mmwave,,protocol3,mpjpe,0.0488290124615669,lower_better,,,yes,no,no,ablation_table,Supports mechanism/ablation analysis.,high
E:\Deskbook\Tea\HPE\outputs\eval\ablation_no_distill_all_combinations.csv,csv,ablation,VK-RCD-Ablation,vk+depth+lidar+mmwave,,protocol3,pa_mpjpe,0.0324985588888422,lower_better,,,yes,no,no,ablation_table,Supports mechanism/ablation analysis.,high
E:\Deskbook\Tea\HPE\outputs\eval\ablation_no_distill_all_combinations.csv,csv,ablation,VK-RCD-Ablation,vk+depth+lidar+wifi-csi,,protocol3,mse,0.0014715423719279333,lower_better,,,yes,no,no,ablation_table,Supports mechanism/ablation analysis.,high
E:\Deskbook\Tea\HPE\outputs\eval\ablation_no_distill_all_combinations.csv,csv,ablation,VK-RCD-Ablation,vk+depth+lidar+wifi-csi,,protocol3,mpjpe,0.05007829138186154,lower_better,,,yes,no,no,ablation_table,Supports mechanism/ablation analysis.,high
E:\Deskbook\Tea\HPE\outputs\eval\ablation_no_distill_all_combinations.csv,csv,ablation,VK-RCD-Ablation,vk+depth+lidar+wifi-csi,,protocol3,pa_mpjpe,0.03330360740556245,lower_better,,,yes,no,no,ablation_table,Supports mechanism/ablation analysis.,high
E:\Deskbook\Tea\HPE\outputs\eval\ablation_no_distill_all_combinations.csv,csv,ablation,VK-RCD-Ablation,vk+depth+mmwave+wifi-csi,,protocol3,mse,0.0013994114854080251,lower_better,,,yes,no,no,ablation_table,Supports mechanism/ablation analysis.,high
E:\Deskbook\Tea\HPE\outputs\eval\ablation_no_distill_all_combinations.csv,csv,ablation,VK-RCD-Ablation,vk+depth+mmwave+wifi-csi,,protocol3,mpjpe,0.04899162167344349,lower_better,,,yes,no,no,ablation_table,Supports mechanism/ablation analysis.,high
E:\Deskbook\Tea\HPE\outputs\eval\ablation_no_distill_all_combinations.csv,csv,ablation,VK-RCD-Ablation,vk+depth+mmwave+wifi-csi,,protocol3,pa_mpjpe,0.032517256840993644,lower_better,,,yes,no,no,ablation_table,Supports mechanism/ablation analysis.,high
E:\Deskbook\Tea\HPE\outputs\eval\ablation_no_distill_all_combinations.csv,csv,ablation,VK-RCD-Ablation,vk+lidar+mmwave+wifi-csi,,protocol3,mse,0.0021417333214884746,lower_better,,,yes,no,no,ablation_table,Supports mechanism/ablation analysis.,high
E:\Deskbook\Tea\HPE\outputs\eval\ablation_no_distill_all_combinations.csv,csv,ablation,VK-RCD-Ablation,vk+lidar+mmwave+wifi-csi,,protocol3,mpjpe,0.06265365359866867,lower_better,,,yes,no,no,ablation_table,Supports mechanism/ablation analysis.,high
E:\Deskbook\Tea\HPE\outputs\eval\ablation_no_distill_all_combinations.csv,csv,ablation,VK-RCD-Ablation,vk+lidar+mmwave+wifi-csi,,protocol3,pa_mpjpe,0.03812675247619771,lower_better,,,yes,no,no,ablation_table,Supports mechanism/ablation analysis.,high
E:\Deskbook\Tea\HPE\outputs\eval\ablation_no_distill_all_combinations.csv,csv,ablation,VK-RCD-Ablation,depth+lidar+mmwave+wifi-csi,,protocol3,mse,0.0014735238990420784,lower_better,,,yes,no,no,ablation_table,Supports mechanism/ablation analysis.,high
E:\Deskbook\Tea\HPE\outputs\eval\ablation_no_distill_all_combinations.csv,csv,ablation,VK-RCD-Ablation,depth+lidar+mmwave+wifi-csi,,protocol3,mpjpe,0.050491600157675606,lower_better,,,yes,no,no,ablation_table,Supports mechanism/ablation analysis.,high
E:\Deskbook\Tea\HPE\outputs\eval\ablation_no_distill_all_combinations.csv,csv,ablation,VK-RCD-Ablation,depth+lidar+mmwave+wifi-csi,,protocol3,pa_mpjpe,0.03344049775399978,lower_better,,,yes,no,no,ablation_table,Supports mechanism/ablation analysis.,high
E:\Deskbook\Tea\HPE\outputs\eval\ablation_no_distill_all_combinations.csv,csv,ablation,VK-RCD-Ablation,vk+depth+lidar+mmwave+wifi-csi,,protocol3,mse,0.0013957083315105916,lower_better,,,yes,no,no,ablation_table,Supports mechanism/ablation analysis.,high
E:\Deskbook\Tea\HPE\outputs\eval\ablation_no_distill_all_combinations.csv,csv,ablation,VK-RCD-Ablation,vk+depth+lidar+mmwave+wifi-csi,,protocol3,mpjpe,0.0488266195176969,lower_better,,,yes,no,no,ablation_table,Supports mechanism/ablation analysis.,high
E:\Deskbook\Tea\HPE\outputs\eval\ablation_no_distill_all_combinations.csv,csv,ablation,VK-RCD-Ablation,vk+depth+lidar+mmwave+wifi-csi,,protocol3,pa_mpjpe,0.03251138391344495,lower_better,,,yes,no,no,ablation_table,Supports mechanism/ablation analysis.,high
E:\Deskbook\Tea\HPE\outputs\eval\ablation_uniform_fusion_all_combinations.csv,csv,reliability,VK-RCD-Ablation,vk,,protocol3,mse,0.006708647033851442,lower_better,,,yes,no,no,figure,Supports mechanism visualization or diagnostic analysis.,high
E:\Deskbook\Tea\HPE\outputs\eval\ablation_uniform_fusion_all_combinations.csv,csv,reliability,VK-RCD-Ablation,vk,,protocol3,mpjpe,0.12361501840091076,lower_better,,,yes,no,no,figure,Supports mechanism visualization or diagnostic analysis.,high
E:\Deskbook\Tea\HPE\outputs\eval\ablation_uniform_fusion_all_combinations.csv,csv,reliability,VK-RCD-Ablation,vk,,protocol3,pa_mpjpe,0.04789045866663433,lower_better,,,yes,no,no,figure,Supports mechanism visualization or diagnostic analysis.,high
E:\Deskbook\Tea\HPE\outputs\eval\ablation_uniform_fusion_all_combinations.csv,csv,reliability,VK-RCD-Ablation,depth,,protocol3,mse,0.0017279791834142024,lower_better,,,yes,no,no,figure,Supports mechanism visualization or diagnostic analysis.,high
E:\Deskbook\Tea\HPE\outputs\eval\ablation_uniform_fusion_all_combinations.csv,csv,reliability,VK-RCD-Ablation,depth,,protocol3,mpjpe,0.05572495378683014,lower_better,,,yes,no,no,figure,Supports mechanism visualization or diagnostic analysis.,high
E:\Deskbook\Tea\HPE\outputs\eval\ablation_uniform_fusion_all_combinations.csv,csv,reliability,VK-RCD-Ablation,depth,,protocol3,pa_mpjpe,0.038617505349830133,lower_better,,,yes,no,no,figure,Supports mechanism visualization or diagnostic analysis.,high
E:\Deskbook\Tea\HPE\outputs\eval\ablation_uniform_fusion_all_combinations.csv,csv,reliability,VK-RCD-Ablation,lidar,,protocol3,mse,0.011311458644427778,lower_better,,,yes,no,no,figure,Supports mechanism visualization or diagnostic analysis.,high
E:\Deskbook\Tea\HPE\outputs\eval\ablation_uniform_fusion_all_combinations.csv,csv,reliability,VK-RCD-Ablation,lidar,,protocol3,mpjpe,0.14706596838058802,lower_better,,,yes,no,no,figure,Supports mechanism visualization or diagnostic analysis.,high
E:\Deskbook\Tea\HPE\outputs\eval\ablation_uniform_fusion_all_combinations.csv,csv,reliability,VK-RCD-Ablation,lidar,,protocol3,pa_mpjpe,0.10052792678474437,lower_better,,,yes,no,no,figure,Supports mechanism visualization or diagnostic analysis.,high
E:\Deskbook\Tea\HPE\outputs\eval\ablation_uniform_fusion_all_combinations.csv,csv,reliability,VK-RCD-Ablation,mmwave,,protocol3,mse,0.006479372270173014,lower_better,,,yes,no,no,figure,Supports mechanism visualization or diagnostic analysis.,high
E:\Deskbook\Tea\HPE\outputs\eval\ablation_uniform_fusion_all_combinations.csv,csv,reliability,VK-RCD-Ablation,mmwave,,protocol3,mpjpe,0.11429342236274614,lower_better,,,yes,no,no,figure,Supports mechanism visualization or diagnostic analysis.,high
E:\Deskbook\Tea\HPE\outputs\eval\ablation_uniform_fusion_all_combinations.csv,csv,reliability,VK-RCD-Ablation,mmwave,,protocol3,pa_mpjpe,0.06221148081098591,lower_better,,,yes,no,no,figure,Supports mechanism visualization or diagnostic analysis.,high
E:\Deskbook\Tea\HPE\outputs\eval\ablation_uniform_fusion_all_combinations.csv,csv,reliability,VK-RCD-Ablation,wifi-csi,,protocol3,mse,0.02626872811887345,lower_better,,,yes,no,no,figure,Supports mechanism visualization or diagnostic analysis.,high
E:\Deskbook\Tea\HPE\outputs\eval\ablation_uniform_fusion_all_combinations.csv,csv,reliability,VK-RCD-Ablation,wifi-csi,,protocol3,mpjpe,0.2312696306786345,lower_better,,,yes,no,no,figure,Supports mechanism visualization or diagnostic analysis.,high
E:\Deskbook\Tea\HPE\outputs\eval\ablation_uniform_fusion_all_combinations.csv,csv,reliability,VK-RCD-Ablation,wifi-csi,,protocol3,pa_mpjpe,0.11200625900111442,lower_better,,,yes,no,no,figure,Supports mechanism visualization or diagnostic analysis.,high
E:\Deskbook\Tea\HPE\outputs\eval\ablation_uniform_fusion_all_combinations.csv,csv,reliability,VK-RCD-Ablation,vk+depth,,protocol3,mse,0.0016129066951250084,lower_better,,,yes,no,no,figure,Supports mechanism visualization or diagnostic analysis.,high
E:\Deskbook\Tea\HPE\outputs\eval\ablation_uniform_fusion_all_combinations.csv,csv,reliability,VK-RCD-Ablation,vk+depth,,protocol3,mpjpe,0.053622013498908314,lower_better,,,yes,no,no,figure,Supports mechanism visualization or diagnostic analysis.,high
E:\Deskbook\Tea\HPE\outputs\eval\ablation_uniform_fusion_all_combinations.csv,csv,reliability,VK-RCD-Ablation,vk+depth,,protocol3,pa_mpjpe,0.03769278556685438,lower_better,,,yes,no,no,figure,Supports mechanism visualization or diagnostic analysis.,high
E:\Deskbook\Tea\HPE\outputs\eval\ablation_uniform_fusion_all_combinations.csv,csv,reliability,VK-RCD-Ablation,vk+lidar,,protocol3,mse,0.003805149898049378,lower_better,,,yes,no,no,figure,Supports mechanism visualization or diagnostic analysis.,high
E:\Deskbook\Tea\HPE\outputs\eval\ablation_uniform_fusion_all_combinations.csv,csv,reliability,VK-RCD-Ablation,vk+lidar,,protocol3,mpjpe,0.08959521349156671,lower_better,,,yes,no,no,figure,Supports mechanism visualization or diagnostic analysis.,high
E:\Deskbook\Tea\HPE\outputs\eval\ablation_uniform_fusion_all_combinations.csv,csv,reliability,VK-RCD-Ablation,vk+lidar,,protocol3,pa_mpjpe,0.04765694610283311,lower_better,,,yes,no,no,figure,Supports mechanism visualization or diagnostic analysis.,high
E:\Deskbook\Tea\HPE\outputs\eval\ablation_uniform_fusion_all_combinations.csv,csv,reliability,VK-RCD-Ablation,vk+mmwave,,protocol3,mse,0.003218334462522228,lower_better,,,yes,no,no,figure,Supports mechanism visualization or diagnostic analysis.,high
E:\Deskbook\Tea\HPE\outputs\eval\ablation_uniform_fusion_all_combinations.csv,csv,reliability,VK-RCD-Ablation,vk+mmwave,,protocol3,mpjpe,0.08223527821306056,lower_better,,,yes,no,no,figure,Supports mechanism visualization or diagnostic analysis.,high
E:\Deskbook\Tea\HPE\outputs\eval\ablation_uniform_fusion_all_combinations.csv,csv,reliability,VK-RCD-Ablation,vk+mmwave,,protocol3,pa_mpjpe,0.0442204704910885,lower_better,,,yes,no,no,figure,Supports mechanism visualization or diagnostic analysis.,high
E:\Deskbook\Tea\HPE\outputs\eval\ablation_uniform_fusion_all_combinations.csv,csv,reliability,VK-RCD-Ablation,vk+wifi-csi,,protocol3,mse,0.006771910652187391,lower_better,,,yes,no,no,figure,Supports mechanism visualization or diagnostic analysis.,high
E:\Deskbook\Tea\HPE\outputs\eval\ablation_uniform_fusion_all_combinations.csv,csv,reliability,VK-RCD-Ablation,vk+wifi-csi,,protocol3,mpjpe,0.12468848959928974,lower_better,,,yes,no,no,figure,Supports mechanism visualization or diagnostic analysis.,high
E:\Deskbook\Tea\HPE\outputs\eval\ablation_uniform_fusion_all_combinations.csv,csv,reliability,VK-RCD-Ablation,vk+wifi-csi,,protocol3,pa_mpjpe,0.04743811368010703,lower_better,,,yes,no,no,figure,Supports mechanism visualization or diagnostic analysis.,high
E:\Deskbook\Tea\HPE\outputs\eval\ablation_uniform_fusion_all_combinations.csv,csv,reliability,VK-RCD-Ablation,depth+lidar,,protocol3,mse,0.0016922975377851143,lower_better,,,yes,no,no,figure,Supports mechanism visualization or diagnostic analysis.,high
E:\Deskbook\Tea\HPE\outputs\eval\ablation_uniform_fusion_all_combinations.csv,csv,reliability,VK-RCD-Ablation,depth+lidar,,protocol3,mpjpe,0.05497121087944758,lower_better,,,yes,no,no,figure,Supports mechanism visualization or diagnostic analysis.,high
E:\Deskbook\Tea\HPE\outputs\eval\ablation_uniform_fusion_all_combinations.csv,csv,reliability,VK-RCD-Ablation,depth+lidar,,protocol3,pa_mpjpe,0.038399733801598626,lower_better,,,yes,no,no,figure,Supports mechanism visualization or diagnostic analysis.,high
E:\Deskbook\Tea\HPE\outputs\eval\ablation_uniform_fusion_all_combinations.csv,csv,reliability,VK-RCD-Ablation,depth+mmwave,,protocol3,mse,0.0016300407042420847,lower_better,,,yes,no,no,figure,Supports mechanism visualization or diagnostic analysis.,high
E:\Deskbook\Tea\HPE\outputs\eval\ablation_uniform_fusion_all_combinations.csv,csv,reliability,VK-RCD-Ablation,depth+mmwave,,protocol3,mpjpe,0.05419281394140636,lower_better,,,yes,no,no,figure,Supports mechanism visualization or diagnostic analysis.,high
E:\Deskbook\Tea\HPE\outputs\eval\ablation_uniform_fusion_all_combinations.csv,csv,reliability,VK-RCD-Ablation,depth+mmwave,,protocol3,pa_mpjpe,0.03803550353569147,lower_better,,,yes,no,no,figure,Supports mechanism visualization or diagnostic analysis.,high
E:\Deskbook\Tea\HPE\outputs\eval\ablation_uniform_fusion_all_combinations.csv,csv,reliability,VK-RCD-Ablation,depth+wifi-csi,,protocol3,mse,0.0017108131258914319,lower_better,,,yes,no,no,figure,Supports mechanism visualization or diagnostic analysis.,high
E:\Deskbook\Tea\HPE\outputs\eval\ablation_uniform_fusion_all_combinations.csv,csv,reliability,VK-RCD-Ablation,depth+wifi-csi,,protocol3,mpjpe,0.055328896770227995,lower_better,,,yes,no,no,figure,Supports mechanism visualization or diagnostic analysis.,high
E:\Deskbook\Tea\HPE\outputs\eval\ablation_uniform_fusion_all_combinations.csv,csv,reliability,VK-RCD-Ablation,depth+wifi-csi,,protocol3,pa_mpjpe,0.03820632137497413,lower_better,,,yes,no,no,figure,Supports mechanism visualization or diagnostic analysis.,high
E:\Deskbook\Tea\HPE\outputs\eval\ablation_uniform_fusion_all_combinations.csv,csv,reliability,VK-RCD-Ablation,lidar+mmwave,,protocol3,mse,0.00509315546452365,lower_better,,,yes,no,no,figure,Supports mechanism visualization or diagnostic analysis.,high
E:\Deskbook\Tea\HPE\outputs\eval\ablation_uniform_fusion_all_combinations.csv,csv,reliability,VK-RCD-Ablation,lidar+mmwave,,protocol3,mpjpe,0.10071181390986864,lower_better,,,yes,no,no,figure,Supports mechanism visualization or diagnostic analysis.,high
E:\Deskbook\Tea\HPE\outputs\eval\ablation_uniform_fusion_all_combinations.csv,csv,reliability,VK-RCD-Ablation,lidar+mmwave,,protocol3,pa_mpjpe,0.06129023921624092,lower_better,,,yes,no,no,figure,Supports mechanism visualization or diagnostic analysis.,high
E:\Deskbook\Tea\HPE\outputs\eval\ablation_uniform_fusion_all_combinations.csv,csv,reliability,VK-RCD-Ablation,lidar+wifi-csi,,protocol3,mse,0.011417828225833227,lower_better,,,yes,no,no,figure,Supports mechanism visualization or diagnostic analysis.,high
E:\Deskbook\Tea\HPE\outputs\eval\ablation_uniform_fusion_all_combinations.csv,csv,reliability,VK-RCD-Ablation,lidar+wifi-csi,,protocol3,mpjpe,0.14728027614594724,lower_better,,,yes,no,no,figure,Supports mechanism visualization or diagnostic analysis.,high
E:\Deskbook\Tea\HPE\outputs\eval\ablation_uniform_fusion_all_combinations.csv,csv,reliability,VK-RCD-Ablation,lidar+wifi-csi,,protocol3,pa_mpjpe,0.10073148987289172,lower_better,,,yes,no,no,figure,Supports mechanism visualization or diagnostic analysis.,high
E:\Deskbook\Tea\HPE\outputs\eval\ablation_uniform_fusion_all_combinations.csv,csv,reliability,VK-RCD-Ablation,mmwave+wifi-csi,,protocol3,mse,0.006431218290892907,lower_better,,,yes,no,no,figure,Supports mechanism visualization or diagnostic analysis.,high
E:\Deskbook\Tea\HPE\outputs\eval\ablation_uniform_fusion_all_combinations.csv,csv,reliability,VK-RCD-Ablation,mmwave+wifi-csi,,protocol3,mpjpe,0.11330176615993018,lower_better,,,yes,no,no,figure,Supports mechanism visualization or diagnostic analysis.,high
E:\Deskbook\Tea\HPE\outputs\eval\ablation_uniform_fusion_all_combinations.csv,csv,reliability,VK-RCD-Ablation,mmwave+wifi-csi,,protocol3,pa_mpjpe,0.062094676214841694,lower_better,,,yes,no,no,figure,Supports mechanism visualization or diagnostic analysis.,high
E:\Deskbook\Tea\HPE\outputs\eval\ablation_uniform_fusion_all_combinations.csv,csv,reliability,VK-RCD-Ablation,vk+depth+lidar,,protocol3,mse,0.0016009388643037086,lower_better,,,yes,no,no,figure,Supports mechanism visualization or diagnostic analysis.,high
E:\Deskbook\Tea\HPE\outputs\eval\ablation_uniform_fusion_all_combinations.csv,csv,reliability,VK-RCD-Ablation,vk+depth+lidar,,protocol3,mpjpe,0.0533085535089357,lower_better,,,yes,no,no,figure,Supports mechanism visualization or diagnostic analysis.,high
E:\Deskbook\Tea\HPE\outputs\eval\ablation_uniform_fusion_all_combinations.csv,csv,reliability,VK-RCD-Ablation,vk+depth+lidar,,protocol3,pa_mpjpe,0.03768776652803231,lower_better,,,yes,no,no,figure,Supports mechanism visualization or diagnostic analysis.,high
E:\Deskbook\Tea\HPE\outputs\eval\ablation_uniform_fusion_all_combinations.csv,csv,reliability,VK-RCD-Ablation,vk+depth+mmwave,,protocol3,mse,0.001546919511162131,lower_better,,,yes,no,no,figure,Supports mechanism visualization or diagnostic analysis.,high
E:\Deskbook\Tea\HPE\outputs\eval\ablation_uniform_fusion_all_combinations.csv,csv,reliability,VK-RCD-Ablation,vk+depth+mmwave,,protocol3,mpjpe,0.052430379337664035,lower_better,,,yes,no,no,figure,Supports mechanism visualization or diagnostic analysis.,high
E:\Deskbook\Tea\HPE\outputs\eval\ablation_uniform_fusion_all_combinations.csv,csv,reliability,VK-RCD-Ablation,vk+depth+mmwave,,protocol3,pa_mpjpe,0.03732543151525794,lower_better,,,yes,no,no,figure,Supports mechanism visualization or diagnostic analysis.,high
E:\Deskbook\Tea\HPE\outputs\eval\ablation_uniform_fusion_all_combinations.csv,csv,reliability,VK-RCD-Ablation,vk+depth+wifi-csi,,protocol3,mse,0.001607796440784903,lower_better,,,yes,no,no,figure,Supports mechanism visualization or diagnostic analysis.,high
E:\Deskbook\Tea\HPE\outputs\eval\ablation_uniform_fusion_all_combinations.csv,csv,reliability,VK-RCD-Ablation,vk+depth+wifi-csi,,protocol3,mpjpe,0.053459792530199196,lower_better,,,yes,no,no,figure,Supports mechanism visualization or diagnostic analysis.,high
E:\Deskbook\Tea\HPE\outputs\eval\ablation_uniform_fusion_all_combinations.csv,csv,reliability,VK-RCD-Ablation,vk+depth+wifi-csi,,protocol3,pa_mpjpe,0.037589361958151074,lower_better,,,yes,no,no,figure,Supports mechanism visualization or diagnostic analysis.,high
E:\Deskbook\Tea\HPE\outputs\eval\ablation_uniform_fusion_all_combinations.csv,csv,reliability,VK-RCD-Ablation,vk+lidar+mmwave,,protocol3,mse,0.002908196422403365,lower_better,,,yes,no,no,figure,Supports mechanism visualization or diagnostic analysis.,high
E:\Deskbook\Tea\HPE\outputs\eval\ablation_uniform_fusion_all_combinations.csv,csv,reliability,VK-RCD-Ablation,vk+lidar+mmwave,,protocol3,mpjpe,0.07710164957643224,lower_better,,,yes,no,no,figure,Supports mechanism visualization or diagnostic analysis.,high
E:\Deskbook\Tea\HPE\outputs\eval\ablation_uniform_fusion_all_combinations.csv,csv,reliability,VK-RCD-Ablation,vk+lidar+mmwave,,protocol3,pa_mpjpe,0.04422644510114212,lower_better,,,yes,no,no,figure,Supports mechanism visualization or diagnostic analysis.,high
E:\Deskbook\Tea\HPE\outputs\eval\ablation_uniform_fusion_all_combinations.csv,csv,reliability,VK-RCD-Ablation,vk+lidar+wifi-csi,,protocol3,mse,0.003925515783984715,lower_better,,,yes,no,no,figure,Supports mechanism visualization or diagnostic analysis.,high
E:\Deskbook\Tea\HPE\outputs\eval\ablation_uniform_fusion_all_combinations.csv,csv,reliability,VK-RCD-Ablation,vk+lidar+wifi-csi,,protocol3,mpjpe,0.09148881208996609,lower_better,,,yes,no,no,figure,Supports mechanism visualization or diagnostic analysis.,high
E:\Deskbook\Tea\HPE\outputs\eval\ablation_uniform_fusion_all_combinations.csv,csv,reliability,VK-RCD-Ablation,vk+lidar+wifi-csi,,protocol3,pa_mpjpe,0.04745952767831334,lower_better,,,yes,no,no,figure,Supports mechanism visualization or diagnostic analysis.,high
E:\Deskbook\Tea\HPE\outputs\eval\ablation_uniform_fusion_all_combinations.csv,csv,reliability,VK-RCD-Ablation,vk+mmwave+wifi-csi,,protocol3,mse,0.0033521065958241917,lower_better,,,yes,no,no,figure,Supports mechanism visualization or diagnostic analysis.,high
E:\Deskbook\Tea\HPE\outputs\eval\ablation_uniform_fusion_all_combinations.csv,csv,reliability,VK-RCD-Ablation,vk+mmwave+wifi-csi,,protocol3,mpjpe,0.08437794418792978,lower_better,,,yes,no,no,figure,Supports mechanism visualization or diagnostic analysis.,high
E:\Deskbook\Tea\HPE\outputs\eval\ablation_uniform_fusion_all_combinations.csv,csv,reliability,VK-RCD-Ablation,vk+mmwave+wifi-csi,,protocol3,pa_mpjpe,0.04396711614756026,lower_better,,,yes,no,no,figure,Supports mechanism visualization or diagnostic analysis.,high
E:\Deskbook\Tea\HPE\outputs\eval\ablation_uniform_fusion_all_combinations.csv,csv,reliability,VK-RCD-Ablation,depth+lidar+mmwave,,protocol3,mse,0.0016210971645689634,lower_better,,,yes,no,no,figure,Supports mechanism visualization or diagnostic analysis.,high
E:\Deskbook\Tea\HPE\outputs\eval\ablation_uniform_fusion_all_combinations.csv,csv,reliability,VK-RCD-Ablation,depth+lidar+mmwave,,protocol3,mpjpe,0.0539319736771318,lower_better,,,yes,no,no,figure,Supports mechanism visualization or diagnostic analysis.,high
E:\Deskbook\Tea\HPE\outputs\eval\ablation_uniform_fusion_all_combinations.csv,csv,reliability,VK-RCD-Ablation,depth+lidar+mmwave,,protocol3,pa_mpjpe,0.0378901894499643,lower_better,,,yes,no,no,figure,Supports mechanism visualization or diagnostic analysis.,high
E:\Deskbook\Tea\HPE\outputs\eval\ablation_uniform_fusion_all_combinations.csv,csv,reliability,VK-RCD-Ablation,depth+lidar+wifi-csi,,protocol3,mse,0.001682925424210749,lower_better,,,yes,no,no,figure,Supports mechanism visualization or diagnostic analysis.,high
E:\Deskbook\Tea\HPE\outputs\eval\ablation_uniform_fusion_all_combinations.csv,csv,reliability,VK-RCD-Ablation,depth+lidar+wifi-csi,,protocol3,mpjpe,0.05470486615405503,lower_better,,,yes,no,no,figure,Supports mechanism visualization or diagnostic analysis.,high
E:\Deskbook\Tea\HPE\outputs\eval\ablation_uniform_fusion_all_combinations.csv,csv,reliability,VK-RCD-Ablation,depth+lidar+wifi-csi,,protocol3,pa_mpjpe,0.03822227437764256,lower_better,,,yes,no,no,figure,Supports mechanism visualization or diagnostic analysis.,high
E:\Deskbook\Tea\HPE\outputs\eval\ablation_uniform_fusion_all_combinations.csv,csv,reliability,VK-RCD-Ablation,depth+mmwave+wifi-csi,,protocol3,mse,0.0016206502418077563,lower_better,,,yes,no,no,figure,Supports mechanism visualization or diagnostic analysis.,high
E:\Deskbook\Tea\HPE\outputs\eval\ablation_uniform_fusion_all_combinations.csv,csv,reliability,VK-RCD-Ablation,depth+mmwave+wifi-csi,,protocol3,mpjpe,0.05393036865167137,lower_better,,,yes,no,no,figure,Supports mechanism visualization or diagnostic analysis.,high
E:\Deskbook\Tea\HPE\outputs\eval\ablation_uniform_fusion_all_combinations.csv,csv,reliability,VK-RCD-Ablation,depth+mmwave+wifi-csi,,protocol3,pa_mpjpe,0.03780972442272404,lower_better,,,yes,no,no,figure,Supports mechanism visualization or diagnostic analysis.,high
E:\Deskbook\Tea\HPE\outputs\eval\ablation_uniform_fusion_all_combinations.csv,csv,reliability,VK-RCD-Ablation,lidar+mmwave+wifi-csi,,protocol3,mse,0.00511184607250127,lower_better,,,yes,no,no,figure,Supports mechanism visualization or diagnostic analysis.,high
E:\Deskbook\Tea\HPE\outputs\eval\ablation_uniform_fusion_all_combinations.csv,csv,reliability,VK-RCD-Ablation,lidar+mmwave+wifi-csi,,protocol3,mpjpe,0.10078246595853879,lower_better,,,yes,no,no,figure,Supports mechanism visualization or diagnostic analysis.,high
E:\Deskbook\Tea\HPE\outputs\eval\ablation_uniform_fusion_all_combinations.csv,csv,reliability,VK-RCD-Ablation,lidar+mmwave+wifi-csi,,protocol3,pa_mpjpe,0.06136503495897684,lower_better,,,yes,no,no,figure,Supports mechanism visualization or diagnostic analysis.,high
E:\Deskbook\Tea\HPE\outputs\eval\ablation_uniform_fusion_all_combinations.csv,csv,reliability,VK-RCD-Ablation,vk+depth+lidar+mmwave,,protocol3,mse,0.0015460486504687585,lower_better,,,yes,no,no,figure,Supports mechanism visualization or diagnostic analysis.,high
E:\Deskbook\Tea\HPE\outputs\eval\ablation_uniform_fusion_all_combinations.csv,csv,reliability,VK-RCD-Ablation,vk+depth+lidar+mmwave,,protocol3,mpjpe,0.05236810414009758,lower_better,,,yes,no,no,figure,Supports mechanism visualization or diagnostic analysis.,high
E:\Deskbook\Tea\HPE\outputs\eval\ablation_uniform_fusion_all_combinations.csv,csv,reliability,VK-RCD-Ablation,vk+depth+lidar+mmwave,,protocol3,pa_mpjpe,0.03728331615494556,lower_better,,,yes,no,no,figure,Supports mechanism visualization or diagnostic analysis.,high
E:\Deskbook\Tea\HPE\outputs\eval\ablation_uniform_fusion_all_combinations.csv,csv,reliability,VK-RCD-Ablation,vk+depth+lidar+wifi-csi,,protocol3,mse,0.001596492750664164,lower_better,,,yes,no,no,figure,Supports mechanism visualization or diagnostic analysis.,high
E:\Deskbook\Tea\HPE\outputs\eval\ablation_uniform_fusion_all_combinations.csv,csv,reliability,VK-RCD-Ablation,vk+depth+lidar+wifi-csi,,protocol3,mpjpe,0.0531755081026137,lower_better,,,yes,no,no,figure,Supports mechanism visualization or diagnostic analysis.,high
E:\Deskbook\Tea\HPE\outputs\eval\ablation_uniform_fusion_all_combinations.csv,csv,reliability,VK-RCD-Ablation,vk+depth+lidar+wifi-csi,,protocol3,pa_mpjpe,0.03760410114874082,lower_better,,,yes,no,no,figure,Supports mechanism visualization or diagnostic analysis.,high
E:\Deskbook\Tea\HPE\outputs\eval\ablation_uniform_fusion_all_combinations.csv,csv,reliability,VK-RCD-Ablation,vk+depth+mmwave+wifi-csi,,protocol3,mse,0.0015438402169428195,lower_better,,,yes,no,no,figure,Supports mechanism visualization or diagnostic analysis.,high
E:\Deskbook\Tea\HPE\outputs\eval\ablation_uniform_fusion_all_combinations.csv,csv,reliability,VK-RCD-Ablation,vk+depth+mmwave+wifi-csi,,protocol3,mpjpe,0.05233398069930591,lower_better,,,yes,no,no,figure,Supports mechanism visualization or diagnostic analysis.,high
E:\Deskbook\Tea\HPE\outputs\eval\ablation_uniform_fusion_all_combinations.csv,csv,reliability,VK-RCD-Ablation,vk+depth+mmwave+wifi-csi,,protocol3,pa_mpjpe,0.03722084196643698,lower_better,,,yes,no,no,figure,Supports mechanism visualization or diagnostic analysis.,high
E:\Deskbook\Tea\HPE\outputs\eval\ablation_uniform_fusion_all_combinations.csv,csv,reliability,VK-RCD-Ablation,vk+lidar+mmwave+wifi-csi,,protocol3,mse,0.0029846803140994344,lower_better,,,yes,no,no,figure,Supports mechanism visualization or diagnostic analysis.,high
E:\Deskbook\Tea\HPE\outputs\eval\ablation_uniform_fusion_all_combinations.csv,csv,reliability,VK-RCD-Ablation,vk+lidar+mmwave+wifi-csi,,protocol3,mpjpe,0.07857271095858367,lower_better,,,yes,no,no,figure,Supports mechanism visualization or diagnostic analysis.,high
E:\Deskbook\Tea\HPE\outputs\eval\ablation_uniform_fusion_all_combinations.csv,csv,reliability,VK-RCD-Ablation,vk+lidar+mmwave+wifi-csi,,protocol3,pa_mpjpe,0.04412734290479257,lower_better,,,yes,no,no,figure,Supports mechanism visualization or diagnostic analysis.,high
E:\Deskbook\Tea\HPE\outputs\eval\ablation_uniform_fusion_all_combinations.csv,csv,reliability,VK-RCD-Ablation,depth+lidar+mmwave+wifi-csi,,protocol3,mse,0.0016142544418422747,lower_better,,,yes,no,no,figure,Supports mechanism visualization or diagnostic analysis.,high
E:\Deskbook\Tea\HPE\outputs\eval\ablation_uniform_fusion_all_combinations.csv,csv,reliability,VK-RCD-Ablation,depth+lidar+mmwave+wifi-csi,,protocol3,mpjpe,0.05373976113162503,lower_better,,,yes,no,no,figure,Supports mechanism visualization or diagnostic analysis.,high
E:\Deskbook\Tea\HPE\outputs\eval\ablation_uniform_fusion_all_combinations.csv,csv,reliability,VK-RCD-Ablation,depth+lidar+mmwave+wifi-csi,,protocol3,pa_mpjpe,0.03778300685848443,lower_better,,,yes,no,no,figure,Supports mechanism visualization or diagnostic analysis.,high
E:\Deskbook\Tea\HPE\outputs\eval\ablation_uniform_fusion_all_combinations.csv,csv,reliability,VK-RCD-Ablation,vk+depth+lidar+mmwave+wifi-csi,,protocol3,mse,0.0015431982973960804,lower_better,,,yes,no,no,figure,Supports mechanism visualization or diagnostic analysis.,high
E:\Deskbook\Tea\HPE\outputs\eval\ablation_uniform_fusion_all_combinations.csv,csv,reliability,VK-RCD-Ablation,vk+depth+lidar+mmwave+wifi-csi,,protocol3,mpjpe,0.0522802564742775,lower_better,,,yes,no,no,figure,Supports mechanism visualization or diagnostic analysis.,high
E:\Deskbook\Tea\HPE\outputs\eval\ablation_uniform_fusion_all_combinations.csv,csv,reliability,VK-RCD-Ablation,vk+depth+lidar+mmwave+wifi-csi,,protocol3,pa_mpjpe,0.03722095994701697,lower_better,,,yes,no,no,figure,Supports mechanism visualization or diagnostic analysis.,high
E:\Deskbook\Tea\HPE\outputs\eval\all_combinations.csv,csv,HPE,VK-RCD-Student-VK,vk,,protocol3,mse,0.0042037156161309,lower_better,,,yes,no,no,main_table,"Directly supports VK replacement, FSG, missing-modality robustness, or baseline comparison.",high
E:\Deskbook\Tea\HPE\outputs\eval\all_combinations.csv,csv,HPE,VK-RCD-Student-VK,vk,,protocol3,mpjpe,0.09265792634547657,lower_better,,,yes,no,no,main_table,"Directly supports VK replacement, FSG, missing-modality robustness, or baseline comparison.",high
E:\Deskbook\Tea\HPE\outputs\eval\all_combinations.csv,csv,HPE,VK-RCD-Student-VK,vk,,protocol3,pa_mpjpe,0.04260477659574138,lower_better,,,yes,no,no,main_table,"Directly supports VK replacement, FSG, missing-modality robustness, or baseline comparison.",high
E:\Deskbook\Tea\HPE\outputs\eval\all_combinations.csv,csv,HPE,VK-RCD-Student-VK,depth,,protocol3,mse,0.001654148517346479,lower_better,,,yes,no,no,main_table,"Directly supports VK replacement, FSG, missing-modality robustness, or baseline comparison.",high
E:\Deskbook\Tea\HPE\outputs\eval\all_combinations.csv,csv,HPE,VK-RCD-Student-VK,depth,,protocol3,mpjpe,0.05387680247762373,lower_better,,,yes,no,no,main_table,"Directly supports VK replacement, FSG, missing-modality robustness, or baseline comparison.",high
E:\Deskbook\Tea\HPE\outputs\eval\all_combinations.csv,csv,HPE,VK-RCD-Student-VK,depth,,protocol3,pa_mpjpe,0.035605148251710926,lower_better,,,yes,no,no,main_table,"Directly supports VK replacement, FSG, missing-modality robustness, or baseline comparison.",high
E:\Deskbook\Tea\HPE\outputs\eval\all_combinations.csv,csv,HPE,VK-RCD-Student-VK,lidar,,protocol3,mse,0.010220125781492742,lower_better,,,yes,no,no,main_table,"Directly supports VK replacement, FSG, missing-modality robustness, or baseline comparison.",high
E:\Deskbook\Tea\HPE\outputs\eval\all_combinations.csv,csv,HPE,VK-RCD-Student-VK,lidar,,protocol3,mpjpe,0.1398970924920833,lower_better,,,yes,no,no,main_table,"Directly supports VK replacement, FSG, missing-modality robustness, or baseline comparison.",high
E:\Deskbook\Tea\HPE\outputs\eval\all_combinations.csv,csv,HPE,VK-RCD-Student-VK,lidar,,protocol3,pa_mpjpe,0.09344389871959768,lower_better,,,yes,no,no,main_table,"Directly supports VK replacement, FSG, missing-modality robustness, or baseline comparison.",high
E:\Deskbook\Tea\HPE\outputs\eval\all_combinations.csv,csv,HPE,VK-RCD-Student-VK,mmwave,,protocol3,mse,0.006489229240137789,lower_better,,,yes,no,no,main_table,"Directly supports VK replacement, FSG, missing-modality robustness, or baseline comparison.",high
E:\Deskbook\Tea\HPE\outputs\eval\all_combinations.csv,csv,HPE,VK-RCD-Student-VK,mmwave,,protocol3,mpjpe,0.11497672817358903,lower_better,,,yes,no,no,main_table,"Directly supports VK replacement, FSG, missing-modality robustness, or baseline comparison.",high
E:\Deskbook\Tea\HPE\outputs\eval\all_combinations.csv,csv,HPE,VK-RCD-Student-VK,mmwave,,protocol3,pa_mpjpe,0.05813436628015609,lower_better,,,yes,no,no,main_table,"Directly supports VK replacement, FSG, missing-modality robustness, or baseline comparison.",high
E:\Deskbook\Tea\HPE\outputs\eval\all_combinations.csv,csv,HPE,VK-RCD-Student-VK,wifi-csi,,protocol3,mse,0.024730338693298756,lower_better,,,yes,no,no,main_table,"Directly supports VK replacement, FSG, missing-modality robustness, or baseline comparison.",high
E:\Deskbook\Tea\HPE\outputs\eval\all_combinations.csv,csv,HPE,VK-RCD-Student-VK,wifi-csi,,protocol3,mpjpe,0.22214030740616075,lower_better,,,yes,no,no,main_table,"Directly supports VK replacement, FSG, missing-modality robustness, or baseline comparison.",high
E:\Deskbook\Tea\HPE\outputs\eval\all_combinations.csv,csv,HPE,VK-RCD-Student-VK,wifi-csi,,protocol3,pa_mpjpe,0.11018826500361152,lower_better,,,yes,no,no,main_table,"Directly supports VK replacement, FSG, missing-modality robustness, or baseline comparison.",high
E:\Deskbook\Tea\HPE\outputs\eval\all_combinations.csv,csv,HPE,VK-RCD-Student-VK,vk+depth,,protocol3,mse,0.001546571292512143,lower_better,,,yes,no,no,main_table,"Directly supports VK replacement, FSG, missing-modality robustness, or baseline comparison.",high
E:\Deskbook\Tea\HPE\outputs\eval\all_combinations.csv,csv,HPE,VK-RCD-Student-VK,vk+depth,,protocol3,mpjpe,0.051651995646260836,lower_better,,,yes,no,no,main_table,"Directly supports VK replacement, FSG, missing-modality robustness, or baseline comparison.",high
E:\Deskbook\Tea\HPE\outputs\eval\all_combinations.csv,csv,HPE,VK-RCD-Student-VK,vk+depth,,protocol3,pa_mpjpe,0.03429480645149197,lower_better,,,yes,no,no,main_table,"Directly supports VK replacement, FSG, missing-modality robustness, or baseline comparison.",high
E:\Deskbook\Tea\HPE\outputs\eval\all_combinations.csv,csv,HPE,VK-RCD-Student-VK,vk+lidar,,protocol3,mse,0.0028482151454842907,lower_better,,,yes,no,no,main_table,"Directly supports VK replacement, FSG, missing-modality robustness, or baseline comparison.",high
E:\Deskbook\Tea\HPE\outputs\eval\all_combinations.csv,csv,HPE,VK-RCD-Student-VK,vk+lidar,,protocol3,mpjpe,0.07318111963608212,lower_better,,,yes,no,no,main_table,"Directly supports VK replacement, FSG, missing-modality robustness, or baseline comparison.",high
E:\Deskbook\Tea\HPE\outputs\eval\all_combinations.csv,csv,HPE,VK-RCD-Student-VK,vk+lidar,,protocol3,pa_mpjpe,0.04191842987619327,lower_better,,,yes,no,no,main_table,"Directly supports VK replacement, FSG, missing-modality robustness, or baseline comparison.",high
E:\Deskbook\Tea\HPE\outputs\eval\all_combinations.csv,csv,HPE,VK-RCD-Student-VK,vk+mmwave,,protocol3,mse,0.0024974980529448593,lower_better,,,yes,no,no,main_table,"Directly supports VK replacement, FSG, missing-modality robustness, or baseline comparison.",high
E:\Deskbook\Tea\HPE\outputs\eval\all_combinations.csv,csv,HPE,VK-RCD-Student-VK,vk+mmwave,,protocol3,mpjpe,0.06893080177162113,lower_better,,,yes,no,no,main_table,"Directly supports VK replacement, FSG, missing-modality robustness, or baseline comparison.",high
E:\Deskbook\Tea\HPE\outputs\eval\all_combinations.csv,csv,HPE,VK-RCD-Student-VK,vk+mmwave,,protocol3,pa_mpjpe,0.038897730871313006,lower_better,,,yes,no,no,main_table,"Directly supports VK replacement, FSG, missing-modality robustness, or baseline comparison.",high
E:\Deskbook\Tea\HPE\outputs\eval\all_combinations.csv,csv,HPE,VK-RCD-Student-VK,vk+wifi-csi,,protocol3,mse,0.0038386925688665093,lower_better,,,yes,no,no,main_table,"Directly supports VK replacement, FSG, missing-modality robustness, or baseline comparison.",high
E:\Deskbook\Tea\HPE\outputs\eval\all_combinations.csv,csv,HPE,VK-RCD-Student-VK,vk+wifi-csi,,protocol3,mpjpe,0.08810980767030224,lower_better,,,yes,no,no,main_table,"Directly supports VK replacement, FSG, missing-modality robustness, or baseline comparison.",high
E:\Deskbook\Tea\HPE\outputs\eval\all_combinations.csv,csv,HPE,VK-RCD-Student-VK,vk+wifi-csi,,protocol3,pa_mpjpe,0.042303543912036314,lower_better,,,yes,no,no,main_table,"Directly supports VK replacement, FSG, missing-modality robustness, or baseline comparison.",high
E:\Deskbook\Tea\HPE\outputs\eval\all_combinations.csv,csv,HPE,VK-RCD-Student-VK,depth+lidar,,protocol3,mse,0.0016190626832294729,lower_better,,,yes,no,no,main_table,"Directly supports VK replacement, FSG, missing-modality robustness, or baseline comparison.",high
E:\Deskbook\Tea\HPE\outputs\eval\all_combinations.csv,csv,HPE,VK-RCD-Student-VK,depth+lidar,,protocol3,mpjpe,0.0530046748819903,lower_better,,,yes,no,no,main_table,"Directly supports VK replacement, FSG, missing-modality robustness, or baseline comparison.",high
E:\Deskbook\Tea\HPE\outputs\eval\all_combinations.csv,csv,HPE,VK-RCD-Student-VK,depth+lidar,,protocol3,pa_mpjpe,0.03534948408490345,lower_better,,,yes,no,no,main_table,"Directly supports VK replacement, FSG, missing-modality robustness, or baseline comparison.",high
E:\Deskbook\Tea\HPE\outputs\eval\all_combinations.csv,csv,HPE,VK-RCD-Student-VK,depth+mmwave,,protocol3,mse,0.0015442892750156647,lower_better,,,yes,no,no,main_table,"Directly supports VK replacement, FSG, missing-modality robustness, or baseline comparison.",high
E:\Deskbook\Tea\HPE\outputs\eval\all_combinations.csv,csv,HPE,VK-RCD-Student-VK,depth+mmwave,,protocol3,mpjpe,0.05231520150928541,lower_better,,,yes,no,no,main_table,"Directly supports VK replacement, FSG, missing-modality robustness, or baseline comparison.",high
E:\Deskbook\Tea\HPE\outputs\eval\all_combinations.csv,csv,HPE,VK-RCD-Student-VK,depth+mmwave,,protocol3,pa_mpjpe,0.03463931751309638,lower_better,,,yes,no,no,main_table,"Directly supports VK replacement, FSG, missing-modality robustness, or baseline comparison.",high
E:\Deskbook\Tea\HPE\outputs\eval\all_combinations.csv,csv,HPE,VK-RCD-Student-VK,depth+wifi-csi,,protocol3,mse,0.0016447879172968019,lower_better,,,yes,no,no,main_table,"Directly supports VK replacement, FSG, missing-modality robustness, or baseline comparison.",high
E:\Deskbook\Tea\HPE\outputs\eval\all_combinations.csv,csv,HPE,VK-RCD-Student-VK,depth+wifi-csi,,protocol3,mpjpe,0.05354213043870824,lower_better,,,yes,no,no,main_table,"Directly supports VK replacement, FSG, missing-modality robustness, or baseline comparison.",high
E:\Deskbook\Tea\HPE\outputs\eval\all_combinations.csv,csv,HPE,VK-RCD-Student-VK,depth+wifi-csi,,protocol3,pa_mpjpe,0.035520971858263306,lower_better,,,yes,no,no,main_table,"Directly supports VK replacement, FSG, missing-modality robustness, or baseline comparison.",high
E:\Deskbook\Tea\HPE\outputs\eval\all_combinations.csv,csv,HPE,VK-RCD-Student-VK,lidar+mmwave,,protocol3,mse,0.004705163704117913,lower_better,,,yes,no,no,main_table,"Directly supports VK replacement, FSG, missing-modality robustness, or baseline comparison.",high
E:\Deskbook\Tea\HPE\outputs\eval\all_combinations.csv,csv,HPE,VK-RCD-Student-VK,lidar+mmwave,,protocol3,mpjpe,0.09753591786456355,lower_better,,,yes,no,no,main_table,"Directly supports VK replacement, FSG, missing-modality robustness, or baseline comparison.",high
E:\Deskbook\Tea\HPE\outputs\eval\all_combinations.csv,csv,HPE,VK-RCD-Student-VK,lidar+mmwave,,protocol3,pa_mpjpe,0.05509086982976318,lower_better,,,yes,no,no,main_table,"Directly supports VK replacement, FSG, missing-modality robustness, or baseline comparison.",high
E:\Deskbook\Tea\HPE\outputs\eval\all_combinations.csv,csv,HPE,VK-RCD-Student-VK,lidar+wifi-csi,,protocol3,mse,0.009752940246353372,lower_better,,,yes,no,no,main_table,"Directly supports VK replacement, FSG, missing-modality robustness, or baseline comparison.",high
E:\Deskbook\Tea\HPE\outputs\eval\all_combinations.csv,csv,HPE,VK-RCD-Student-VK,lidar+wifi-csi,,protocol3,mpjpe,0.13410605199115652,lower_better,,,yes,no,no,main_table,"Directly supports VK replacement, FSG, missing-modality robustness, or baseline comparison.",high
E:\Deskbook\Tea\HPE\outputs\eval\all_combinations.csv,csv,HPE,VK-RCD-Student-VK,lidar+wifi-csi,,protocol3,pa_mpjpe,0.09321993576399255,lower_better,,,yes,no,no,main_table,"Directly supports VK replacement, FSG, missing-modality robustness, or baseline comparison.",high
E:\Deskbook\Tea\HPE\outputs\eval\all_combinations.csv,csv,HPE,VK-RCD-Student-VK,mmwave+wifi-csi,,protocol3,mse,0.005898957081251278,lower_better,,,yes,no,no,main_table,"Directly supports VK replacement, FSG, missing-modality robustness, or baseline comparison.",high
E:\Deskbook\Tea\HPE\outputs\eval\all_combinations.csv,csv,HPE,VK-RCD-Student-VK,mmwave+wifi-csi,,protocol3,mpjpe,0.10854143169079655,lower_better,,,yes,no,no,main_table,"Directly supports VK replacement, FSG, missing-modality robustness, or baseline comparison.",high
E:\Deskbook\Tea\HPE\outputs\eval\all_combinations.csv,csv,HPE,VK-RCD-Student-VK,mmwave+wifi-csi,,protocol3,pa_mpjpe,0.05726726742792757,lower_better,,,yes,no,no,main_table,"Directly supports VK replacement, FSG, missing-modality robustness, or baseline comparison.",high
E:\Deskbook\Tea\HPE\outputs\eval\all_combinations.csv,csv,HPE,VK-RCD-Student-VK,vk+depth+lidar,,protocol3,mse,0.0015225508563146868,lower_better,,,yes,no,no,main_table,"Directly supports VK replacement, FSG, missing-modality robustness, or baseline comparison.",high
E:\Deskbook\Tea\HPE\outputs\eval\all_combinations.csv,csv,HPE,VK-RCD-Student-VK,vk+depth+lidar,,protocol3,mpjpe,0.05109794648190674,lower_better,,,yes,no,no,main_table,"Directly supports VK replacement, FSG, missing-modality robustness, or baseline comparison.",high
E:\Deskbook\Tea\HPE\outputs\eval\all_combinations.csv,csv,HPE,VK-RCD-Student-VK,vk+depth+lidar,,protocol3,pa_mpjpe,0.03415538965066482,lower_better,,,yes,no,no,main_table,"Directly supports VK replacement, FSG, missing-modality robustness, or baseline comparison.",high
E:\Deskbook\Tea\HPE\outputs\eval\all_combinations.csv,csv,HPE,VK-RCD-Student-VK,vk+depth+mmwave,,protocol3,mse,0.0014688366100711562,lower_better,,,yes,no,no,main_table,"Directly supports VK replacement, FSG, missing-modality robustness, or baseline comparison.",high
E:\Deskbook\Tea\HPE\outputs\eval\all_combinations.csv,csv,HPE,VK-RCD-Student-VK,vk+depth+mmwave,,protocol3,mpjpe,0.05049858892909984,lower_better,,,yes,no,no,main_table,"Directly supports VK replacement, FSG, missing-modality robustness, or baseline comparison.",high
E:\Deskbook\Tea\HPE\outputs\eval\all_combinations.csv,csv,HPE,VK-RCD-Student-VK,vk+depth+mmwave,,protocol3,pa_mpjpe,0.03352493338257131,lower_better,,,yes,no,no,main_table,"Directly supports VK replacement, FSG, missing-modality robustness, or baseline comparison.",high
E:\Deskbook\Tea\HPE\outputs\eval\all_combinations.csv,csv,HPE,VK-RCD-Student-VK,vk+depth+wifi-csi,,protocol3,mse,0.0015463852831157576,lower_better,,,yes,no,no,main_table,"Directly supports VK replacement, FSG, missing-modality robustness, or baseline comparison.",high
E:\Deskbook\Tea\HPE\outputs\eval\all_combinations.csv,csv,HPE,VK-RCD-Student-VK,vk+depth+wifi-csi,,protocol3,mpjpe,0.05162977955446589,lower_better,,,yes,no,no,main_table,"Directly supports VK replacement, FSG, missing-modality robustness, or baseline comparison.",high
E:\Deskbook\Tea\HPE\outputs\eval\all_combinations.csv,csv,HPE,VK-RCD-Student-VK,vk+depth+wifi-csi,,protocol3,pa_mpjpe,0.03429365993499682,lower_better,,,yes,no,no,main_table,"Directly supports VK replacement, FSG, missing-modality robustness, or baseline comparison.",high
E:\Deskbook\Tea\HPE\outputs\eval\all_combinations.csv,csv,HPE,VK-RCD-Student-VK,vk+lidar+mmwave,,protocol3,mse,0.0023559501566022332,lower_better,,,yes,no,no,main_table,"Directly supports VK replacement, FSG, missing-modality robustness, or baseline comparison.",high
E:\Deskbook\Tea\HPE\outputs\eval\all_combinations.csv,csv,HPE,VK-RCD-Student-VK,vk+lidar+mmwave,,protocol3,mpjpe,0.06607964823180666,lower_better,,,yes,no,no,main_table,"Directly supports VK replacement, FSG, missing-modality robustness, or baseline comparison.",high
E:\Deskbook\Tea\HPE\outputs\eval\all_combinations.csv,csv,HPE,VK-RCD-Student-VK,vk+lidar+mmwave,,protocol3,pa_mpjpe,0.0387711629465053,lower_better,,,yes,no,no,main_table,"Directly supports VK replacement, FSG, missing-modality robustness, or baseline comparison.",high
E:\Deskbook\Tea\HPE\outputs\eval\all_combinations.csv,csv,HPE,VK-RCD-Student-VK,vk+lidar+wifi-csi,,protocol3,mse,0.0026843490027639054,lower_better,,,yes,no,no,main_table,"Directly supports VK replacement, FSG, missing-modality robustness, or baseline comparison.",high
E:\Deskbook\Tea\HPE\outputs\eval\all_combinations.csv,csv,HPE,VK-RCD-Student-VK,vk+lidar+wifi-csi,,protocol3,mpjpe,0.0706830500389427,lower_better,,,yes,no,no,main_table,"Directly supports VK replacement, FSG, missing-modality robustness, or baseline comparison.",high
E:\Deskbook\Tea\HPE\outputs\eval\all_combinations.csv,csv,HPE,VK-RCD-Student-VK,vk+lidar+wifi-csi,,protocol3,pa_mpjpe,0.04175575303361931,lower_better,,,yes,no,no,main_table,"Directly supports VK replacement, FSG, missing-modality robustness, or baseline comparison.",high
E:\Deskbook\Tea\HPE\outputs\eval\all_combinations.csv,csv,HPE,VK-RCD-Student-VK,vk+mmwave+wifi-csi,,protocol3,mse,0.0023671148870710442,lower_better,,,yes,no,no,main_table,"Directly supports VK replacement, FSG, missing-modality robustness, or baseline comparison.",high
E:\Deskbook\Tea\HPE\outputs\eval\all_combinations.csv,csv,HPE,VK-RCD-Student-VK,vk+mmwave+wifi-csi,,protocol3,mpjpe,0.06669317765972281,lower_better,,,yes,no,no,main_table,"Directly supports VK replacement, FSG, missing-modality robustness, or baseline comparison.",high
E:\Deskbook\Tea\HPE\outputs\eval\all_combinations.csv,csv,HPE,VK-RCD-Student-VK,vk+mmwave+wifi-csi,,protocol3,pa_mpjpe,0.03879595749931614,lower_better,,,yes,no,no,main_table,"Directly supports VK replacement, FSG, missing-modality robustness, or baseline comparison.",high
E:\Deskbook\Tea\HPE\outputs\eval\all_combinations.csv,csv,HPE,VK-RCD-Student-VK,depth+lidar+mmwave,,protocol3,mse,0.0015314006648062526,lower_better,,,yes,no,no,main_table,"Directly supports VK replacement, FSG, missing-modality robustness, or baseline comparison.",high
E:\Deskbook\Tea\HPE\outputs\eval\all_combinations.csv,csv,HPE,VK-RCD-Student-VK,depth+lidar+mmwave,,protocol3,mpjpe,0.0519204993302209,lower_better,,,yes,no,no,main_table,"Directly supports VK replacement, FSG, missing-modality robustness, or baseline comparison.",high
E:\Deskbook\Tea\HPE\outputs\eval\all_combinations.csv,csv,HPE,VK-RCD-Student-VK,depth+lidar+mmwave,,protocol3,pa_mpjpe,0.0345002685883827,lower_better,,,yes,no,no,main_table,"Directly supports VK replacement, FSG, missing-modality robustness, or baseline comparison.",high
E:\Deskbook\Tea\HPE\outputs\eval\all_combinations.csv,csv,HPE,VK-RCD-Student-VK,depth+lidar+wifi-csi,,protocol3,mse,0.0016159140091621521,lower_better,,,yes,no,no,main_table,"Directly supports VK replacement, FSG, missing-modality robustness, or baseline comparison.",high
E:\Deskbook\Tea\HPE\outputs\eval\all_combinations.csv,csv,HPE,VK-RCD-Student-VK,depth+lidar+wifi-csi,,protocol3,mpjpe,0.05285766051343766,lower_better,,,yes,no,no,main_table,"Directly supports VK replacement, FSG, missing-modality robustness, or baseline comparison.",high
E:\Deskbook\Tea\HPE\outputs\eval\all_combinations.csv,csv,HPE,VK-RCD-Student-VK,depth+lidar+wifi-csi,,protocol3,pa_mpjpe,0.03538166658390682,lower_better,,,yes,no,no,main_table,"Directly supports VK replacement, FSG, missing-modality robustness, or baseline comparison.",high
E:\Deskbook\Tea\HPE\outputs\eval\all_combinations.csv,csv,HPE,VK-RCD-Student-VK,depth+mmwave+wifi-csi,,protocol3,mse,0.001540207419495854,lower_better,,,yes,no,no,main_table,"Directly supports VK replacement, FSG, missing-modality robustness, or baseline comparison.",high
E:\Deskbook\Tea\HPE\outputs\eval\all_combinations.csv,csv,HPE,VK-RCD-Student-VK,depth+mmwave+wifi-csi,,protocol3,mpjpe,0.05213063024170255,lower_better,,,yes,no,no,main_table,"Directly supports VK replacement, FSG, missing-modality robustness, or baseline comparison.",high
E:\Deskbook\Tea\HPE\outputs\eval\all_combinations.csv,csv,HPE,VK-RCD-Student-VK,depth+mmwave+wifi-csi,,protocol3,pa_mpjpe,0.03461726423344994,lower_better,,,yes,no,no,main_table,"Directly supports VK replacement, FSG, missing-modality robustness, or baseline comparison.",high
E:\Deskbook\Tea\HPE\outputs\eval\all_combinations.csv,csv,HPE,VK-RCD-Student-VK,lidar+mmwave+wifi-csi,,protocol3,mse,0.0044742761365802195,lower_better,,,yes,no,no,main_table,"Directly supports VK replacement, FSG, missing-modality robustness, or baseline comparison.",high
E:\Deskbook\Tea\HPE\outputs\eval\all_combinations.csv,csv,HPE,VK-RCD-Student-VK,lidar+mmwave+wifi-csi,,protocol3,mpjpe,0.0941953887206678,lower_better,,,yes,no,no,main_table,"Directly supports VK replacement, FSG, missing-modality robustness, or baseline comparison.",high
E:\Deskbook\Tea\HPE\outputs\eval\all_combinations.csv,csv,HPE,VK-RCD-Student-VK,lidar+mmwave+wifi-csi,,protocol3,pa_mpjpe,0.0550983616496385,lower_better,,,yes,no,no,main_table,"Directly supports VK replacement, FSG, missing-modality robustness, or baseline comparison.",high
E:\Deskbook\Tea\HPE\outputs\eval\all_combinations.csv,csv,HPE,VK-RCD-Student-VK,vk+depth+lidar+mmwave,,protocol3,mse,0.0014603822090474463,lower_better,,,yes,no,no,main_table,"Directly supports VK replacement, FSG, missing-modality robustness, or baseline comparison.",high
E:\Deskbook\Tea\HPE\outputs\eval\all_combinations.csv,csv,HPE,VK-RCD-Student-VK,vk+depth+lidar+mmwave,,protocol3,mpjpe,0.05025037146026037,lower_better,,,yes,no,no,main_table,"Directly supports VK replacement, FSG, missing-modality robustness, or baseline comparison.",high
E:\Deskbook\Tea\HPE\outputs\eval\all_combinations.csv,csv,HPE,VK-RCD-Student-VK,vk+depth+lidar+mmwave,,protocol3,pa_mpjpe,0.03344603646684189,lower_better,,,yes,no,no,main_table,"Directly supports VK replacement, FSG, missing-modality robustness, or baseline comparison.",high
E:\Deskbook\Tea\HPE\outputs\eval\all_combinations.csv,csv,HPE,VK-RCD-Student-VK,vk+depth+lidar+wifi-csi,,protocol3,mse,0.0015219354080065028,lower_better,,,yes,no,no,main_table,"Directly supports VK replacement, FSG, missing-modality robustness, or baseline comparison.",high
E:\Deskbook\Tea\HPE\outputs\eval\all_combinations.csv,csv,HPE,VK-RCD-Student-VK,vk+depth+lidar+wifi-csi,,protocol3,mpjpe,0.05104814348611128,lower_better,,,yes,no,no,main_table,"Directly supports VK replacement, FSG, missing-modality robustness, or baseline comparison.",high
E:\Deskbook\Tea\HPE\outputs\eval\all_combinations.csv,csv,HPE,VK-RCD-Student-VK,vk+depth+lidar+wifi-csi,,protocol3,pa_mpjpe,0.034184416585889964,lower_better,,,yes,no,no,main_table,"Directly supports VK replacement, FSG, missing-modality robustness, or baseline comparison.",high
E:\Deskbook\Tea\HPE\outputs\eval\all_combinations.csv,csv,HPE,VK-RCD-Student-VK,vk+depth+mmwave+wifi-csi,,protocol3,mse,0.0014668070756460835,lower_better,,,yes,no,no,main_table,"Directly supports VK replacement, FSG, missing-modality robustness, or baseline comparison.",high
E:\Deskbook\Tea\HPE\outputs\eval\all_combinations.csv,csv,HPE,VK-RCD-Student-VK,vk+depth+mmwave+wifi-csi,,protocol3,mpjpe,0.050412674096865555,lower_better,,,yes,no,no,main_table,"Directly supports VK replacement, FSG, missing-modality robustness, or baseline comparison.",high
E:\Deskbook\Tea\HPE\outputs\eval\all_combinations.csv,csv,HPE,VK-RCD-Student-VK,vk+depth+mmwave+wifi-csi,,protocol3,pa_mpjpe,0.03353525841963194,lower_better,,,yes,no,no,main_table,"Directly supports VK replacement, FSG, missing-modality robustness, or baseline comparison.",high
E:\Deskbook\Tea\HPE\outputs\eval\all_combinations.csv,csv,HPE,VK-RCD-Student-VK,vk+lidar+mmwave+wifi-csi,,protocol3,mse,0.0022460565718385845,lower_better,,,yes,no,no,main_table,"Directly supports VK replacement, FSG, missing-modality robustness, or baseline comparison.",high
E:\Deskbook\Tea\HPE\outputs\eval\all_combinations.csv,csv,HPE,VK-RCD-Student-VK,vk+lidar+mmwave+wifi-csi,,protocol3,mpjpe,0.06422233066952114,lower_better,,,yes,no,no,main_table,"Directly supports VK replacement, FSG, missing-modality robustness, or baseline comparison.",high
E:\Deskbook\Tea\HPE\outputs\eval\all_combinations.csv,csv,HPE,VK-RCD-Student-VK,vk+lidar+mmwave+wifi-csi,,protocol3,pa_mpjpe,0.03875433618208367,lower_better,,,yes,no,no,main_table,"Directly supports VK replacement, FSG, missing-modality robustness, or baseline comparison.",high
E:\Deskbook\Tea\HPE\outputs\eval\all_combinations.csv,csv,HPE,VK-RCD-Student-VK,depth+lidar+mmwave+wifi-csi,,protocol3,mse,0.0015287822380280504,lower_better,,,yes,no,no,main_table,"Directly supports VK replacement, FSG, missing-modality robustness, or baseline comparison.",high
E:\Deskbook\Tea\HPE\outputs\eval\all_combinations.csv,csv,HPE,VK-RCD-Student-VK,depth+lidar+mmwave+wifi-csi,,protocol3,mpjpe,0.05177771135740059,lower_better,,,yes,no,no,main_table,"Directly supports VK replacement, FSG, missing-modality robustness, or baseline comparison.",high
E:\Deskbook\Tea\HPE\outputs\eval\all_combinations.csv,csv,HPE,VK-RCD-Student-VK,depth+lidar+mmwave+wifi-csi,,protocol3,pa_mpjpe,0.03454047155627883,lower_better,,,yes,no,no,main_table,"Directly supports VK replacement, FSG, missing-modality robustness, or baseline comparison.",high
E:\Deskbook\Tea\HPE\outputs\eval\all_combinations.csv,csv,HPE,VK-RCD-Student-VK,vk+depth+lidar+mmwave+wifi-csi,,protocol3,mse,0.0014587771983657586,lower_better,,,yes,no,no,main_table,"Directly supports VK replacement, FSG, missing-modality robustness, or baseline comparison.",high
E:\Deskbook\Tea\HPE\outputs\eval\all_combinations.csv,csv,HPE,VK-RCD-Student-VK,vk+depth+lidar+mmwave+wifi-csi,,protocol3,mpjpe,0.050172004314941544,lower_better,,,yes,no,no,main_table,"Directly supports VK replacement, FSG, missing-modality robustness, or baseline comparison.",high
E:\Deskbook\Tea\HPE\outputs\eval\all_combinations.csv,csv,HPE,VK-RCD-Student-VK,vk+depth+lidar+mmwave+wifi-csi,,protocol3,pa_mpjpe,0.033481612795410634,lower_better,,,yes,no,no,main_table,"Directly supports VK replacement, FSG, missing-modality robustness, or baseline comparison.",high
E:\Deskbook\Tea\HPE\outputs\eval\baseline_cross_scene_all_combinations.csv,csv,cross_scene,VK-XFi-Baseline-Full,vk,,protocol3,mse,0.044593064367589044,lower_better,,,yes,no,no,discussion,Parsed but not central to the main story.,high
E:\Deskbook\Tea\HPE\outputs\eval\baseline_cross_scene_all_combinations.csv,csv,cross_scene,VK-XFi-Baseline-Full,vk,,protocol3,mpjpe,0.33614358160468705,lower_better,,,yes,no,no,discussion,Parsed but not central to the main story.,high
E:\Deskbook\Tea\HPE\outputs\eval\baseline_cross_scene_all_combinations.csv,csv,cross_scene,VK-XFi-Baseline-Full,vk,,protocol3,pa_mpjpe,0.11052553535514086,lower_better,,,yes,no,no,discussion,Parsed but not central to the main story.,high
E:\Deskbook\Tea\HPE\outputs\eval\baseline_cross_scene_all_combinations.csv,csv,cross_scene,VK-XFi-Baseline-Full,depth,,protocol3,mse,0.026048262829007702,lower_better,,,yes,no,no,discussion,Parsed but not central to the main story.,high
E:\Deskbook\Tea\HPE\outputs\eval\baseline_cross_scene_all_combinations.csv,csv,cross_scene,VK-XFi-Baseline-Full,depth,,protocol3,mpjpe,0.2710665323116161,lower_better,,,yes,no,no,discussion,Parsed but not central to the main story.,high
E:\Deskbook\Tea\HPE\outputs\eval\baseline_cross_scene_all_combinations.csv,csv,cross_scene,VK-XFi-Baseline-Full,depth,,protocol3,pa_mpjpe,0.06531405941780226,lower_better,,,yes,no,no,discussion,Parsed but not central to the main story.,high
E:\Deskbook\Tea\HPE\outputs\eval\baseline_cross_scene_all_combinations.csv,csv,cross_scene,VK-XFi-Baseline-Full,lidar,,protocol3,mse,0.1048289104640179,lower_better,,,yes,no,no,discussion,Parsed but not central to the main story.,high
E:\Deskbook\Tea\HPE\outputs\eval\baseline_cross_scene_all_combinations.csv,csv,cross_scene,VK-XFi-Baseline-Full,lidar,,protocol3,mpjpe,0.5305514689945108,lower_better,,,yes,no,no,discussion,Parsed but not central to the main story.,high
E:\Deskbook\Tea\HPE\outputs\eval\baseline_cross_scene_all_combinations.csv,csv,cross_scene,VK-XFi-Baseline-Full,lidar,,protocol3,pa_mpjpe,0.1255355334482087,lower_better,,,yes,no,no,discussion,Parsed but not central to the main story.,high
E:\Deskbook\Tea\HPE\outputs\eval\baseline_cross_scene_all_combinations.csv,csv,cross_scene,VK-XFi-Baseline-Full,mmwave,,protocol3,mse,0.08440713388714087,lower_better,,,yes,no,no,discussion,Parsed but not central to the main story.,high
E:\Deskbook\Tea\HPE\outputs\eval\baseline_cross_scene_all_combinations.csv,csv,cross_scene,VK-XFi-Baseline-Full,mmwave,,protocol3,mpjpe,0.47160443784679495,lower_better,,,yes,no,no,discussion,Parsed but not central to the main story.,high
E:\Deskbook\Tea\HPE\outputs\eval\baseline_cross_scene_all_combinations.csv,csv,cross_scene,VK-XFi-Baseline-Full,mmwave,,protocol3,pa_mpjpe,0.12371180865481733,lower_better,,,yes,no,no,discussion,Parsed but not central to the main story.,high
E:\Deskbook\Tea\HPE\outputs\eval\baseline_cross_scene_all_combinations.csv,csv,cross_scene,VK-XFi-Baseline-Full,wifi-csi,,protocol3,mse,0.28651340920694124,lower_better,,,yes,no,no,discussion,Parsed but not central to the main story.,high
E:\Deskbook\Tea\HPE\outputs\eval\baseline_cross_scene_all_combinations.csv,csv,cross_scene,VK-XFi-Baseline-Full,wifi-csi,,protocol3,mpjpe,0.8973970452602523,lower_better,,,yes,no,no,discussion,Parsed but not central to the main story.,high
E:\Deskbook\Tea\HPE\outputs\eval\baseline_cross_scene_all_combinations.csv,csv,cross_scene,VK-XFi-Baseline-Full,wifi-csi,,protocol3,pa_mpjpe,0.2668113750745769,lower_better,,,yes,no,no,discussion,Parsed but not central to the main story.,high
E:\Deskbook\Tea\HPE\outputs\eval\baseline_cross_scene_all_combinations.csv,csv,cross_scene,VK-XFi-Baseline-Full,vk+depth,,protocol3,mse,0.004300746059040318,lower_better,,,yes,no,no,discussion,Parsed but not central to the main story.,high
E:\Deskbook\Tea\HPE\outputs\eval\baseline_cross_scene_all_combinations.csv,csv,cross_scene,VK-XFi-Baseline-Full,vk+depth,,protocol3,mpjpe,0.10179290865362248,lower_better,,,yes,no,no,discussion,Parsed but not central to the main story.,high
E:\Deskbook\Tea\HPE\outputs\eval\baseline_cross_scene_all_combinations.csv,csv,cross_scene,VK-XFi-Baseline-Full,vk+depth,,protocol3,pa_mpjpe,0.04449551827816965,lower_better,,,yes,no,no,discussion,Parsed but not central to the main story.,high
E:\Deskbook\Tea\HPE\outputs\eval\baseline_cross_scene_all_combinations.csv,csv,cross_scene,VK-XFi-Baseline-Full,vk+lidar,,protocol3,mse,0.05419000168245605,lower_better,,,yes,no,no,discussion,Parsed but not central to the main story.,high
E:\Deskbook\Tea\HPE\outputs\eval\baseline_cross_scene_all_combinations.csv,csv,cross_scene,VK-XFi-Baseline-Full,vk+lidar,,protocol3,mpjpe,0.37360502763837483,lower_better,,,yes,no,no,discussion,Parsed but not central to the main story.,high
E:\Deskbook\Tea\HPE\outputs\eval\baseline_cross_scene_all_combinations.csv,csv,cross_scene,VK-XFi-Baseline-Full,vk+lidar,,protocol3,pa_mpjpe,0.1072170639819544,lower_better,,,yes,no,no,discussion,Parsed but not central to the main story.,high
E:\Deskbook\Tea\HPE\outputs\eval\baseline_cross_scene_all_combinations.csv,csv,cross_scene,VK-XFi-Baseline-Full,vk+mmwave,,protocol3,mse,0.041362021954606816,lower_better,,,yes,no,no,discussion,Parsed but not central to the main story.,high
E:\Deskbook\Tea\HPE\outputs\eval\baseline_cross_scene_all_combinations.csv,csv,cross_scene,VK-XFi-Baseline-Full,vk+mmwave,,protocol3,mpjpe,0.32229620144616666,lower_better,,,yes,no,no,discussion,Parsed but not central to the main story.,high
E:\Deskbook\Tea\HPE\outputs\eval\baseline_cross_scene_all_combinations.csv,csv,cross_scene,VK-XFi-Baseline-Full,vk+mmwave,,protocol3,pa_mpjpe,0.09977965710648468,lower_better,,,yes,no,no,discussion,Parsed but not central to the main story.,high
E:\Deskbook\Tea\HPE\outputs\eval\baseline_cross_scene_all_combinations.csv,csv,cross_scene,VK-XFi-Baseline-Full,vk+wifi-csi,,protocol3,mse,0.04217671647627004,lower_better,,,yes,no,no,discussion,Parsed but not central to the main story.,high
E:\Deskbook\Tea\HPE\outputs\eval\baseline_cross_scene_all_combinations.csv,csv,cross_scene,VK-XFi-Baseline-Full,vk+wifi-csi,,protocol3,mpjpe,0.32476171042009666,lower_better,,,yes,no,no,discussion,Parsed but not central to the main story.,high
E:\Deskbook\Tea\HPE\outputs\eval\baseline_cross_scene_all_combinations.csv,csv,cross_scene,VK-XFi-Baseline-Full,vk+wifi-csi,,protocol3,pa_mpjpe,0.10458219298468407,lower_better,,,yes,no,no,discussion,Parsed but not central to the main story.,high
E:\Deskbook\Tea\HPE\outputs\eval\baseline_cross_scene_all_combinations.csv,csv,cross_scene,VK-XFi-Baseline-Full,depth+lidar,,protocol3,mse,0.006600393351292406,lower_better,,,yes,no,no,discussion,Parsed but not central to the main story.,high
E:\Deskbook\Tea\HPE\outputs\eval\baseline_cross_scene_all_combinations.csv,csv,cross_scene,VK-XFi-Baseline-Full,depth+lidar,,protocol3,mpjpe,0.1289467097384211,lower_better,,,yes,no,no,discussion,Parsed but not central to the main story.,high
E:\Deskbook\Tea\HPE\outputs\eval\baseline_cross_scene_all_combinations.csv,csv,cross_scene,VK-XFi-Baseline-Full,depth+lidar,,protocol3,pa_mpjpe,0.050890311798367956,lower_better,,,yes,no,no,discussion,Parsed but not central to the main story.,high
E:\Deskbook\Tea\HPE\outputs\eval\baseline_cross_scene_all_combinations.csv,csv,cross_scene,VK-XFi-Baseline-Full,depth+mmwave,,protocol3,mse,0.01352666754525028,lower_better,,,yes,no,no,discussion,Parsed but not central to the main story.,high
E:\Deskbook\Tea\HPE\outputs\eval\baseline_cross_scene_all_combinations.csv,csv,cross_scene,VK-XFi-Baseline-Full,depth+mmwave,,protocol3,mpjpe,0.189213743500392,lower_better,,,yes,no,no,discussion,Parsed but not central to the main story.,high
E:\Deskbook\Tea\HPE\outputs\eval\baseline_cross_scene_all_combinations.csv,csv,cross_scene,VK-XFi-Baseline-Full,depth+mmwave,,protocol3,pa_mpjpe,0.0617385051258545,lower_better,,,yes,no,no,discussion,Parsed but not central to the main story.,high
E:\Deskbook\Tea\HPE\outputs\eval\baseline_cross_scene_all_combinations.csv,csv,cross_scene,VK-XFi-Baseline-Full,depth+wifi-csi,,protocol3,mse,0.29874172381464864,lower_better,,,yes,no,no,discussion,Parsed but not central to the main story.,high
E:\Deskbook\Tea\HPE\outputs\eval\baseline_cross_scene_all_combinations.csv,csv,cross_scene,VK-XFi-Baseline-Full,depth+wifi-csi,,protocol3,mpjpe,0.8994191416065983,lower_better,,,yes,no,no,discussion,Parsed but not central to the main story.,high
E:\Deskbook\Tea\HPE\outputs\eval\baseline_cross_scene_all_combinations.csv,csv,cross_scene,VK-XFi-Baseline-Full,depth+wifi-csi,,protocol3,pa_mpjpe,0.22859547091602792,lower_better,,,yes,no,no,discussion,Parsed but not central to the main story.,high
E:\Deskbook\Tea\HPE\outputs\eval\baseline_cross_scene_all_combinations.csv,csv,cross_scene,VK-XFi-Baseline-Full,lidar+mmwave,,protocol3,mse,0.0833399358629987,lower_better,,,yes,no,no,discussion,Parsed but not central to the main story.,high
E:\Deskbook\Tea\HPE\outputs\eval\baseline_cross_scene_all_combinations.csv,csv,cross_scene,VK-XFi-Baseline-Full,lidar+mmwave,,protocol3,mpjpe,0.47075533559456445,lower_better,,,yes,no,no,discussion,Parsed but not central to the main story.,high
E:\Deskbook\Tea\HPE\outputs\eval\baseline_cross_scene_all_combinations.csv,csv,cross_scene,VK-XFi-Baseline-Full,lidar+mmwave,,protocol3,pa_mpjpe,0.1161624385848594,lower_better,,,yes,no,no,discussion,Parsed but not central to the main story.,high
E:\Deskbook\Tea\HPE\outputs\eval\baseline_cross_scene_all_combinations.csv,csv,cross_scene,VK-XFi-Baseline-Full,lidar+wifi-csi,,protocol3,mse,0.07493977520843889,lower_better,,,yes,no,no,discussion,Parsed but not central to the main story.,high
E:\Deskbook\Tea\HPE\outputs\eval\baseline_cross_scene_all_combinations.csv,csv,cross_scene,VK-XFi-Baseline-Full,lidar+wifi-csi,,protocol3,mpjpe,0.44178727835710396,lower_better,,,yes,no,no,discussion,Parsed but not central to the main story.,high
E:\Deskbook\Tea\HPE\outputs\eval\baseline_cross_scene_all_combinations.csv,csv,cross_scene,VK-XFi-Baseline-Full,lidar+wifi-csi,,protocol3,pa_mpjpe,0.13903793106557355,lower_better,,,yes,no,no,discussion,Parsed but not central to the main story.,high
E:\Deskbook\Tea\HPE\outputs\eval\baseline_cross_scene_all_combinations.csv,csv,cross_scene,VK-XFi-Baseline-Full,mmwave+wifi-csi,,protocol3,mse,0.19198892586716454,lower_better,,,yes,no,no,discussion,Parsed but not central to the main story.,high
E:\Deskbook\Tea\HPE\outputs\eval\baseline_cross_scene_all_combinations.csv,csv,cross_scene,VK-XFi-Baseline-Full,mmwave+wifi-csi,,protocol3,mpjpe,0.7206681071426048,lower_better,,,yes,no,no,discussion,Parsed but not central to the main story.,high
E:\Deskbook\Tea\HPE\outputs\eval\baseline_cross_scene_all_combinations.csv,csv,cross_scene,VK-XFi-Baseline-Full,mmwave+wifi-csi,,protocol3,pa_mpjpe,0.24334545130504479,lower_better,,,yes,no,no,discussion,Parsed but not central to the main story.,high
E:\Deskbook\Tea\HPE\outputs\eval\baseline_cross_scene_all_combinations.csv,csv,cross_scene,VK-XFi-Baseline-Full,vk+depth+lidar,,protocol3,mse,0.004161248437366699,lower_better,,,yes,no,no,discussion,Parsed but not central to the main story.,high
E:\Deskbook\Tea\HPE\outputs\eval\baseline_cross_scene_all_combinations.csv,csv,cross_scene,VK-XFi-Baseline-Full,vk+depth+lidar,,protocol3,mpjpe,0.09961105319519771,lower_better,,,yes,no,no,discussion,Parsed but not central to the main story.,high
E:\Deskbook\Tea\HPE\outputs\eval\baseline_cross_scene_all_combinations.csv,csv,cross_scene,VK-XFi-Baseline-Full,vk+depth+lidar,,protocol3,pa_mpjpe,0.041017148783456206,lower_better,,,yes,no,no,discussion,Parsed but not central to the main story.,high
E:\Deskbook\Tea\HPE\outputs\eval\baseline_cross_scene_all_combinations.csv,csv,cross_scene,VK-XFi-Baseline-Full,vk+depth+mmwave,,protocol3,mse,0.003771985664442024,lower_better,,,yes,no,no,discussion,Parsed but not central to the main story.,high
E:\Deskbook\Tea\HPE\outputs\eval\baseline_cross_scene_all_combinations.csv,csv,cross_scene,VK-XFi-Baseline-Full,vk+depth+mmwave,,protocol3,mpjpe,0.09562622135395213,lower_better,,,yes,no,no,discussion,Parsed but not central to the main story.,high
E:\Deskbook\Tea\HPE\outputs\eval\baseline_cross_scene_all_combinations.csv,csv,cross_scene,VK-XFi-Baseline-Full,vk+depth+mmwave,,protocol3,pa_mpjpe,0.04052153993616192,lower_better,,,yes,no,no,discussion,Parsed but not central to the main story.,high
E:\Deskbook\Tea\HPE\outputs\eval\baseline_cross_scene_all_combinations.csv,csv,cross_scene,VK-XFi-Baseline-Full,vk+depth+wifi-csi,,protocol3,mse,0.004186029596239596,lower_better,,,yes,no,no,discussion,Parsed but not central to the main story.,high
E:\Deskbook\Tea\HPE\outputs\eval\baseline_cross_scene_all_combinations.csv,csv,cross_scene,VK-XFi-Baseline-Full,vk+depth+wifi-csi,,protocol3,mpjpe,0.10009071247649617,lower_better,,,yes,no,no,discussion,Parsed but not central to the main story.,high
E:\Deskbook\Tea\HPE\outputs\eval\baseline_cross_scene_all_combinations.csv,csv,cross_scene,VK-XFi-Baseline-Full,vk+depth+wifi-csi,,protocol3,pa_mpjpe,0.042205891658800405,lower_better,,,yes,no,no,discussion,Parsed but not central to the main story.,high
E:\Deskbook\Tea\HPE\outputs\eval\baseline_cross_scene_all_combinations.csv,csv,cross_scene,VK-XFi-Baseline-Full,vk+lidar+mmwave,,protocol3,mse,0.04890292134219117,lower_better,,,yes,no,no,discussion,Parsed but not central to the main story.,high
E:\Deskbook\Tea\HPE\outputs\eval\baseline_cross_scene_all_combinations.csv,csv,cross_scene,VK-XFi-Baseline-Full,vk+lidar+mmwave,,protocol3,mpjpe,0.3540718076011757,lower_better,,,yes,no,no,discussion,Parsed but not central to the main story.,high
E:\Deskbook\Tea\HPE\outputs\eval\baseline_cross_scene_all_combinations.csv,csv,cross_scene,VK-XFi-Baseline-Full,vk+lidar+mmwave,,protocol3,pa_mpjpe,0.10109336663308013,lower_better,,,yes,no,no,discussion,Parsed but not central to the main story.,high
E:\Deskbook\Tea\HPE\outputs\eval\baseline_cross_scene_all_combinations.csv,csv,cross_scene,VK-XFi-Baseline-Full,vk+lidar+wifi-csi,,protocol3,mse,0.050957523218702984,lower_better,,,yes,no,no,discussion,Parsed but not central to the main story.,high
E:\Deskbook\Tea\HPE\outputs\eval\baseline_cross_scene_all_combinations.csv,csv,cross_scene,VK-XFi-Baseline-Full,vk+lidar+wifi-csi,,protocol3,mpjpe,0.3605986578229033,lower_better,,,yes,no,no,discussion,Parsed but not central to the main story.,high
E:\Deskbook\Tea\HPE\outputs\eval\baseline_cross_scene_all_combinations.csv,csv,cross_scene,VK-XFi-Baseline-Full,vk+lidar+wifi-csi,,protocol3,pa_mpjpe,0.10422715639908788,lower_better,,,yes,no,no,discussion,Parsed but not central to the main story.,high
E:\Deskbook\Tea\HPE\outputs\eval\baseline_cross_scene_all_combinations.csv,csv,cross_scene,VK-XFi-Baseline-Full,vk+mmwave+wifi-csi,,protocol3,mse,0.04052410846967949,lower_better,,,yes,no,no,discussion,Parsed but not central to the main story.,high
E:\Deskbook\Tea\HPE\outputs\eval\baseline_cross_scene_all_combinations.csv,csv,cross_scene,VK-XFi-Baseline-Full,vk+mmwave+wifi-csi,,protocol3,mpjpe,0.3181276285056685,lower_better,,,yes,no,no,discussion,Parsed but not central to the main story.,high
E:\Deskbook\Tea\HPE\outputs\eval\baseline_cross_scene_all_combinations.csv,csv,cross_scene,VK-XFi-Baseline-Full,vk+mmwave+wifi-csi,,protocol3,pa_mpjpe,0.10073162326571006,lower_better,,,yes,no,no,discussion,Parsed but not central to the main story.,high
E:\Deskbook\Tea\HPE\outputs\eval\baseline_cross_scene_all_combinations.csv,csv,cross_scene,VK-XFi-Baseline-Full,depth+lidar+mmwave,,protocol3,mse,0.005477442372843952,lower_better,,,yes,no,no,discussion,Parsed but not central to the main story.,high
E:\Deskbook\Tea\HPE\outputs\eval\baseline_cross_scene_all_combinations.csv,csv,cross_scene,VK-XFi-Baseline-Full,depth+lidar+mmwave,,protocol3,mpjpe,0.11745813131083395,lower_better,,,yes,no,no,discussion,Parsed but not central to the main story.,high
E:\Deskbook\Tea\HPE\outputs\eval\baseline_cross_scene_all_combinations.csv,csv,cross_scene,VK-XFi-Baseline-Full,depth+lidar+mmwave,,protocol3,pa_mpjpe,0.048894949136407205,lower_better,,,yes,no,no,discussion,Parsed but not central to the main story.,high
E:\Deskbook\Tea\HPE\outputs\eval\baseline_cross_scene_all_combinations.csv,csv,cross_scene,VK-XFi-Baseline-Full,depth+lidar+wifi-csi,,protocol3,mse,0.006145856730035545,lower_better,,,yes,no,no,discussion,Parsed but not central to the main story.,high
E:\Deskbook\Tea\HPE\outputs\eval\baseline_cross_scene_all_combinations.csv,csv,cross_scene,VK-XFi-Baseline-Full,depth+lidar+wifi-csi,,protocol3,mpjpe,0.12402201016684515,lower_better,,,yes,no,no,discussion,Parsed but not central to the main story.,high
E:\Deskbook\Tea\HPE\outputs\eval\baseline_cross_scene_all_combinations.csv,csv,cross_scene,VK-XFi-Baseline-Full,depth+lidar+wifi-csi,,protocol3,pa_mpjpe,0.05322018570479166,lower_better,,,yes,no,no,discussion,Parsed but not central to the main story.,high
E:\Deskbook\Tea\HPE\outputs\eval\baseline_cross_scene_all_combinations.csv,csv,cross_scene,VK-XFi-Baseline-Full,depth+mmwave+wifi-csi,,protocol3,mse,0.02097936751896313,lower_better,,,yes,no,no,discussion,Parsed but not central to the main story.,high
E:\Deskbook\Tea\HPE\outputs\eval\baseline_cross_scene_all_combinations.csv,csv,cross_scene,VK-XFi-Baseline-Full,depth+mmwave+wifi-csi,,protocol3,mpjpe,0.23046503503961238,lower_better,,,yes,no,no,discussion,Parsed but not central to the main story.,high
E:\Deskbook\Tea\HPE\outputs\eval\baseline_cross_scene_all_combinations.csv,csv,cross_scene,VK-XFi-Baseline-Full,depth+mmwave+wifi-csi,,protocol3,pa_mpjpe,0.09003730813920706,lower_better,,,yes,no,no,discussion,Parsed but not central to the main story.,high
E:\Deskbook\Tea\HPE\outputs\eval\baseline_cross_scene_all_combinations.csv,csv,cross_scene,VK-XFi-Baseline-Full,lidar+mmwave+wifi-csi,,protocol3,mse,0.07069174144326458,lower_better,,,yes,no,no,discussion,Parsed but not central to the main story.,high
E:\Deskbook\Tea\HPE\outputs\eval\baseline_cross_scene_all_combinations.csv,csv,cross_scene,VK-XFi-Baseline-Full,lidar+mmwave+wifi-csi,,protocol3,mpjpe,0.4284711099745761,lower_better,,,yes,no,no,discussion,Parsed but not central to the main story.,high
E:\Deskbook\Tea\HPE\outputs\eval\baseline_cross_scene_all_combinations.csv,csv,cross_scene,VK-XFi-Baseline-Full,lidar+mmwave+wifi-csi,,protocol3,pa_mpjpe,0.1248737994957399,lower_better,,,yes,no,no,discussion,Parsed but not central to the main story.,high
E:\Deskbook\Tea\HPE\outputs\eval\baseline_cross_scene_all_combinations.csv,csv,cross_scene,VK-XFi-Baseline-Full,vk+depth+lidar+mmwave,,protocol3,mse,0.0033500774881406116,lower_better,,,yes,no,no,discussion,Parsed but not central to the main story.,high
E:\Deskbook\Tea\HPE\outputs\eval\baseline_cross_scene_all_combinations.csv,csv,cross_scene,VK-XFi-Baseline-Full,vk+depth+lidar+mmwave,,protocol3,mpjpe,0.08909184761324017,lower_better,,,yes,no,no,discussion,Parsed but not central to the main story.,high
E:\Deskbook\Tea\HPE\outputs\eval\baseline_cross_scene_all_combinations.csv,csv,cross_scene,VK-XFi-Baseline-Full,vk+depth+lidar+mmwave,,protocol3,pa_mpjpe,0.038896171788701105,lower_better,,,yes,no,no,discussion,Parsed but not central to the main story.,high
E:\Deskbook\Tea\HPE\outputs\eval\baseline_cross_scene_all_combinations.csv,csv,cross_scene,VK-XFi-Baseline-Full,vk+depth+lidar+wifi-csi,,protocol3,mse,0.0037020230239454884,lower_better,,,yes,no,no,discussion,Parsed but not central to the main story.,high
E:\Deskbook\Tea\HPE\outputs\eval\baseline_cross_scene_all_combinations.csv,csv,cross_scene,VK-XFi-Baseline-Full,vk+depth+lidar+wifi-csi,,protocol3,mpjpe,0.09298078065977562,lower_better,,,yes,no,no,discussion,Parsed but not central to the main story.,high
E:\Deskbook\Tea\HPE\outputs\eval\baseline_cross_scene_all_combinations.csv,csv,cross_scene,VK-XFi-Baseline-Full,vk+depth+lidar+wifi-csi,,protocol3,pa_mpjpe,0.039091143575785116,lower_better,,,yes,no,no,discussion,Parsed but not central to the main story.,high
E:\Deskbook\Tea\HPE\outputs\eval\baseline_cross_scene_all_combinations.csv,csv,cross_scene,VK-XFi-Baseline-Full,vk+depth+mmwave+wifi-csi,,protocol3,mse,0.0033067896136994754,lower_better,,,yes,no,no,discussion,Parsed but not central to the main story.,high
E:\Deskbook\Tea\HPE\outputs\eval\baseline_cross_scene_all_combinations.csv,csv,cross_scene,VK-XFi-Baseline-Full,vk+depth+mmwave+wifi-csi,,protocol3,mpjpe,0.08851005963731219,lower_better,,,yes,no,no,discussion,Parsed but not central to the main story.,high
E:\Deskbook\Tea\HPE\outputs\eval\baseline_cross_scene_all_combinations.csv,csv,cross_scene,VK-XFi-Baseline-Full,vk+depth+mmwave+wifi-csi,,protocol3,pa_mpjpe,0.0392096529991345,lower_better,,,yes,no,no,discussion,Parsed but not central to the main story.,high
E:\Deskbook\Tea\HPE\outputs\eval\baseline_cross_scene_all_combinations.csv,csv,cross_scene,VK-XFi-Baseline-Full,vk+lidar+mmwave+wifi-csi,,protocol3,mse,0.04748503417696482,lower_better,,,yes,no,no,discussion,Parsed but not central to the main story.,high
E:\Deskbook\Tea\HPE\outputs\eval\baseline_cross_scene_all_combinations.csv,csv,cross_scene,VK-XFi-Baseline-Full,vk+lidar+mmwave+wifi-csi,,protocol3,mpjpe,0.3478644714151509,lower_better,,,yes,no,no,discussion,Parsed but not central to the main story.,high
E:\Deskbook\Tea\HPE\outputs\eval\baseline_cross_scene_all_combinations.csv,csv,cross_scene,VK-XFi-Baseline-Full,vk+lidar+mmwave+wifi-csi,,protocol3,pa_mpjpe,0.10164137063072495,lower_better,,,yes,no,no,discussion,Parsed but not central to the main story.,high
E:\Deskbook\Tea\HPE\outputs\eval\baseline_cross_scene_all_combinations.csv,csv,cross_scene,VK-XFi-Baseline-Full,depth+lidar+mmwave+wifi-csi,,protocol3,mse,0.00544427430335247,lower_better,,,yes,no,no,discussion,Parsed but not central to the main story.,high
E:\Deskbook\Tea\HPE\outputs\eval\baseline_cross_scene_all_combinations.csv,csv,cross_scene,VK-XFi-Baseline-Full,depth+lidar+mmwave+wifi-csi,,protocol3,mpjpe,0.11713594948525202,lower_better,,,yes,no,no,discussion,Parsed but not central to the main story.,high
E:\Deskbook\Tea\HPE\outputs\eval\baseline_cross_scene_all_combinations.csv,csv,cross_scene,VK-XFi-Baseline-Full,depth+lidar+mmwave+wifi-csi,,protocol3,pa_mpjpe,0.05065205551995829,lower_better,,,yes,no,no,discussion,Parsed but not central to the main story.,high
E:\Deskbook\Tea\HPE\outputs\eval\baseline_cross_scene_all_combinations.csv,csv,cross_scene,VK-XFi-Baseline-Full,vk+depth+lidar+mmwave+wifi-csi,,protocol3,mse,0.003028712149436303,lower_better,,,yes,no,no,discussion,Parsed but not central to the main story.,high
E:\Deskbook\Tea\HPE\outputs\eval\baseline_cross_scene_all_combinations.csv,csv,cross_scene,VK-XFi-Baseline-Full,vk+depth+lidar+mmwave+wifi-csi,,protocol3,mpjpe,0.08400678117348973,lower_better,,,yes,no,no,discussion,Parsed but not central to the main story.,high
E:\Deskbook\Tea\HPE\outputs\eval\baseline_cross_scene_all_combinations.csv,csv,cross_scene,VK-XFi-Baseline-Full,vk+depth+lidar+mmwave+wifi-csi,,protocol3,pa_mpjpe,0.037683419560384734,lower_better,,,yes,no,no,discussion,Parsed but not central to the main story.,high
E:\Deskbook\Tea\HPE\outputs\eval\baseline_cross_subject_all_combinations.csv,csv,cross_subject,VK-XFi-Baseline-Full,vk,,protocol3,mse,0.025076003666571815,lower_better,,,yes,no,no,discussion,Parsed but not central to the main story.,high
E:\Deskbook\Tea\HPE\outputs\eval\baseline_cross_subject_all_combinations.csv,csv,cross_subject,VK-XFi-Baseline-Full,vk,,protocol3,mpjpe,0.24360309054926158,lower_better,,,yes,no,no,discussion,Parsed but not central to the main story.,high
E:\Deskbook\Tea\HPE\outputs\eval\baseline_cross_subject_all_combinations.csv,csv,cross_subject,VK-XFi-Baseline-Full,vk,,protocol3,pa_mpjpe,0.11543279661316833,lower_better,,,yes,no,no,discussion,Parsed but not central to the main story.,high
E:\Deskbook\Tea\HPE\outputs\eval\baseline_cross_subject_all_combinations.csv,csv,cross_subject,VK-XFi-Baseline-Full,depth,,protocol3,mse,0.013607161924630183,lower_better,,,yes,no,no,discussion,Parsed but not central to the main story.,high
E:\Deskbook\Tea\HPE\outputs\eval\baseline_cross_subject_all_combinations.csv,csv,cross_subject,VK-XFi-Baseline-Full,depth,,protocol3,mpjpe,0.18524991432238522,lower_better,,,yes,no,no,discussion,Parsed but not central to the main story.,high
E:\Deskbook\Tea\HPE\outputs\eval\baseline_cross_subject_all_combinations.csv,csv,cross_subject,VK-XFi-Baseline-Full,depth,,protocol3,pa_mpjpe,0.06205463838544775,lower_better,,,yes,no,no,discussion,Parsed but not central to the main story.,high
E:\Deskbook\Tea\HPE\outputs\eval\baseline_cross_subject_all_combinations.csv,csv,cross_subject,VK-XFi-Baseline-Full,lidar,,protocol3,mse,0.11858672990211303,lower_better,,,yes,no,no,discussion,Parsed but not central to the main story.,high
E:\Deskbook\Tea\HPE\outputs\eval\baseline_cross_subject_all_combinations.csv,csv,cross_subject,VK-XFi-Baseline-Full,lidar,,protocol3,mpjpe,0.5776112622521378,lower_better,,,yes,no,no,discussion,Parsed but not central to the main story.,high
E:\Deskbook\Tea\HPE\outputs\eval\baseline_cross_subject_all_combinations.csv,csv,cross_subject,VK-XFi-Baseline-Full,lidar,,protocol3,pa_mpjpe,0.11896141122351053,lower_better,,,yes,no,no,discussion,Parsed but not central to the main story.,high
E:\Deskbook\Tea\HPE\outputs\eval\baseline_cross_subject_all_combinations.csv,csv,cross_subject,VK-XFi-Baseline-Full,mmwave,,protocol3,mse,0.031015322022504704,lower_better,,,yes,no,no,discussion,Parsed but not central to the main story.,high
E:\Deskbook\Tea\HPE\outputs\eval\baseline_cross_subject_all_combinations.csv,csv,cross_subject,VK-XFi-Baseline-Full,mmwave,,protocol3,mpjpe,0.26876837516131286,lower_better,,,yes,no,no,discussion,Parsed but not central to the main story.,high
E:\Deskbook\Tea\HPE\outputs\eval\baseline_cross_subject_all_combinations.csv,csv,cross_subject,VK-XFi-Baseline-Full,mmwave,,protocol3,pa_mpjpe,0.10594364784304433,lower_better,,,yes,no,no,discussion,Parsed but not central to the main story.,high
E:\Deskbook\Tea\HPE\outputs\eval\baseline_cross_subject_all_combinations.csv,csv,cross_subject,VK-XFi-Baseline-Full,wifi-csi,,protocol3,mse,0.03574038934892164,lower_better,,,yes,no,no,discussion,Parsed but not central to the main story.,high
E:\Deskbook\Tea\HPE\outputs\eval\baseline_cross_subject_all_combinations.csv,csv,cross_subject,VK-XFi-Baseline-Full,wifi-csi,,protocol3,mpjpe,0.2853074675932952,lower_better,,,yes,no,no,discussion,Parsed but not central to the main story.,high
E:\Deskbook\Tea\HPE\outputs\eval\baseline_cross_subject_all_combinations.csv,csv,cross_subject,VK-XFi-Baseline-Full,wifi-csi,,protocol3,pa_mpjpe,0.11548760197496256,lower_better,,,yes,no,no,discussion,Parsed but not central to the main story.,high
E:\Deskbook\Tea\HPE\outputs\eval\baseline_cross_subject_all_combinations.csv,csv,cross_subject,VK-XFi-Baseline-Full,vk+depth,,protocol3,mse,0.00370448543815866,lower_better,,,yes,no,no,discussion,Parsed but not central to the main story.,high
E:\Deskbook\Tea\HPE\outputs\eval\baseline_cross_subject_all_combinations.csv,csv,cross_subject,VK-XFi-Baseline-Full,vk+depth,,protocol3,mpjpe,0.09281920553766324,lower_better,,,yes,no,no,discussion,Parsed but not central to the main story.,high
E:\Deskbook\Tea\HPE\outputs\eval\baseline_cross_subject_all_combinations.csv,csv,cross_subject,VK-XFi-Baseline-Full,vk+depth,,protocol3,pa_mpjpe,0.04702243138799472,lower_better,,,yes,no,no,discussion,Parsed but not central to the main story.,high
E:\Deskbook\Tea\HPE\outputs\eval\baseline_cross_subject_all_combinations.csv,csv,cross_subject,VK-XFi-Baseline-Full,vk+lidar,,protocol3,mse,0.04451079506516245,lower_better,,,yes,no,no,discussion,Parsed but not central to the main story.,high
E:\Deskbook\Tea\HPE\outputs\eval\baseline_cross_subject_all_combinations.csv,csv,cross_subject,VK-XFi-Baseline-Full,vk+lidar,,protocol3,mpjpe,0.33774783204270503,lower_better,,,yes,no,no,discussion,Parsed but not central to the main story.,high
E:\Deskbook\Tea\HPE\outputs\eval\baseline_cross_subject_all_combinations.csv,csv,cross_subject,VK-XFi-Baseline-Full,vk+lidar,,protocol3,pa_mpjpe,0.10500464757655881,lower_better,,,yes,no,no,discussion,Parsed but not central to the main story.,high
E:\Deskbook\Tea\HPE\outputs\eval\baseline_cross_subject_all_combinations.csv,csv,cross_subject,VK-XFi-Baseline-Full,vk+mmwave,,protocol3,mse,0.026565078167159546,lower_better,,,yes,no,no,discussion,Parsed but not central to the main story.,high
E:\Deskbook\Tea\HPE\outputs\eval\baseline_cross_subject_all_combinations.csv,csv,cross_subject,VK-XFi-Baseline-Full,vk+mmwave,,protocol3,mpjpe,0.2482384587333214,lower_better,,,yes,no,no,discussion,Parsed but not central to the main story.,high
E:\Deskbook\Tea\HPE\outputs\eval\baseline_cross_subject_all_combinations.csv,csv,cross_subject,VK-XFi-Baseline-Full,vk+mmwave,,protocol3,pa_mpjpe,0.10111599678243263,lower_better,,,yes,no,no,discussion,Parsed but not central to the main story.,high
E:\Deskbook\Tea\HPE\outputs\eval\baseline_cross_subject_all_combinations.csv,csv,cross_subject,VK-XFi-Baseline-Full,vk+wifi-csi,,protocol3,mse,0.025854692964352718,lower_better,,,yes,no,no,discussion,Parsed but not central to the main story.,high
E:\Deskbook\Tea\HPE\outputs\eval\baseline_cross_subject_all_combinations.csv,csv,cross_subject,VK-XFi-Baseline-Full,vk+wifi-csi,,protocol3,mpjpe,0.24406609019818098,lower_better,,,yes,no,no,discussion,Parsed but not central to the main story.,high
E:\Deskbook\Tea\HPE\outputs\eval\baseline_cross_subject_all_combinations.csv,csv,cross_subject,VK-XFi-Baseline-Full,vk+wifi-csi,,protocol3,pa_mpjpe,0.10158767944112686,lower_better,,,yes,no,no,discussion,Parsed but not central to the main story.,high
E:\Deskbook\Tea\HPE\outputs\eval\baseline_cross_subject_all_combinations.csv,csv,cross_subject,VK-XFi-Baseline-Full,depth+lidar,,protocol3,mse,0.003503470175195992,lower_better,,,yes,no,no,discussion,Parsed but not central to the main story.,high
E:\Deskbook\Tea\HPE\outputs\eval\baseline_cross_subject_all_combinations.csv,csv,cross_subject,VK-XFi-Baseline-Full,depth+lidar,,protocol3,mpjpe,0.09066536852097865,lower_better,,,yes,no,no,discussion,Parsed but not central to the main story.,high
E:\Deskbook\Tea\HPE\outputs\eval\baseline_cross_subject_all_combinations.csv,csv,cross_subject,VK-XFi-Baseline-Full,depth+lidar,,protocol3,pa_mpjpe,0.04782393071522013,lower_better,,,yes,no,no,discussion,Parsed but not central to the main story.,high
E:\Deskbook\Tea\HPE\outputs\eval\baseline_cross_subject_all_combinations.csv,csv,cross_subject,VK-XFi-Baseline-Full,depth+mmwave,,protocol3,mse,0.003183327958366168,lower_better,,,yes,no,no,discussion,Parsed but not central to the main story.,high
E:\Deskbook\Tea\HPE\outputs\eval\baseline_cross_subject_all_combinations.csv,csv,cross_subject,VK-XFi-Baseline-Full,depth+mmwave,,protocol3,mpjpe,0.08631290456744438,lower_better,,,yes,no,no,discussion,Parsed but not central to the main story.,high
E:\Deskbook\Tea\HPE\outputs\eval\baseline_cross_subject_all_combinations.csv,csv,cross_subject,VK-XFi-Baseline-Full,depth+mmwave,,protocol3,pa_mpjpe,0.04280128309699675,lower_better,,,yes,no,no,discussion,Parsed but not central to the main story.,high
E:\Deskbook\Tea\HPE\outputs\eval\baseline_cross_subject_all_combinations.csv,csv,cross_subject,VK-XFi-Baseline-Full,depth+wifi-csi,,protocol3,mse,0.003705584799448914,lower_better,,,yes,no,no,discussion,Parsed but not central to the main story.,high
E:\Deskbook\Tea\HPE\outputs\eval\baseline_cross_subject_all_combinations.csv,csv,cross_subject,VK-XFi-Baseline-Full,depth+wifi-csi,,protocol3,mpjpe,0.09193399229007612,lower_better,,,yes,no,no,discussion,Parsed but not central to the main story.,high
E:\Deskbook\Tea\HPE\outputs\eval\baseline_cross_subject_all_combinations.csv,csv,cross_subject,VK-XFi-Baseline-Full,depth+wifi-csi,,protocol3,pa_mpjpe,0.04564524550707662,lower_better,,,yes,no,no,discussion,Parsed but not central to the main story.,high
E:\Deskbook\Tea\HPE\outputs\eval\baseline_cross_subject_all_combinations.csv,csv,cross_subject,VK-XFi-Baseline-Full,lidar+mmwave,,protocol3,mse,0.047409722781846395,lower_better,,,yes,no,no,discussion,Parsed but not central to the main story.,high
E:\Deskbook\Tea\HPE\outputs\eval\baseline_cross_subject_all_combinations.csv,csv,cross_subject,VK-XFi-Baseline-Full,lidar+mmwave,,protocol3,mpjpe,0.35023388198737954,lower_better,,,yes,no,no,discussion,Parsed but not central to the main story.,high
E:\Deskbook\Tea\HPE\outputs\eval\baseline_cross_subject_all_combinations.csv,csv,cross_subject,VK-XFi-Baseline-Full,lidar+mmwave,,protocol3,pa_mpjpe,0.10506777269685655,lower_better,,,yes,no,no,discussion,Parsed but not central to the main story.,high
E:\Deskbook\Tea\HPE\outputs\eval\baseline_cross_subject_all_combinations.csv,csv,cross_subject,VK-XFi-Baseline-Full,lidar+wifi-csi,,protocol3,mse,0.07512559621647225,lower_better,,,yes,no,no,discussion,Parsed but not central to the main story.,high
E:\Deskbook\Tea\HPE\outputs\eval\baseline_cross_subject_all_combinations.csv,csv,cross_subject,VK-XFi-Baseline-Full,lidar+wifi-csi,,protocol3,mpjpe,0.44710313168557925,lower_better,,,yes,no,no,discussion,Parsed but not central to the main story.,high
E:\Deskbook\Tea\HPE\outputs\eval\baseline_cross_subject_all_combinations.csv,csv,cross_subject,VK-XFi-Baseline-Full,lidar+wifi-csi,,protocol3,pa_mpjpe,0.11755755618290725,lower_better,,,yes,no,no,discussion,Parsed but not central to the main story.,high
E:\Deskbook\Tea\HPE\outputs\eval\baseline_cross_subject_all_combinations.csv,csv,cross_subject,VK-XFi-Baseline-Full,mmwave+wifi-csi,,protocol3,mse,0.03227726675020439,lower_better,,,yes,no,no,discussion,Parsed but not central to the main story.,high
E:\Deskbook\Tea\HPE\outputs\eval\baseline_cross_subject_all_combinations.csv,csv,cross_subject,VK-XFi-Baseline-Full,mmwave+wifi-csi,,protocol3,mpjpe,0.2732957074329701,lower_better,,,yes,no,no,discussion,Parsed but not central to the main story.,high
E:\Deskbook\Tea\HPE\outputs\eval\baseline_cross_subject_all_combinations.csv,csv,cross_subject,VK-XFi-Baseline-Full,mmwave+wifi-csi,,protocol3,pa_mpjpe,0.10566035024082625,lower_better,,,yes,no,no,discussion,Parsed but not central to the main story.,high
E:\Deskbook\Tea\HPE\outputs\eval\baseline_cross_subject_all_combinations.csv,csv,cross_subject,VK-XFi-Baseline-Full,vk+depth+lidar,,protocol3,mse,0.001893379765213772,lower_better,,,yes,no,no,discussion,Parsed but not central to the main story.,high
E:\Deskbook\Tea\HPE\outputs\eval\baseline_cross_subject_all_combinations.csv,csv,cross_subject,VK-XFi-Baseline-Full,vk+depth+lidar,,protocol3,mpjpe,0.06410262958311666,lower_better,,,yes,no,no,discussion,Parsed but not central to the main story.,high
E:\Deskbook\Tea\HPE\outputs\eval\baseline_cross_subject_all_combinations.csv,csv,cross_subject,VK-XFi-Baseline-Full,vk+depth+lidar,,protocol3,pa_mpjpe,0.03902485122286544,lower_better,,,yes,no,no,discussion,Parsed but not central to the main story.,high
E:\Deskbook\Tea\HPE\outputs\eval\baseline_cross_subject_all_combinations.csv,csv,cross_subject,VK-XFi-Baseline-Full,vk+depth+mmwave,,protocol3,mse,0.002102470805630769,lower_better,,,yes,no,no,discussion,Parsed but not central to the main story.,high
E:\Deskbook\Tea\HPE\outputs\eval\baseline_cross_subject_all_combinations.csv,csv,cross_subject,VK-XFi-Baseline-Full,vk+depth+mmwave,,protocol3,mpjpe,0.0687928443479819,lower_better,,,yes,no,no,discussion,Parsed but not central to the main story.,high
E:\Deskbook\Tea\HPE\outputs\eval\baseline_cross_subject_all_combinations.csv,csv,cross_subject,VK-XFi-Baseline-Full,vk+depth+mmwave,,protocol3,pa_mpjpe,0.03781705806841638,lower_better,,,yes,no,no,discussion,Parsed but not central to the main story.,high
E:\Deskbook\Tea\HPE\outputs\eval\baseline_cross_subject_all_combinations.csv,csv,cross_subject,VK-XFi-Baseline-Full,vk+depth+wifi-csi,,protocol3,mse,0.002872124243114659,lower_better,,,yes,no,no,discussion,Parsed but not central to the main story.,high
E:\Deskbook\Tea\HPE\outputs\eval\baseline_cross_subject_all_combinations.csv,csv,cross_subject,VK-XFi-Baseline-Full,vk+depth+wifi-csi,,protocol3,mpjpe,0.07792735544513818,lower_better,,,yes,no,no,discussion,Parsed but not central to the main story.,high
E:\Deskbook\Tea\HPE\outputs\eval\baseline_cross_subject_all_combinations.csv,csv,cross_subject,VK-XFi-Baseline-Full,vk+depth+wifi-csi,,protocol3,pa_mpjpe,0.03999586461810057,lower_better,,,yes,no,no,discussion,Parsed but not central to the main story.,high
E:\Deskbook\Tea\HPE\outputs\eval\baseline_cross_subject_all_combinations.csv,csv,cross_subject,VK-XFi-Baseline-Full,vk+lidar+mmwave,,protocol3,mse,0.037846318098029706,lower_better,,,yes,no,no,discussion,Parsed but not central to the main story.,high
E:\Deskbook\Tea\HPE\outputs\eval\baseline_cross_subject_all_combinations.csv,csv,cross_subject,VK-XFi-Baseline-Full,vk+lidar+mmwave,,protocol3,mpjpe,0.3092398685433945,lower_better,,,yes,no,no,discussion,Parsed but not central to the main story.,high
E:\Deskbook\Tea\HPE\outputs\eval\baseline_cross_subject_all_combinations.csv,csv,cross_subject,VK-XFi-Baseline-Full,vk+lidar+mmwave,,protocol3,pa_mpjpe,0.10177324037741381,lower_better,,,yes,no,no,discussion,Parsed but not central to the main story.,high
E:\Deskbook\Tea\HPE\outputs\eval\baseline_cross_subject_all_combinations.csv,csv,cross_subject,VK-XFi-Baseline-Full,vk+lidar+wifi-csi,,protocol3,mse,0.03942272011613401,lower_better,,,yes,no,no,discussion,Parsed but not central to the main story.,high
E:\Deskbook\Tea\HPE\outputs\eval\baseline_cross_subject_all_combinations.csv,csv,cross_subject,VK-XFi-Baseline-Full,vk+lidar+wifi-csi,,protocol3,mpjpe,0.3156995742691769,lower_better,,,yes,no,no,discussion,Parsed but not central to the main story.,high
E:\Deskbook\Tea\HPE\outputs\eval\baseline_cross_subject_all_combinations.csv,csv,cross_subject,VK-XFi-Baseline-Full,vk+lidar+wifi-csi,,protocol3,pa_mpjpe,0.10154512113900284,lower_better,,,yes,no,no,discussion,Parsed but not central to the main story.,high
E:\Deskbook\Tea\HPE\outputs\eval\baseline_cross_subject_all_combinations.csv,csv,cross_subject,VK-XFi-Baseline-Full,vk+mmwave+wifi-csi,,protocol3,mse,0.024238943302401606,lower_better,,,yes,no,no,discussion,Parsed but not central to the main story.,high
E:\Deskbook\Tea\HPE\outputs\eval\baseline_cross_subject_all_combinations.csv,csv,cross_subject,VK-XFi-Baseline-Full,vk+mmwave+wifi-csi,,protocol3,mpjpe,0.23660966873072317,lower_better,,,yes,no,no,discussion,Parsed but not central to the main story.,high
E:\Deskbook\Tea\HPE\outputs\eval\baseline_cross_subject_all_combinations.csv,csv,cross_subject,VK-XFi-Baseline-Full,vk+mmwave+wifi-csi,,protocol3,pa_mpjpe,0.09842044210043388,lower_better,,,yes,no,no,discussion,Parsed but not central to the main story.,high
E:\Deskbook\Tea\HPE\outputs\eval\baseline_cross_subject_all_combinations.csv,csv,cross_subject,VK-XFi-Baseline-Full,depth+lidar+mmwave,,protocol3,mse,0.0021673642507830802,lower_better,,,yes,no,no,discussion,Parsed but not central to the main story.,high
E:\Deskbook\Tea\HPE\outputs\eval\baseline_cross_subject_all_combinations.csv,csv,cross_subject,VK-XFi-Baseline-Full,depth+lidar+mmwave,,protocol3,mpjpe,0.06927692075611305,lower_better,,,yes,no,no,discussion,Parsed but not central to the main story.,high
E:\Deskbook\Tea\HPE\outputs\eval\baseline_cross_subject_all_combinations.csv,csv,cross_subject,VK-XFi-Baseline-Full,depth+lidar+mmwave,,protocol3,pa_mpjpe,0.04032335038999493,lower_better,,,yes,no,no,discussion,Parsed but not central to the main story.,high
E:\Deskbook\Tea\HPE\outputs\eval\baseline_cross_subject_all_combinations.csv,csv,cross_subject,VK-XFi-Baseline-Full,depth+lidar+wifi-csi,,protocol3,mse,0.0031459534488422563,lower_better,,,yes,no,no,discussion,Parsed but not central to the main story.,high
E:\Deskbook\Tea\HPE\outputs\eval\baseline_cross_subject_all_combinations.csv,csv,cross_subject,VK-XFi-Baseline-Full,depth+lidar+wifi-csi,,protocol3,mpjpe,0.08582017840920934,lower_better,,,yes,no,no,discussion,Parsed but not central to the main story.,high
E:\Deskbook\Tea\HPE\outputs\eval\baseline_cross_subject_all_combinations.csv,csv,cross_subject,VK-XFi-Baseline-Full,depth+lidar+wifi-csi,,protocol3,pa_mpjpe,0.04316390989711425,lower_better,,,yes,no,no,discussion,Parsed but not central to the main story.,high
E:\Deskbook\Tea\HPE\outputs\eval\baseline_cross_subject_all_combinations.csv,csv,cross_subject,VK-XFi-Baseline-Full,depth+mmwave+wifi-csi,,protocol3,mse,0.002538159918520274,lower_better,,,yes,no,no,discussion,Parsed but not central to the main story.,high
E:\Deskbook\Tea\HPE\outputs\eval\baseline_cross_subject_all_combinations.csv,csv,cross_subject,VK-XFi-Baseline-Full,depth+mmwave+wifi-csi,,protocol3,mpjpe,0.07432141021072441,lower_better,,,yes,no,no,discussion,Parsed but not central to the main story.,high
E:\Deskbook\Tea\HPE\outputs\eval\baseline_cross_subject_all_combinations.csv,csv,cross_subject,VK-XFi-Baseline-Full,depth+mmwave+wifi-csi,,protocol3,pa_mpjpe,0.03925033994354282,lower_better,,,yes,no,no,discussion,Parsed but not central to the main story.,high
E:\Deskbook\Tea\HPE\outputs\eval\baseline_cross_subject_all_combinations.csv,csv,cross_subject,VK-XFi-Baseline-Full,lidar+mmwave+wifi-csi,,protocol3,mse,0.04065308762531463,lower_better,,,yes,no,no,discussion,Parsed but not central to the main story.,high
E:\Deskbook\Tea\HPE\outputs\eval\baseline_cross_subject_all_combinations.csv,csv,cross_subject,VK-XFi-Baseline-Full,lidar+mmwave+wifi-csi,,protocol3,mpjpe,0.31722933414467314,lower_better,,,yes,no,no,discussion,Parsed but not central to the main story.,high
E:\Deskbook\Tea\HPE\outputs\eval\baseline_cross_subject_all_combinations.csv,csv,cross_subject,VK-XFi-Baseline-Full,lidar+mmwave+wifi-csi,,protocol3,pa_mpjpe,0.10570583190477091,lower_better,,,yes,no,no,discussion,Parsed but not central to the main story.,high
E:\Deskbook\Tea\HPE\outputs\eval\baseline_cross_subject_all_combinations.csv,csv,cross_subject,VK-XFi-Baseline-Full,vk+depth+lidar+mmwave,,protocol3,mse,0.0016057902791165467,lower_better,,,yes,no,no,discussion,Parsed but not central to the main story.,high
E:\Deskbook\Tea\HPE\outputs\eval\baseline_cross_subject_all_combinations.csv,csv,cross_subject,VK-XFi-Baseline-Full,vk+depth+lidar+mmwave,,protocol3,mpjpe,0.05884046090249038,lower_better,,,yes,no,no,discussion,Parsed but not central to the main story.,high
E:\Deskbook\Tea\HPE\outputs\eval\baseline_cross_subject_all_combinations.csv,csv,cross_subject,VK-XFi-Baseline-Full,vk+depth+lidar+mmwave,,protocol3,pa_mpjpe,0.03558259155899167,lower_better,,,yes,no,no,discussion,Parsed but not central to the main story.,high
E:\Deskbook\Tea\HPE\outputs\eval\baseline_cross_subject_all_combinations.csv,csv,cross_subject,VK-XFi-Baseline-Full,vk+depth+lidar+wifi-csi,,protocol3,mse,0.0021067498609607022,lower_better,,,yes,no,no,discussion,Parsed but not central to the main story.,high
E:\Deskbook\Tea\HPE\outputs\eval\baseline_cross_subject_all_combinations.csv,csv,cross_subject,VK-XFi-Baseline-Full,vk+depth+lidar+wifi-csi,,protocol3,mpjpe,0.0671441230218203,lower_better,,,yes,no,no,discussion,Parsed but not central to the main story.,high
E:\Deskbook\Tea\HPE\outputs\eval\baseline_cross_subject_all_combinations.csv,csv,cross_subject,VK-XFi-Baseline-Full,vk+depth+lidar+wifi-csi,,protocol3,pa_mpjpe,0.036626762291725894,lower_better,,,yes,no,no,discussion,Parsed but not central to the main story.,high
E:\Deskbook\Tea\HPE\outputs\eval\baseline_cross_subject_all_combinations.csv,csv,cross_subject,VK-XFi-Baseline-Full,vk+depth+mmwave+wifi-csi,,protocol3,mse,0.0015816846952007922,lower_better,,,yes,no,no,discussion,Parsed but not central to the main story.,high
E:\Deskbook\Tea\HPE\outputs\eval\baseline_cross_subject_all_combinations.csv,csv,cross_subject,VK-XFi-Baseline-Full,vk+depth+mmwave+wifi-csi,,protocol3,mpjpe,0.058016302357894074,lower_better,,,yes,no,no,discussion,Parsed but not central to the main story.,high
E:\Deskbook\Tea\HPE\outputs\eval\baseline_cross_subject_all_combinations.csv,csv,cross_subject,VK-XFi-Baseline-Full,vk+depth+mmwave+wifi-csi,,protocol3,pa_mpjpe,0.03380908174809413,lower_better,,,yes,no,no,discussion,Parsed but not central to the main story.,high
E:\Deskbook\Tea\HPE\outputs\eval\baseline_cross_subject_all_combinations.csv,csv,cross_subject,VK-XFi-Baseline-Full,vk+lidar+mmwave+wifi-csi,,protocol3,mse,0.0306541713121649,lower_better,,,yes,no,no,discussion,Parsed but not central to the main story.,high
E:\Deskbook\Tea\HPE\outputs\eval\baseline_cross_subject_all_combinations.csv,csv,cross_subject,VK-XFi-Baseline-Full,vk+lidar+mmwave+wifi-csi,,protocol3,mpjpe,0.27410295069931245,lower_better,,,yes,no,no,discussion,Parsed but not central to the main story.,high
E:\Deskbook\Tea\HPE\outputs\eval\baseline_cross_subject_all_combinations.csv,csv,cross_subject,VK-XFi-Baseline-Full,vk+lidar+mmwave+wifi-csi,,protocol3,pa_mpjpe,0.09852448171907782,lower_better,,,yes,no,no,discussion,Parsed but not central to the main story.,high
E:\Deskbook\Tea\HPE\outputs\eval\baseline_cross_subject_all_combinations.csv,csv,cross_subject,VK-XFi-Baseline-Full,depth+lidar+mmwave+wifi-csi,,protocol3,mse,0.0019737421865372354,lower_better,,,yes,no,no,discussion,Parsed but not central to the main story.,high
E:\Deskbook\Tea\HPE\outputs\eval\baseline_cross_subject_all_combinations.csv,csv,cross_subject,VK-XFi-Baseline-Full,depth+lidar+mmwave+wifi-csi,,protocol3,mpjpe,0.06477872076188705,lower_better,,,yes,no,no,discussion,Parsed but not central to the main story.,high
E:\Deskbook\Tea\HPE\outputs\eval\baseline_cross_subject_all_combinations.csv,csv,cross_subject,VK-XFi-Baseline-Full,depth+lidar+mmwave+wifi-csi,,protocol3,pa_mpjpe,0.037830611699172415,lower_better,,,yes,no,no,discussion,Parsed but not central to the main story.,high
E:\Deskbook\Tea\HPE\outputs\eval\baseline_cross_subject_all_combinations.csv,csv,cross_subject,VK-XFi-Baseline-Full,vk+depth+lidar+mmwave+wifi-csi,,protocol3,mse,0.0012534793098363374,lower_better,,,yes,no,no,discussion,Parsed but not central to the main story.,high
E:\Deskbook\Tea\HPE\outputs\eval\baseline_cross_subject_all_combinations.csv,csv,cross_subject,VK-XFi-Baseline-Full,vk+depth+lidar+mmwave+wifi-csi,,protocol3,mpjpe,0.05050394942556359,lower_better,,,yes,no,no,discussion,Parsed but not central to the main story.,high
E:\Deskbook\Tea\HPE\outputs\eval\baseline_cross_subject_all_combinations.csv,csv,cross_subject,VK-XFi-Baseline-Full,vk+depth+lidar+mmwave+wifi-csi,,protocol3,pa_mpjpe,0.032484998246359774,lower_better,,,yes,no,no,discussion,Parsed but not central to the main story.,high
E:\Deskbook\Tea\HPE\outputs\eval\baseline_full_all_combinations.csv,csv,HPE,VK-XFi-Baseline-Full,vk,,protocol3,mse,0.02814726432258583,lower_better,,,yes,no,no,main_table,"Directly supports VK replacement, FSG, missing-modality robustness, or baseline comparison.",high
E:\Deskbook\Tea\HPE\outputs\eval\baseline_full_all_combinations.csv,csv,HPE,VK-XFi-Baseline-Full,vk,,protocol3,mpjpe,0.25633800782524363,lower_better,,,yes,no,no,main_table,"Directly supports VK replacement, FSG, missing-modality robustness, or baseline comparison.",high
E:\Deskbook\Tea\HPE\outputs\eval\baseline_full_all_combinations.csv,csv,HPE,VK-XFi-Baseline-Full,vk,,protocol3,pa_mpjpe,0.10600973605056245,lower_better,,,yes,no,no,main_table,"Directly supports VK replacement, FSG, missing-modality robustness, or baseline comparison.",high
E:\Deskbook\Tea\HPE\outputs\eval\baseline_full_all_combinations.csv,csv,HPE,VK-XFi-Baseline-Full,depth,,protocol3,mse,0.013876473226725371,lower_better,,,yes,no,no,main_table,"Directly supports VK replacement, FSG, missing-modality robustness, or baseline comparison.",high
E:\Deskbook\Tea\HPE\outputs\eval\baseline_full_all_combinations.csv,csv,HPE,VK-XFi-Baseline-Full,depth,,protocol3,mpjpe,0.17279300938774664,lower_better,,,yes,no,no,main_table,"Directly supports VK replacement, FSG, missing-modality robustness, or baseline comparison.",high
E:\Deskbook\Tea\HPE\outputs\eval\baseline_full_all_combinations.csv,csv,HPE,VK-XFi-Baseline-Full,depth,,protocol3,pa_mpjpe,0.1018402454469957,lower_better,,,yes,no,no,main_table,"Directly supports VK replacement, FSG, missing-modality robustness, or baseline comparison.",high
E:\Deskbook\Tea\HPE\outputs\eval\baseline_full_all_combinations.csv,csv,HPE,VK-XFi-Baseline-Full,lidar,,protocol3,mse,0.6337638875316958,lower_better,,,yes,no,no,main_table,"Directly supports VK replacement, FSG, missing-modality robustness, or baseline comparison.",high
E:\Deskbook\Tea\HPE\outputs\eval\baseline_full_all_combinations.csv,csv,HPE,VK-XFi-Baseline-Full,lidar,,protocol3,mpjpe,1.3675977167367845,lower_better,,,yes,no,no,main_table,"Directly supports VK replacement, FSG, missing-modality robustness, or baseline comparison.",high
E:\Deskbook\Tea\HPE\outputs\eval\baseline_full_all_combinations.csv,csv,HPE,VK-XFi-Baseline-Full,lidar,,protocol3,pa_mpjpe,0.28399723626922,lower_better,,,yes,no,no,main_table,"Directly supports VK replacement, FSG, missing-modality robustness, or baseline comparison.",high
E:\Deskbook\Tea\HPE\outputs\eval\baseline_full_all_combinations.csv,csv,HPE,VK-XFi-Baseline-Full,mmwave,,protocol3,mse,0.06938287663393253,lower_better,,,yes,no,no,main_table,"Directly supports VK replacement, FSG, missing-modality robustness, or baseline comparison.",high
E:\Deskbook\Tea\HPE\outputs\eval\baseline_full_all_combinations.csv,csv,HPE,VK-XFi-Baseline-Full,mmwave,,protocol3,mpjpe,0.4208060122625922,lower_better,,,yes,no,no,main_table,"Directly supports VK replacement, FSG, missing-modality robustness, or baseline comparison.",high
E:\Deskbook\Tea\HPE\outputs\eval\baseline_full_all_combinations.csv,csv,HPE,VK-XFi-Baseline-Full,mmwave,,protocol3,pa_mpjpe,0.13517230143932166,lower_better,,,yes,no,no,main_table,"Directly supports VK replacement, FSG, missing-modality robustness, or baseline comparison.",high
E:\Deskbook\Tea\HPE\outputs\eval\baseline_full_all_combinations.csv,csv,HPE,VK-XFi-Baseline-Full,wifi-csi,,protocol3,mse,1.5595254220485628,lower_better,,,yes,no,no,main_table,"Directly supports VK replacement, FSG, missing-modality robustness, or baseline comparison.",high
E:\Deskbook\Tea\HPE\outputs\eval\baseline_full_all_combinations.csv,csv,HPE,VK-XFi-Baseline-Full,wifi-csi,,protocol3,mpjpe,2.151808942132853,lower_better,,,yes,no,no,main_table,"Directly supports VK replacement, FSG, missing-modality robustness, or baseline comparison.",high
E:\Deskbook\Tea\HPE\outputs\eval\baseline_full_all_combinations.csv,csv,HPE,VK-XFi-Baseline-Full,wifi-csi,,protocol3,pa_mpjpe,0.349257438594736,lower_better,,,yes,no,no,main_table,"Directly supports VK replacement, FSG, missing-modality robustness, or baseline comparison.",high
E:\Deskbook\Tea\HPE\outputs\eval\baseline_full_all_combinations.csv,csv,HPE,VK-XFi-Baseline-Full,vk+depth,,protocol3,mse,0.002829258693741015,lower_better,,,yes,no,no,main_table,"Directly supports VK replacement, FSG, missing-modality robustness, or baseline comparison.",high
E:\Deskbook\Tea\HPE\outputs\eval\baseline_full_all_combinations.csv,csv,HPE,VK-XFi-Baseline-Full,vk+depth,,protocol3,mpjpe,0.07750427067021522,lower_better,,,yes,no,no,main_table,"Directly supports VK replacement, FSG, missing-modality robustness, or baseline comparison.",high
E:\Deskbook\Tea\HPE\outputs\eval\baseline_full_all_combinations.csv,csv,HPE,VK-XFi-Baseline-Full,vk+depth,,protocol3,pa_mpjpe,0.05136799428281148,lower_better,,,yes,no,no,main_table,"Directly supports VK replacement, FSG, missing-modality robustness, or baseline comparison.",high
E:\Deskbook\Tea\HPE\outputs\eval\baseline_full_all_combinations.csv,csv,HPE,VK-XFi-Baseline-Full,vk+lidar,,protocol3,mse,0.029978797034828395,lower_better,,,yes,no,no,main_table,"Directly supports VK replacement, FSG, missing-modality robustness, or baseline comparison.",high
E:\Deskbook\Tea\HPE\outputs\eval\baseline_full_all_combinations.csv,csv,HPE,VK-XFi-Baseline-Full,vk+lidar,,protocol3,mpjpe,0.26724650323286897,lower_better,,,yes,no,no,main_table,"Directly supports VK replacement, FSG, missing-modality robustness, or baseline comparison.",high
E:\Deskbook\Tea\HPE\outputs\eval\baseline_full_all_combinations.csv,csv,HPE,VK-XFi-Baseline-Full,vk+lidar,,protocol3,pa_mpjpe,0.10188909846880388,lower_better,,,yes,no,no,main_table,"Directly supports VK replacement, FSG, missing-modality robustness, or baseline comparison.",high
E:\Deskbook\Tea\HPE\outputs\eval\baseline_full_all_combinations.csv,csv,HPE,VK-XFi-Baseline-Full,vk+mmwave,,protocol3,mse,0.041325743066376694,lower_better,,,yes,no,no,main_table,"Directly supports VK replacement, FSG, missing-modality robustness, or baseline comparison.",high
E:\Deskbook\Tea\HPE\outputs\eval\baseline_full_all_combinations.csv,csv,HPE,VK-XFi-Baseline-Full,vk+mmwave,,protocol3,mpjpe,0.32461076750766016,lower_better,,,yes,no,no,main_table,"Directly supports VK replacement, FSG, missing-modality robustness, or baseline comparison.",high
E:\Deskbook\Tea\HPE\outputs\eval\baseline_full_all_combinations.csv,csv,HPE,VK-XFi-Baseline-Full,vk+mmwave,,protocol3,pa_mpjpe,0.09990656679778975,lower_better,,,yes,no,no,main_table,"Directly supports VK replacement, FSG, missing-modality robustness, or baseline comparison.",high
E:\Deskbook\Tea\HPE\outputs\eval\baseline_full_all_combinations.csv,csv,HPE,VK-XFi-Baseline-Full,vk+wifi-csi,,protocol3,mse,0.027229600923324253,lower_better,,,yes,no,no,main_table,"Directly supports VK replacement, FSG, missing-modality robustness, or baseline comparison.",high
E:\Deskbook\Tea\HPE\outputs\eval\baseline_full_all_combinations.csv,csv,HPE,VK-XFi-Baseline-Full,vk+wifi-csi,,protocol3,mpjpe,0.24986333279783463,lower_better,,,yes,no,no,main_table,"Directly supports VK replacement, FSG, missing-modality robustness, or baseline comparison.",high
E:\Deskbook\Tea\HPE\outputs\eval\baseline_full_all_combinations.csv,csv,HPE,VK-XFi-Baseline-Full,vk+wifi-csi,,protocol3,pa_mpjpe,0.10347437985871583,lower_better,,,yes,no,no,main_table,"Directly supports VK replacement, FSG, missing-modality robustness, or baseline comparison.",high
E:\Deskbook\Tea\HPE\outputs\eval\baseline_full_all_combinations.csv,csv,HPE,VK-XFi-Baseline-Full,depth+lidar,,protocol3,mse,0.6900062423488835,lower_better,,,yes,no,no,main_table,"Directly supports VK replacement, FSG, missing-modality robustness, or baseline comparison.",high
E:\Deskbook\Tea\HPE\outputs\eval\baseline_full_all_combinations.csv,csv,HPE,VK-XFi-Baseline-Full,depth+lidar,,protocol3,mpjpe,1.4139681664290966,lower_better,,,yes,no,no,main_table,"Directly supports VK replacement, FSG, missing-modality robustness, or baseline comparison.",high
E:\Deskbook\Tea\HPE\outputs\eval\baseline_full_all_combinations.csv,csv,HPE,VK-XFi-Baseline-Full,depth+lidar,,protocol3,pa_mpjpe,0.2568947577844705,lower_better,,,yes,no,no,main_table,"Directly supports VK replacement, FSG, missing-modality robustness, or baseline comparison.",high
E:\Deskbook\Tea\HPE\outputs\eval\baseline_full_all_combinations.csv,csv,HPE,VK-XFi-Baseline-Full,depth+mmwave,,protocol3,mse,0.011633205150495292,lower_better,,,yes,no,no,main_table,"Directly supports VK replacement, FSG, missing-modality robustness, or baseline comparison.",high
E:\Deskbook\Tea\HPE\outputs\eval\baseline_full_all_combinations.csv,csv,HPE,VK-XFi-Baseline-Full,depth+mmwave,,protocol3,mpjpe,0.1669229628799978,lower_better,,,yes,no,no,main_table,"Directly supports VK replacement, FSG, missing-modality robustness, or baseline comparison.",high
E:\Deskbook\Tea\HPE\outputs\eval\baseline_full_all_combinations.csv,csv,HPE,VK-XFi-Baseline-Full,depth+mmwave,,protocol3,pa_mpjpe,0.06180742236835125,lower_better,,,yes,no,no,main_table,"Directly supports VK replacement, FSG, missing-modality robustness, or baseline comparison.",high
E:\Deskbook\Tea\HPE\outputs\eval\baseline_full_all_combinations.csv,csv,HPE,VK-XFi-Baseline-Full,depth+wifi-csi,,protocol3,mse,1.960641560300001,lower_better,,,yes,no,no,main_table,"Directly supports VK replacement, FSG, missing-modality robustness, or baseline comparison.",high
E:\Deskbook\Tea\HPE\outputs\eval\baseline_full_all_combinations.csv,csv,HPE,VK-XFi-Baseline-Full,depth+wifi-csi,,protocol3,mpjpe,2.4171091045342057,lower_better,,,yes,no,no,main_table,"Directly supports VK replacement, FSG, missing-modality robustness, or baseline comparison.",high
E:\Deskbook\Tea\HPE\outputs\eval\baseline_full_all_combinations.csv,csv,HPE,VK-XFi-Baseline-Full,depth+wifi-csi,,protocol3,pa_mpjpe,0.3616757511719735,lower_better,,,yes,no,no,main_table,"Directly supports VK replacement, FSG, missing-modality robustness, or baseline comparison.",high
E:\Deskbook\Tea\HPE\outputs\eval\baseline_full_all_combinations.csv,csv,HPE,VK-XFi-Baseline-Full,lidar+mmwave,,protocol3,mse,0.09859826386370688,lower_better,,,yes,no,no,main_table,"Directly supports VK replacement, FSG, missing-modality robustness, or baseline comparison.",high
E:\Deskbook\Tea\HPE\outputs\eval\baseline_full_all_combinations.csv,csv,HPE,VK-XFi-Baseline-Full,lidar+mmwave,,protocol3,mpjpe,0.5106284838763983,lower_better,,,yes,no,no,main_table,"Directly supports VK replacement, FSG, missing-modality robustness, or baseline comparison.",high
E:\Deskbook\Tea\HPE\outputs\eval\baseline_full_all_combinations.csv,csv,HPE,VK-XFi-Baseline-Full,lidar+mmwave,,protocol3,pa_mpjpe,0.15760854259360635,lower_better,,,yes,no,no,main_table,"Directly supports VK replacement, FSG, missing-modality robustness, or baseline comparison.",high
E:\Deskbook\Tea\HPE\outputs\eval\baseline_full_all_combinations.csv,csv,HPE,VK-XFi-Baseline-Full,lidar+wifi-csi,,protocol3,mse,1.5634722800634793,lower_better,,,yes,no,no,main_table,"Directly supports VK replacement, FSG, missing-modality robustness, or baseline comparison.",high
E:\Deskbook\Tea\HPE\outputs\eval\baseline_full_all_combinations.csv,csv,HPE,VK-XFi-Baseline-Full,lidar+wifi-csi,,protocol3,mpjpe,2.157845836013373,lower_better,,,yes,no,no,main_table,"Directly supports VK replacement, FSG, missing-modality robustness, or baseline comparison.",high
E:\Deskbook\Tea\HPE\outputs\eval\baseline_full_all_combinations.csv,csv,HPE,VK-XFi-Baseline-Full,lidar+wifi-csi,,protocol3,pa_mpjpe,0.354901739008854,lower_better,,,yes,no,no,main_table,"Directly supports VK replacement, FSG, missing-modality robustness, or baseline comparison.",high
E:\Deskbook\Tea\HPE\outputs\eval\baseline_full_all_combinations.csv,csv,HPE,VK-XFi-Baseline-Full,mmwave+wifi-csi,,protocol3,mse,0.38874735705036967,lower_better,,,yes,no,no,main_table,"Directly supports VK replacement, FSG, missing-modality robustness, or baseline comparison.",high
E:\Deskbook\Tea\HPE\outputs\eval\baseline_full_all_combinations.csv,csv,HPE,VK-XFi-Baseline-Full,mmwave+wifi-csi,,protocol3,mpjpe,1.0638471895329211,lower_better,,,yes,no,no,main_table,"Directly supports VK replacement, FSG, missing-modality robustness, or baseline comparison.",high
E:\Deskbook\Tea\HPE\outputs\eval\baseline_full_all_combinations.csv,csv,HPE,VK-XFi-Baseline-Full,mmwave+wifi-csi,,protocol3,pa_mpjpe,0.205608789618985,lower_better,,,yes,no,no,main_table,"Directly supports VK replacement, FSG, missing-modality robustness, or baseline comparison.",high
E:\Deskbook\Tea\HPE\outputs\eval\baseline_full_all_combinations.csv,csv,HPE,VK-XFi-Baseline-Full,vk+depth+lidar,,protocol3,mse,0.0020972039927023506,lower_better,,,yes,no,no,main_table,"Directly supports VK replacement, FSG, missing-modality robustness, or baseline comparison.",high
E:\Deskbook\Tea\HPE\outputs\eval\baseline_full_all_combinations.csv,csv,HPE,VK-XFi-Baseline-Full,vk+depth+lidar,,protocol3,mpjpe,0.06450701307926723,lower_better,,,yes,no,no,main_table,"Directly supports VK replacement, FSG, missing-modality robustness, or baseline comparison.",high
E:\Deskbook\Tea\HPE\outputs\eval\baseline_full_all_combinations.csv,csv,HPE,VK-XFi-Baseline-Full,vk+depth+lidar,,protocol3,pa_mpjpe,0.04250228146549322,lower_better,,,yes,no,no,main_table,"Directly supports VK replacement, FSG, missing-modality robustness, or baseline comparison.",high
E:\Deskbook\Tea\HPE\outputs\eval\baseline_full_all_combinations.csv,csv,HPE,VK-XFi-Baseline-Full,vk+depth+mmwave,,protocol3,mse,0.0030620632858118614,lower_better,,,yes,no,no,main_table,"Directly supports VK replacement, FSG, missing-modality robustness, or baseline comparison.",high
E:\Deskbook\Tea\HPE\outputs\eval\baseline_full_all_combinations.csv,csv,HPE,VK-XFi-Baseline-Full,vk+depth+mmwave,,protocol3,mpjpe,0.08366503713768399,lower_better,,,yes,no,no,main_table,"Directly supports VK replacement, FSG, missing-modality robustness, or baseline comparison.",high
E:\Deskbook\Tea\HPE\outputs\eval\baseline_full_all_combinations.csv,csv,HPE,VK-XFi-Baseline-Full,vk+depth+mmwave,,protocol3,pa_mpjpe,0.043777267105573635,lower_better,,,yes,no,no,main_table,"Directly supports VK replacement, FSG, missing-modality robustness, or baseline comparison.",high
E:\Deskbook\Tea\HPE\outputs\eval\baseline_full_all_combinations.csv,csv,HPE,VK-XFi-Baseline-Full,vk+depth+wifi-csi,,protocol3,mse,0.0027251144446654883,lower_better,,,yes,no,no,main_table,"Directly supports VK replacement, FSG, missing-modality robustness, or baseline comparison.",high
E:\Deskbook\Tea\HPE\outputs\eval\baseline_full_all_combinations.csv,csv,HPE,VK-XFi-Baseline-Full,vk+depth+wifi-csi,,protocol3,mpjpe,0.07688165605830082,lower_better,,,yes,no,no,main_table,"Directly supports VK replacement, FSG, missing-modality robustness, or baseline comparison.",high
E:\Deskbook\Tea\HPE\outputs\eval\baseline_full_all_combinations.csv,csv,HPE,VK-XFi-Baseline-Full,vk+depth+wifi-csi,,protocol3,pa_mpjpe,0.04212298025928035,lower_better,,,yes,no,no,main_table,"Directly supports VK replacement, FSG, missing-modality robustness, or baseline comparison.",high
E:\Deskbook\Tea\HPE\outputs\eval\baseline_full_all_combinations.csv,csv,HPE,VK-XFi-Baseline-Full,vk+lidar+mmwave,,protocol3,mse,0.0362877415176999,lower_better,,,yes,no,no,main_table,"Directly supports VK replacement, FSG, missing-modality robustness, or baseline comparison.",high
E:\Deskbook\Tea\HPE\outputs\eval\baseline_full_all_combinations.csv,csv,HPE,VK-XFi-Baseline-Full,vk+lidar+mmwave,,protocol3,mpjpe,0.300453744099345,lower_better,,,yes,no,no,main_table,"Directly supports VK replacement, FSG, missing-modality robustness, or baseline comparison.",high
E:\Deskbook\Tea\HPE\outputs\eval\baseline_full_all_combinations.csv,csv,HPE,VK-XFi-Baseline-Full,vk+lidar+mmwave,,protocol3,pa_mpjpe,0.0978640677933205,lower_better,,,yes,no,no,main_table,"Directly supports VK replacement, FSG, missing-modality robustness, or baseline comparison.",high
E:\Deskbook\Tea\HPE\outputs\eval\baseline_full_all_combinations.csv,csv,HPE,VK-XFi-Baseline-Full,vk+lidar+wifi-csi,,protocol3,mse,0.028674997208022815,lower_better,,,yes,no,no,main_table,"Directly supports VK replacement, FSG, missing-modality robustness, or baseline comparison.",high
E:\Deskbook\Tea\HPE\outputs\eval\baseline_full_all_combinations.csv,csv,HPE,VK-XFi-Baseline-Full,vk+lidar+wifi-csi,,protocol3,mpjpe,0.2582820270506428,lower_better,,,yes,no,no,main_table,"Directly supports VK replacement, FSG, missing-modality robustness, or baseline comparison.",high
E:\Deskbook\Tea\HPE\outputs\eval\baseline_full_all_combinations.csv,csv,HPE,VK-XFi-Baseline-Full,vk+lidar+wifi-csi,,protocol3,pa_mpjpe,0.10049043786659369,lower_better,,,yes,no,no,main_table,"Directly supports VK replacement, FSG, missing-modality robustness, or baseline comparison.",high
E:\Deskbook\Tea\HPE\outputs\eval\baseline_full_all_combinations.csv,csv,HPE,VK-XFi-Baseline-Full,vk+mmwave+wifi-csi,,protocol3,mse,0.03289130464540443,lower_better,,,yes,no,no,main_table,"Directly supports VK replacement, FSG, missing-modality robustness, or baseline comparison.",high
E:\Deskbook\Tea\HPE\outputs\eval\baseline_full_all_combinations.csv,csv,HPE,VK-XFi-Baseline-Full,vk+mmwave+wifi-csi,,protocol3,mpjpe,0.28154421497467585,lower_better,,,yes,no,no,main_table,"Directly supports VK replacement, FSG, missing-modality robustness, or baseline comparison.",high
E:\Deskbook\Tea\HPE\outputs\eval\baseline_full_all_combinations.csv,csv,HPE,VK-XFi-Baseline-Full,vk+mmwave+wifi-csi,,protocol3,pa_mpjpe,0.09888932136056523,lower_better,,,yes,no,no,main_table,"Directly supports VK replacement, FSG, missing-modality robustness, or baseline comparison.",high
E:\Deskbook\Tea\HPE\outputs\eval\baseline_full_all_combinations.csv,csv,HPE,VK-XFi-Baseline-Full,depth+lidar+mmwave,,protocol3,mse,0.012775146819069036,lower_better,,,yes,no,no,main_table,"Directly supports VK replacement, FSG, missing-modality robustness, or baseline comparison.",high
E:\Deskbook\Tea\HPE\outputs\eval\baseline_full_all_combinations.csv,csv,HPE,VK-XFi-Baseline-Full,depth+lidar+mmwave,,protocol3,mpjpe,0.17954108441228328,lower_better,,,yes,no,no,main_table,"Directly supports VK replacement, FSG, missing-modality robustness, or baseline comparison.",high
E:\Deskbook\Tea\HPE\outputs\eval\baseline_full_all_combinations.csv,csv,HPE,VK-XFi-Baseline-Full,depth+lidar+mmwave,,protocol3,pa_mpjpe,0.06299920645901773,lower_better,,,yes,no,no,main_table,"Directly supports VK replacement, FSG, missing-modality robustness, or baseline comparison.",high
E:\Deskbook\Tea\HPE\outputs\eval\baseline_full_all_combinations.csv,csv,HPE,VK-XFi-Baseline-Full,depth+lidar+wifi-csi,,protocol3,mse,1.6742336792249546,lower_better,,,yes,no,no,main_table,"Directly supports VK replacement, FSG, missing-modality robustness, or baseline comparison.",high
E:\Deskbook\Tea\HPE\outputs\eval\baseline_full_all_combinations.csv,csv,HPE,VK-XFi-Baseline-Full,depth+lidar+wifi-csi,,protocol3,mpjpe,2.2330570108561405,lower_better,,,yes,no,no,main_table,"Directly supports VK replacement, FSG, missing-modality robustness, or baseline comparison.",high
E:\Deskbook\Tea\HPE\outputs\eval\baseline_full_all_combinations.csv,csv,HPE,VK-XFi-Baseline-Full,depth+lidar+wifi-csi,,protocol3,pa_mpjpe,0.3470737671611852,lower_better,,,yes,no,no,main_table,"Directly supports VK replacement, FSG, missing-modality robustness, or baseline comparison.",high
E:\Deskbook\Tea\HPE\outputs\eval\baseline_full_all_combinations.csv,csv,HPE,VK-XFi-Baseline-Full,depth+mmwave+wifi-csi,,protocol3,mse,0.04179696525696887,lower_better,,,yes,no,no,main_table,"Directly supports VK replacement, FSG, missing-modality robustness, or baseline comparison.",high
E:\Deskbook\Tea\HPE\outputs\eval\baseline_full_all_combinations.csv,csv,HPE,VK-XFi-Baseline-Full,depth+mmwave+wifi-csi,,protocol3,mpjpe,0.34400652942328636,lower_better,,,yes,no,no,main_table,"Directly supports VK replacement, FSG, missing-modality robustness, or baseline comparison.",high
E:\Deskbook\Tea\HPE\outputs\eval\baseline_full_all_combinations.csv,csv,HPE,VK-XFi-Baseline-Full,depth+mmwave+wifi-csi,,protocol3,pa_mpjpe,0.06444713204884989,lower_better,,,yes,no,no,main_table,"Directly supports VK replacement, FSG, missing-modality robustness, or baseline comparison.",high
E:\Deskbook\Tea\HPE\outputs\eval\baseline_full_all_combinations.csv,csv,HPE,VK-XFi-Baseline-Full,lidar+mmwave+wifi-csi,,protocol3,mse,0.5453055032932754,lower_better,,,yes,no,no,main_table,"Directly supports VK replacement, FSG, missing-modality robustness, or baseline comparison.",high
E:\Deskbook\Tea\HPE\outputs\eval\baseline_full_all_combinations.csv,csv,HPE,VK-XFi-Baseline-Full,lidar+mmwave+wifi-csi,,protocol3,mpjpe,1.2669934423535612,lower_better,,,yes,no,no,main_table,"Directly supports VK replacement, FSG, missing-modality robustness, or baseline comparison.",high
E:\Deskbook\Tea\HPE\outputs\eval\baseline_full_all_combinations.csv,csv,HPE,VK-XFi-Baseline-Full,lidar+mmwave+wifi-csi,,protocol3,pa_mpjpe,0.2309693206283162,lower_better,,,yes,no,no,main_table,"Directly supports VK replacement, FSG, missing-modality robustness, or baseline comparison.",high
E:\Deskbook\Tea\HPE\outputs\eval\baseline_full_all_combinations.csv,csv,HPE,VK-XFi-Baseline-Full,vk+depth+lidar+mmwave,,protocol3,mse,0.0019124138708763413,lower_better,,,yes,no,no,main_table,"Directly supports VK replacement, FSG, missing-modality robustness, or baseline comparison.",high
E:\Deskbook\Tea\HPE\outputs\eval\baseline_full_all_combinations.csv,csv,HPE,VK-XFi-Baseline-Full,vk+depth+lidar+mmwave,,protocol3,mpjpe,0.062109419884382455,lower_better,,,yes,no,no,main_table,"Directly supports VK replacement, FSG, missing-modality robustness, or baseline comparison.",high
E:\Deskbook\Tea\HPE\outputs\eval\baseline_full_all_combinations.csv,csv,HPE,VK-XFi-Baseline-Full,vk+depth+lidar+mmwave,,protocol3,pa_mpjpe,0.03475195798345017,lower_better,,,yes,no,no,main_table,"Directly supports VK replacement, FSG, missing-modality robustness, or baseline comparison.",high
E:\Deskbook\Tea\HPE\outputs\eval\baseline_full_all_combinations.csv,csv,HPE,VK-XFi-Baseline-Full,vk+depth+lidar+wifi-csi,,protocol3,mse,0.0022842085114033912,lower_better,,,yes,no,no,main_table,"Directly supports VK replacement, FSG, missing-modality robustness, or baseline comparison.",high
E:\Deskbook\Tea\HPE\outputs\eval\baseline_full_all_combinations.csv,csv,HPE,VK-XFi-Baseline-Full,vk+depth+lidar+wifi-csi,,protocol3,mpjpe,0.06869532483810943,lower_better,,,yes,no,no,main_table,"Directly supports VK replacement, FSG, missing-modality robustness, or baseline comparison.",high
E:\Deskbook\Tea\HPE\outputs\eval\baseline_full_all_combinations.csv,csv,HPE,VK-XFi-Baseline-Full,vk+depth+lidar+wifi-csi,,protocol3,pa_mpjpe,0.040705164367978476,lower_better,,,yes,no,no,main_table,"Directly supports VK replacement, FSG, missing-modality robustness, or baseline comparison.",high
E:\Deskbook\Tea\HPE\outputs\eval\baseline_full_all_combinations.csv,csv,HPE,VK-XFi-Baseline-Full,vk+depth+mmwave+wifi-csi,,protocol3,mse,0.001539622296025255,lower_better,,,yes,no,no,main_table,"Directly supports VK replacement, FSG, missing-modality robustness, or baseline comparison.",high
E:\Deskbook\Tea\HPE\outputs\eval\baseline_full_all_combinations.csv,csv,HPE,VK-XFi-Baseline-Full,vk+depth+mmwave+wifi-csi,,protocol3,mpjpe,0.05263797196854951,lower_better,,,yes,no,no,main_table,"Directly supports VK replacement, FSG, missing-modality robustness, or baseline comparison.",high
E:\Deskbook\Tea\HPE\outputs\eval\baseline_full_all_combinations.csv,csv,HPE,VK-XFi-Baseline-Full,vk+depth+mmwave+wifi-csi,,protocol3,pa_mpjpe,0.034000265809773014,lower_better,,,yes,no,no,main_table,"Directly supports VK replacement, FSG, missing-modality robustness, or baseline comparison.",high
E:\Deskbook\Tea\HPE\outputs\eval\baseline_full_all_combinations.csv,csv,HPE,VK-XFi-Baseline-Full,vk+lidar+mmwave+wifi-csi,,protocol3,mse,0.034296659544953007,lower_better,,,yes,no,no,main_table,"Directly supports VK replacement, FSG, missing-modality robustness, or baseline comparison.",high
E:\Deskbook\Tea\HPE\outputs\eval\baseline_full_all_combinations.csv,csv,HPE,VK-XFi-Baseline-Full,vk+lidar+mmwave+wifi-csi,,protocol3,mpjpe,0.289241109891178,lower_better,,,yes,no,no,main_table,"Directly supports VK replacement, FSG, missing-modality robustness, or baseline comparison.",high
E:\Deskbook\Tea\HPE\outputs\eval\baseline_full_all_combinations.csv,csv,HPE,VK-XFi-Baseline-Full,vk+lidar+mmwave+wifi-csi,,protocol3,pa_mpjpe,0.09769474010132113,lower_better,,,yes,no,no,main_table,"Directly supports VK replacement, FSG, missing-modality robustness, or baseline comparison.",high
E:\Deskbook\Tea\HPE\outputs\eval\baseline_full_all_combinations.csv,csv,HPE,VK-XFi-Baseline-Full,depth+lidar+mmwave+wifi-csi,,protocol3,mse,0.08813727987076089,lower_better,,,yes,no,no,main_table,"Directly supports VK replacement, FSG, missing-modality robustness, or baseline comparison.",high
E:\Deskbook\Tea\HPE\outputs\eval\baseline_full_all_combinations.csv,csv,HPE,VK-XFi-Baseline-Full,depth+lidar+mmwave+wifi-csi,,protocol3,mpjpe,0.502737308841109,lower_better,,,yes,no,no,main_table,"Directly supports VK replacement, FSG, missing-modality robustness, or baseline comparison.",high
E:\Deskbook\Tea\HPE\outputs\eval\baseline_full_all_combinations.csv,csv,HPE,VK-XFi-Baseline-Full,depth+lidar+mmwave+wifi-csi,,protocol3,pa_mpjpe,0.08497866289397599,lower_better,,,yes,no,no,main_table,"Directly supports VK replacement, FSG, missing-modality robustness, or baseline comparison.",high
E:\Deskbook\Tea\HPE\outputs\eval\baseline_full_all_combinations.csv,csv,HPE,VK-XFi-Baseline-Full,vk+depth+lidar+mmwave+wifi-csi,,protocol3,mse,0.0014151828150276648,lower_better,,,yes,no,no,main_table,"Directly supports VK replacement, FSG, missing-modality robustness, or baseline comparison.",high
E:\Deskbook\Tea\HPE\outputs\eval\baseline_full_all_combinations.csv,csv,HPE,VK-XFi-Baseline-Full,vk+depth+lidar+mmwave+wifi-csi,,protocol3,mpjpe,0.049137544234621584,lower_better,,,yes,no,no,main_table,"Directly supports VK replacement, FSG, missing-modality robustness, or baseline comparison.",high
E:\Deskbook\Tea\HPE\outputs\eval\baseline_full_all_combinations.csv,csv,HPE,VK-XFi-Baseline-Full,vk+depth+lidar+mmwave+wifi-csi,,protocol3,pa_mpjpe,0.033481761383055114,lower_better,,,yes,no,no,main_table,"Directly supports VK replacement, FSG, missing-modality robustness, or baseline comparison.",high
E:\Deskbook\Tea\HPE\outputs\eval\baseline_full_model_complexity.csv,csv,HPE,baseline_full_model_complexity,,,,,,,,,yes,no,no,main_table,CSV parsed but no recognized metric column was found.,high
E:\Deskbook\Tea\HPE\outputs\eval\baseline_missing_modality_summary.csv,csv,HPE,VK-XFi-Baseline-Full,,0,protocol3,mse,0.0014151764811282696,lower_better,,,yes,no,no,main_table,"Directly supports VK replacement, FSG, missing-modality robustness, or baseline comparison.",high
E:\Deskbook\Tea\HPE\outputs\eval\baseline_missing_modality_summary.csv,csv,HPE,VK-XFi-Baseline-Full,,0,protocol3,mpjpe,0.04913765875605674,lower_better,,,yes,no,no,main_table,"Directly supports VK replacement, FSG, missing-modality robustness, or baseline comparison.",high
E:\Deskbook\Tea\HPE\outputs\eval\baseline_missing_modality_summary.csv,csv,HPE,VK-XFi-Baseline-Full,,0,protocol3,pa_mpjpe,0.03348198584340788,lower_better,,,yes,no,no,main_table,"Directly supports VK replacement, FSG, missing-modality robustness, or baseline comparison.",high
E:\Deskbook\Tea\HPE\outputs\eval\baseline_missing_modality_summary.csv,csv,HPE,VK-XFi-Baseline-Full,,1,protocol3,mse,0.025633491750984026,lower_better,,,yes,no,no,main_table,"Directly supports VK replacement, FSG, missing-modality robustness, or baseline comparison.",high
E:\Deskbook\Tea\HPE\outputs\eval\baseline_missing_modality_summary.csv,csv,HPE,VK-XFi-Baseline-Full,,1,protocol3,mpjpe,0.19508006841846462,lower_better,,,yes,no,no,main_table,"Directly supports VK replacement, FSG, missing-modality robustness, or baseline comparison.",high
E:\Deskbook\Tea\HPE\outputs\eval\baseline_missing_modality_summary.csv,csv,HPE,VK-XFi-Baseline-Full,,1,protocol3,pa_mpjpe,0.058426326926531866,lower_better,,,yes,no,no,main_table,"Directly supports VK replacement, FSG, missing-modality robustness, or baseline comparison.",high
E:\Deskbook\Tea\HPE\outputs\eval\baseline_missing_modality_summary.csv,csv,HPE,VK-XFi-Baseline-Full,,2,protocol3,mse,0.23800047028979407,lower_better,,,yes,no,no,main_table,"Directly supports VK replacement, FSG, missing-modality robustness, or baseline comparison.",high
E:\Deskbook\Tea\HPE\outputs\eval\baseline_missing_modality_summary.csv,csv,HPE,VK-XFi-Baseline-Full,,2,protocol3,mpjpe,0.5089051006270091,lower_better,,,yes,no,no,main_table,"Directly supports VK replacement, FSG, missing-modality robustness, or baseline comparison.",high
E:\Deskbook\Tea\HPE\outputs\eval\baseline_missing_modality_summary.csv,csv,HPE,VK-XFi-Baseline-Full,,2,protocol3,pa_mpjpe,0.11311598252660686,lower_better,,,yes,no,no,main_table,"Directly supports VK replacement, FSG, missing-modality robustness, or baseline comparison.",high
E:\Deskbook\Tea\HPE\outputs\eval\baseline_missing_modality_summary.csv,csv,HPE,VK-XFi-Baseline-Full,,3,protocol3,mse,0.48141991956748187,lower_better,,,yes,no,no,main_table,"Directly supports VK replacement, FSG, missing-modality robustness, or baseline comparison.",high
E:\Deskbook\Tea\HPE\outputs\eval\baseline_missing_modality_summary.csv,csv,HPE,VK-XFi-Baseline-Full,,3,protocol3,mpjpe,0.8649108318411523,lower_better,,,yes,no,no,main_table,"Directly supports VK replacement, FSG, missing-modality robustness, or baseline comparison.",high
E:\Deskbook\Tea\HPE\outputs\eval\baseline_missing_modality_summary.csv,csv,HPE,VK-XFi-Baseline-Full,,3,protocol3,pa_mpjpe,0.17550837690229176,lower_better,,,yes,no,no,main_table,"Directly supports VK replacement, FSG, missing-modality robustness, or baseline comparison.",high
E:\Deskbook\Tea\HPE\outputs\eval\baseline_missing_modality_summary.csv,csv,HPE,VK-XFi-Baseline-Full,,4,protocol3,mse,0.4608940857154815,lower_better,,,yes,no,no,main_table,"Directly supports VK replacement, FSG, missing-modality robustness, or baseline comparison.",high
E:\Deskbook\Tea\HPE\outputs\eval\baseline_missing_modality_summary.csv,csv,HPE,VK-XFi-Baseline-Full,,4,protocol3,mpjpe,0.8738189213482397,lower_better,,,yes,no,no,main_table,"Directly supports VK replacement, FSG, missing-modality robustness, or baseline comparison.",high
E:\Deskbook\Tea\HPE\outputs\eval\baseline_missing_modality_summary.csv,csv,HPE,VK-XFi-Baseline-Full,,4,protocol3,pa_mpjpe,0.19524588021935962,lower_better,,,yes,no,no,main_table,"Directly supports VK replacement, FSG, missing-modality robustness, or baseline comparison.",high
E:\Deskbook\Tea\HPE\outputs\eval\student_nv_cross_scene_nonvisual_combinations.csv,csv,cross_scene,VK-RCD-Student-NV,depth,,protocol3,mse,0.0024362008402481527,lower_better,,,yes,no,no,discussion,Parsed but not central to the main story.,high
E:\Deskbook\Tea\HPE\outputs\eval\student_nv_cross_scene_nonvisual_combinations.csv,csv,cross_scene,VK-RCD-Student-NV,depth,,protocol3,mpjpe,0.07358623850881155,lower_better,,,yes,no,no,discussion,Parsed but not central to the main story.,high
E:\Deskbook\Tea\HPE\outputs\eval\student_nv_cross_scene_nonvisual_combinations.csv,csv,cross_scene,VK-RCD-Student-NV,depth,,protocol3,pa_mpjpe,0.041336940528826846,lower_better,,,yes,no,no,discussion,Parsed but not central to the main story.,high
E:\Deskbook\Tea\HPE\outputs\eval\student_nv_cross_scene_nonvisual_combinations.csv,csv,cross_scene,VK-RCD-Student-NV,lidar,,protocol3,mse,0.040652629618990195,lower_better,,,yes,no,no,discussion,Parsed but not central to the main story.,high
E:\Deskbook\Tea\HPE\outputs\eval\student_nv_cross_scene_nonvisual_combinations.csv,csv,cross_scene,VK-RCD-Student-NV,lidar,,protocol3,mpjpe,0.29484506683436423,lower_better,,,yes,no,no,discussion,Parsed but not central to the main story.,high
E:\Deskbook\Tea\HPE\outputs\eval\student_nv_cross_scene_nonvisual_combinations.csv,csv,cross_scene,VK-RCD-Student-NV,lidar,,protocol3,pa_mpjpe,0.1374214725563713,lower_better,,,yes,no,no,discussion,Parsed but not central to the main story.,high
E:\Deskbook\Tea\HPE\outputs\eval\student_nv_cross_scene_nonvisual_combinations.csv,csv,cross_scene,VK-RCD-Student-NV,mmwave,,protocol3,mse,0.009074364516297352,lower_better,,,yes,no,no,discussion,Parsed but not central to the main story.,high
E:\Deskbook\Tea\HPE\outputs\eval\student_nv_cross_scene_nonvisual_combinations.csv,csv,cross_scene,VK-RCD-Student-NV,mmwave,,protocol3,mpjpe,0.1386991187943115,lower_better,,,yes,no,no,discussion,Parsed but not central to the main story.,high
E:\Deskbook\Tea\HPE\outputs\eval\student_nv_cross_scene_nonvisual_combinations.csv,csv,cross_scene,VK-RCD-Student-NV,mmwave,,protocol3,pa_mpjpe,0.06771324523588323,lower_better,,,yes,no,no,discussion,Parsed but not central to the main story.,high
E:\Deskbook\Tea\HPE\outputs\eval\student_nv_cross_scene_nonvisual_combinations.csv,csv,cross_scene,VK-RCD-Student-NV,wifi-csi,,protocol3,mse,0.053933074662034716,lower_better,,,yes,no,no,discussion,Parsed but not central to the main story.,high
E:\Deskbook\Tea\HPE\outputs\eval\student_nv_cross_scene_nonvisual_combinations.csv,csv,cross_scene,VK-RCD-Student-NV,wifi-csi,,protocol3,mpjpe,0.372596518944915,lower_better,,,yes,no,no,discussion,Parsed but not central to the main story.,high
E:\Deskbook\Tea\HPE\outputs\eval\student_nv_cross_scene_nonvisual_combinations.csv,csv,cross_scene,VK-RCD-Student-NV,wifi-csi,,protocol3,pa_mpjpe,0.11838031234383059,lower_better,,,yes,no,no,discussion,Parsed but not central to the main story.,high
E:\Deskbook\Tea\HPE\outputs\eval\student_nv_cross_scene_nonvisual_combinations.csv,csv,cross_scene,VK-RCD-Student-NV,depth+lidar,,protocol3,mse,0.003202563217097912,lower_better,,,yes,no,no,discussion,Parsed but not central to the main story.,high
E:\Deskbook\Tea\HPE\outputs\eval\student_nv_cross_scene_nonvisual_combinations.csv,csv,cross_scene,VK-RCD-Student-NV,depth+lidar,,protocol3,mpjpe,0.08229159320035559,lower_better,,,yes,no,no,discussion,Parsed but not central to the main story.,high
E:\Deskbook\Tea\HPE\outputs\eval\student_nv_cross_scene_nonvisual_combinations.csv,csv,cross_scene,VK-RCD-Student-NV,depth+lidar,,protocol3,pa_mpjpe,0.04845923905429252,lower_better,,,yes,no,no,discussion,Parsed but not central to the main story.,high
E:\Deskbook\Tea\HPE\outputs\eval\student_nv_cross_scene_nonvisual_combinations.csv,csv,cross_scene,VK-RCD-Student-NV,depth+mmwave,,protocol3,mse,0.002302452351015643,lower_better,,,yes,no,no,discussion,Parsed but not central to the main story.,high
E:\Deskbook\Tea\HPE\outputs\eval\student_nv_cross_scene_nonvisual_combinations.csv,csv,cross_scene,VK-RCD-Student-NV,depth+mmwave,,protocol3,mpjpe,0.07137883205660368,lower_better,,,yes,no,no,discussion,Parsed but not central to the main story.,high
E:\Deskbook\Tea\HPE\outputs\eval\student_nv_cross_scene_nonvisual_combinations.csv,csv,cross_scene,VK-RCD-Student-NV,depth+mmwave,,protocol3,pa_mpjpe,0.04103490305386888,lower_better,,,yes,no,no,discussion,Parsed but not central to the main story.,high
E:\Deskbook\Tea\HPE\outputs\eval\student_nv_cross_scene_nonvisual_combinations.csv,csv,cross_scene,VK-RCD-Student-NV,depth+wifi-csi,,protocol3,mse,0.002452484047869463,lower_better,,,yes,no,no,discussion,Parsed but not central to the main story.,high
E:\Deskbook\Tea\HPE\outputs\eval\student_nv_cross_scene_nonvisual_combinations.csv,csv,cross_scene,VK-RCD-Student-NV,depth+wifi-csi,,protocol3,mpjpe,0.07407586436487817,lower_better,,,yes,no,no,discussion,Parsed but not central to the main story.,high
E:\Deskbook\Tea\HPE\outputs\eval\student_nv_cross_scene_nonvisual_combinations.csv,csv,cross_scene,VK-RCD-Student-NV,depth+wifi-csi,,protocol3,pa_mpjpe,0.04138187470667394,lower_better,,,yes,no,no,discussion,Parsed but not central to the main story.,high
E:\Deskbook\Tea\HPE\outputs\eval\student_nv_cross_scene_nonvisual_combinations.csv,csv,cross_scene,VK-RCD-Student-NV,lidar+mmwave,,protocol3,mse,0.023534800489329166,lower_better,,,yes,no,no,discussion,Parsed but not central to the main story.,high
E:\Deskbook\Tea\HPE\outputs\eval\student_nv_cross_scene_nonvisual_combinations.csv,csv,cross_scene,VK-RCD-Student-NV,lidar+mmwave,,protocol3,mpjpe,0.21815071499902183,lower_better,,,yes,no,no,discussion,Parsed but not central to the main story.,high
E:\Deskbook\Tea\HPE\outputs\eval\student_nv_cross_scene_nonvisual_combinations.csv,csv,cross_scene,VK-RCD-Student-NV,lidar+mmwave,,protocol3,pa_mpjpe,0.11145427273814298,lower_better,,,yes,no,no,discussion,Parsed but not central to the main story.,high
E:\Deskbook\Tea\HPE\outputs\eval\student_nv_cross_scene_nonvisual_combinations.csv,csv,cross_scene,VK-RCD-Student-NV,lidar+wifi-csi,,protocol3,mse,0.039913539832344316,lower_better,,,yes,no,no,discussion,Parsed but not central to the main story.,high
E:\Deskbook\Tea\HPE\outputs\eval\student_nv_cross_scene_nonvisual_combinations.csv,csv,cross_scene,VK-RCD-Student-NV,lidar+wifi-csi,,protocol3,mpjpe,0.29700223672329035,lower_better,,,yes,no,no,discussion,Parsed but not central to the main story.,high
E:\Deskbook\Tea\HPE\outputs\eval\student_nv_cross_scene_nonvisual_combinations.csv,csv,cross_scene,VK-RCD-Student-NV,lidar+wifi-csi,,protocol3,pa_mpjpe,0.13856361946491813,lower_better,,,yes,no,no,discussion,Parsed but not central to the main story.,high
E:\Deskbook\Tea\HPE\outputs\eval\student_nv_cross_scene_nonvisual_combinations.csv,csv,cross_scene,VK-RCD-Student-NV,mmwave+wifi-csi,,protocol3,mse,0.011022373363280429,lower_better,,,yes,no,no,discussion,Parsed but not central to the main story.,high
E:\Deskbook\Tea\HPE\outputs\eval\student_nv_cross_scene_nonvisual_combinations.csv,csv,cross_scene,VK-RCD-Student-NV,mmwave+wifi-csi,,protocol3,mpjpe,0.15504739737849624,lower_better,,,yes,no,no,discussion,Parsed but not central to the main story.,high
E:\Deskbook\Tea\HPE\outputs\eval\student_nv_cross_scene_nonvisual_combinations.csv,csv,cross_scene,VK-RCD-Student-NV,mmwave+wifi-csi,,protocol3,pa_mpjpe,0.06875489439727549,lower_better,,,yes,no,no,discussion,Parsed but not central to the main story.,high
E:\Deskbook\Tea\HPE\outputs\eval\student_nv_cross_scene_nonvisual_combinations.csv,csv,cross_scene,VK-RCD-Student-NV,depth+lidar+mmwave,,protocol3,mse,0.002891736473565988,lower_better,,,yes,no,no,discussion,Parsed but not central to the main story.,high
E:\Deskbook\Tea\HPE\outputs\eval\student_nv_cross_scene_nonvisual_combinations.csv,csv,cross_scene,VK-RCD-Student-NV,depth+lidar+mmwave,,protocol3,mpjpe,0.0785971394616821,lower_better,,,yes,no,no,discussion,Parsed but not central to the main story.,high
E:\Deskbook\Tea\HPE\outputs\eval\student_nv_cross_scene_nonvisual_combinations.csv,csv,cross_scene,VK-RCD-Student-NV,depth+lidar+mmwave,,protocol3,pa_mpjpe,0.04624624678713061,lower_better,,,yes,no,no,discussion,Parsed but not central to the main story.,high
E:\Deskbook\Tea\HPE\outputs\eval\student_nv_cross_scene_nonvisual_combinations.csv,csv,cross_scene,VK-RCD-Student-NV,depth+lidar+wifi-csi,,protocol3,mse,0.0031371370860327733,lower_better,,,yes,no,no,discussion,Parsed but not central to the main story.,high
E:\Deskbook\Tea\HPE\outputs\eval\student_nv_cross_scene_nonvisual_combinations.csv,csv,cross_scene,VK-RCD-Student-NV,depth+lidar+wifi-csi,,protocol3,mpjpe,0.08172482279399815,lower_better,,,yes,no,no,discussion,Parsed but not central to the main story.,high
E:\Deskbook\Tea\HPE\outputs\eval\student_nv_cross_scene_nonvisual_combinations.csv,csv,cross_scene,VK-RCD-Student-NV,depth+lidar+wifi-csi,,protocol3,pa_mpjpe,0.04825070092176757,lower_better,,,yes,no,no,discussion,Parsed but not central to the main story.,high
E:\Deskbook\Tea\HPE\outputs\eval\student_nv_cross_scene_nonvisual_combinations.csv,csv,cross_scene,VK-RCD-Student-NV,depth+mmwave+wifi-csi,,protocol3,mse,0.0023444371529537655,lower_better,,,yes,no,no,discussion,Parsed but not central to the main story.,high
E:\Deskbook\Tea\HPE\outputs\eval\student_nv_cross_scene_nonvisual_combinations.csv,csv,cross_scene,VK-RCD-Student-NV,depth+mmwave+wifi-csi,,protocol3,mpjpe,0.07241567281925079,lower_better,,,yes,no,no,discussion,Parsed but not central to the main story.,high
E:\Deskbook\Tea\HPE\outputs\eval\student_nv_cross_scene_nonvisual_combinations.csv,csv,cross_scene,VK-RCD-Student-NV,depth+mmwave+wifi-csi,,protocol3,pa_mpjpe,0.041064864138155514,lower_better,,,yes,no,no,discussion,Parsed but not central to the main story.,high
E:\Deskbook\Tea\HPE\outputs\eval\student_nv_cross_scene_nonvisual_combinations.csv,csv,cross_scene,VK-RCD-Student-NV,lidar+mmwave+wifi-csi,,protocol3,mse,0.023240499077558756,lower_better,,,yes,no,no,discussion,Parsed but not central to the main story.,high
E:\Deskbook\Tea\HPE\outputs\eval\student_nv_cross_scene_nonvisual_combinations.csv,csv,cross_scene,VK-RCD-Student-NV,lidar+mmwave+wifi-csi,,protocol3,mpjpe,0.21896083641489303,lower_better,,,yes,no,no,discussion,Parsed but not central to the main story.,high
E:\Deskbook\Tea\HPE\outputs\eval\student_nv_cross_scene_nonvisual_combinations.csv,csv,cross_scene,VK-RCD-Student-NV,lidar+mmwave+wifi-csi,,protocol3,pa_mpjpe,0.11227365112688206,lower_better,,,yes,no,no,discussion,Parsed but not central to the main story.,high
E:\Deskbook\Tea\HPE\outputs\eval\student_nv_cross_scene_nonvisual_combinations.csv,csv,cross_scene,VK-RCD-Student-NV,depth+lidar+mmwave+wifi-csi,,protocol3,mse,0.002893529122239828,lower_better,,,yes,no,no,discussion,Parsed but not central to the main story.,high
E:\Deskbook\Tea\HPE\outputs\eval\student_nv_cross_scene_nonvisual_combinations.csv,csv,cross_scene,VK-RCD-Student-NV,depth+lidar+mmwave+wifi-csi,,protocol3,mpjpe,0.07896160903450765,lower_better,,,yes,no,no,discussion,Parsed but not central to the main story.,high
E:\Deskbook\Tea\HPE\outputs\eval\student_nv_cross_scene_nonvisual_combinations.csv,csv,cross_scene,VK-RCD-Student-NV,depth+lidar+mmwave+wifi-csi,,protocol3,pa_mpjpe,0.046384867787421506,lower_better,,,yes,no,no,discussion,Parsed but not central to the main story.,high
E:\Deskbook\Tea\HPE\outputs\eval\student_nv_cross_subject_nonvisual_combinations.csv,csv,cross_subject,VK-RCD-Student-NV,depth,,protocol3,mse,0.0014071494066422697,lower_better,,,yes,no,no,discussion,Parsed but not central to the main story.,high
E:\Deskbook\Tea\HPE\outputs\eval\student_nv_cross_subject_nonvisual_combinations.csv,csv,cross_subject,VK-RCD-Student-NV,depth,,protocol3,mpjpe,0.05268471122014729,lower_better,,,yes,no,no,discussion,Parsed but not central to the main story.,high
E:\Deskbook\Tea\HPE\outputs\eval\student_nv_cross_subject_nonvisual_combinations.csv,csv,cross_subject,VK-RCD-Student-NV,depth,,protocol3,pa_mpjpe,0.034479254943867624,lower_better,,,yes,no,no,discussion,Parsed but not central to the main story.,high
E:\Deskbook\Tea\HPE\outputs\eval\student_nv_cross_subject_nonvisual_combinations.csv,csv,cross_subject,VK-RCD-Student-NV,lidar,,protocol3,mse,0.009463506103400942,lower_better,,,yes,no,no,discussion,Parsed but not central to the main story.,high
E:\Deskbook\Tea\HPE\outputs\eval\student_nv_cross_subject_nonvisual_combinations.csv,csv,cross_subject,VK-RCD-Student-NV,lidar,,protocol3,mpjpe,0.13970943062304558,lower_better,,,yes,no,no,discussion,Parsed but not central to the main story.,high
E:\Deskbook\Tea\HPE\outputs\eval\student_nv_cross_subject_nonvisual_combinations.csv,csv,cross_subject,VK-RCD-Student-NV,lidar,,protocol3,pa_mpjpe,0.08790839095701891,lower_better,,,yes,no,no,discussion,Parsed but not central to the main story.,high
E:\Deskbook\Tea\HPE\outputs\eval\student_nv_cross_subject_nonvisual_combinations.csv,csv,cross_subject,VK-RCD-Student-NV,mmwave,,protocol3,mse,0.006371840446421368,lower_better,,,yes,no,no,discussion,Parsed but not central to the main story.,high
E:\Deskbook\Tea\HPE\outputs\eval\student_nv_cross_subject_nonvisual_combinations.csv,csv,cross_subject,VK-RCD-Student-NV,mmwave,,protocol3,mpjpe,0.11533097214908548,lower_better,,,yes,no,no,discussion,Parsed but not central to the main story.,high
E:\Deskbook\Tea\HPE\outputs\eval\student_nv_cross_subject_nonvisual_combinations.csv,csv,cross_subject,VK-RCD-Student-NV,mmwave,,protocol3,pa_mpjpe,0.056607362348249084,lower_better,,,yes,no,no,discussion,Parsed but not central to the main story.,high
E:\Deskbook\Tea\HPE\outputs\eval\student_nv_cross_subject_nonvisual_combinations.csv,csv,cross_subject,VK-RCD-Student-NV,wifi-csi,,protocol3,mse,0.024501072106856682,lower_better,,,yes,no,no,discussion,Parsed but not central to the main story.,high
E:\Deskbook\Tea\HPE\outputs\eval\student_nv_cross_subject_nonvisual_combinations.csv,csv,cross_subject,VK-RCD-Student-NV,wifi-csi,,protocol3,mpjpe,0.22831511522026218,lower_better,,,yes,no,no,discussion,Parsed but not central to the main story.,high
E:\Deskbook\Tea\HPE\outputs\eval\student_nv_cross_subject_nonvisual_combinations.csv,csv,cross_subject,VK-RCD-Student-NV,wifi-csi,,protocol3,pa_mpjpe,0.10877794840829638,lower_better,,,yes,no,no,discussion,Parsed but not central to the main story.,high
E:\Deskbook\Tea\HPE\outputs\eval\student_nv_cross_subject_nonvisual_combinations.csv,csv,cross_subject,VK-RCD-Student-NV,depth+lidar,,protocol3,mse,0.0014184203355366738,lower_better,,,yes,no,no,discussion,Parsed but not central to the main story.,high
E:\Deskbook\Tea\HPE\outputs\eval\student_nv_cross_subject_nonvisual_combinations.csv,csv,cross_subject,VK-RCD-Student-NV,depth+lidar,,protocol3,mpjpe,0.05304086730878302,lower_better,,,yes,no,no,discussion,Parsed but not central to the main story.,high
E:\Deskbook\Tea\HPE\outputs\eval\student_nv_cross_subject_nonvisual_combinations.csv,csv,cross_subject,VK-RCD-Student-NV,depth+lidar,,protocol3,pa_mpjpe,0.0345972061114398,lower_better,,,yes,no,no,discussion,Parsed but not central to the main story.,high
E:\Deskbook\Tea\HPE\outputs\eval\student_nv_cross_subject_nonvisual_combinations.csv,csv,cross_subject,VK-RCD-Student-NV,depth+mmwave,,protocol3,mse,0.0013540179231345782,lower_better,,,yes,no,no,discussion,Parsed but not central to the main story.,high
E:\Deskbook\Tea\HPE\outputs\eval\student_nv_cross_subject_nonvisual_combinations.csv,csv,cross_subject,VK-RCD-Student-NV,depth+mmwave,,protocol3,mpjpe,0.05215835308999637,lower_better,,,yes,no,no,discussion,Parsed but not central to the main story.,high
E:\Deskbook\Tea\HPE\outputs\eval\student_nv_cross_subject_nonvisual_combinations.csv,csv,cross_subject,VK-RCD-Student-NV,depth+mmwave,,protocol3,pa_mpjpe,0.034140569032585555,lower_better,,,yes,no,no,discussion,Parsed but not central to the main story.,high
E:\Deskbook\Tea\HPE\outputs\eval\student_nv_cross_subject_nonvisual_combinations.csv,csv,cross_subject,VK-RCD-Student-NV,depth+wifi-csi,,protocol3,mse,0.0014078463180926036,lower_better,,,yes,no,no,discussion,Parsed but not central to the main story.,high
E:\Deskbook\Tea\HPE\outputs\eval\student_nv_cross_subject_nonvisual_combinations.csv,csv,cross_subject,VK-RCD-Student-NV,depth+wifi-csi,,protocol3,mpjpe,0.05265292715899575,lower_better,,,yes,no,no,discussion,Parsed but not central to the main story.,high
E:\Deskbook\Tea\HPE\outputs\eval\student_nv_cross_subject_nonvisual_combinations.csv,csv,cross_subject,VK-RCD-Student-NV,depth+wifi-csi,,protocol3,pa_mpjpe,0.0344646723370579,lower_better,,,yes,no,no,discussion,Parsed but not central to the main story.,high
E:\Deskbook\Tea\HPE\outputs\eval\student_nv_cross_subject_nonvisual_combinations.csv,csv,cross_subject,VK-RCD-Student-NV,lidar+mmwave,,protocol3,mse,0.004842162980487953,lower_better,,,yes,no,no,discussion,Parsed but not central to the main story.,high
E:\Deskbook\Tea\HPE\outputs\eval\student_nv_cross_subject_nonvisual_combinations.csv,csv,cross_subject,VK-RCD-Student-NV,lidar+mmwave,,protocol3,mpjpe,0.10201842961283542,lower_better,,,yes,no,no,discussion,Parsed but not central to the main story.,high
E:\Deskbook\Tea\HPE\outputs\eval\student_nv_cross_subject_nonvisual_combinations.csv,csv,cross_subject,VK-RCD-Student-NV,lidar+mmwave,,protocol3,pa_mpjpe,0.0539501063230076,lower_better,,,yes,no,no,discussion,Parsed but not central to the main story.,high
E:\Deskbook\Tea\HPE\outputs\eval\student_nv_cross_subject_nonvisual_combinations.csv,csv,cross_subject,VK-RCD-Student-NV,lidar+wifi-csi,,protocol3,mse,0.009264139304942626,lower_better,,,yes,no,no,discussion,Parsed but not central to the main story.,high
E:\Deskbook\Tea\HPE\outputs\eval\student_nv_cross_subject_nonvisual_combinations.csv,csv,cross_subject,VK-RCD-Student-NV,lidar+wifi-csi,,protocol3,mpjpe,0.13771139997220097,lower_better,,,yes,no,no,discussion,Parsed but not central to the main story.,high
E:\Deskbook\Tea\HPE\outputs\eval\student_nv_cross_subject_nonvisual_combinations.csv,csv,cross_subject,VK-RCD-Student-NV,lidar+wifi-csi,,protocol3,pa_mpjpe,0.08773301389218446,lower_better,,,yes,no,no,discussion,Parsed but not central to the main story.,high
E:\Deskbook\Tea\HPE\outputs\eval\student_nv_cross_subject_nonvisual_combinations.csv,csv,cross_subject,VK-RCD-Student-NV,mmwave+wifi-csi,,protocol3,mse,0.006358491882795895,lower_better,,,yes,no,no,discussion,Parsed but not central to the main story.,high
E:\Deskbook\Tea\HPE\outputs\eval\student_nv_cross_subject_nonvisual_combinations.csv,csv,cross_subject,VK-RCD-Student-NV,mmwave+wifi-csi,,protocol3,mpjpe,0.1154756967346706,lower_better,,,yes,no,no,discussion,Parsed but not central to the main story.,high
E:\Deskbook\Tea\HPE\outputs\eval\student_nv_cross_subject_nonvisual_combinations.csv,csv,cross_subject,VK-RCD-Student-NV,mmwave+wifi-csi,,protocol3,pa_mpjpe,0.05689616940304278,lower_better,,,yes,no,no,discussion,Parsed but not central to the main story.,high
E:\Deskbook\Tea\HPE\outputs\eval\student_nv_cross_subject_nonvisual_combinations.csv,csv,cross_subject,VK-RCD-Student-NV,depth+lidar+mmwave,,protocol3,mse,0.0013692098871311413,lower_better,,,yes,no,no,discussion,Parsed but not central to the main story.,high
E:\Deskbook\Tea\HPE\outputs\eval\student_nv_cross_subject_nonvisual_combinations.csv,csv,cross_subject,VK-RCD-Student-NV,depth+lidar+mmwave,,protocol3,mpjpe,0.05253978604354426,lower_better,,,yes,no,no,discussion,Parsed but not central to the main story.,high
E:\Deskbook\Tea\HPE\outputs\eval\student_nv_cross_subject_nonvisual_combinations.csv,csv,cross_subject,VK-RCD-Student-NV,depth+lidar+mmwave,,protocol3,pa_mpjpe,0.03417652450510353,lower_better,,,yes,no,no,discussion,Parsed but not central to the main story.,high
E:\Deskbook\Tea\HPE\outputs\eval\student_nv_cross_subject_nonvisual_combinations.csv,csv,cross_subject,VK-RCD-Student-NV,depth+lidar+wifi-csi,,protocol3,mse,0.001410019081816583,lower_better,,,yes,no,no,discussion,Parsed but not central to the main story.,high
E:\Deskbook\Tea\HPE\outputs\eval\student_nv_cross_subject_nonvisual_combinations.csv,csv,cross_subject,VK-RCD-Student-NV,depth+lidar+wifi-csi,,protocol3,mpjpe,0.05281112725543462,lower_better,,,yes,no,no,discussion,Parsed but not central to the main story.,high
E:\Deskbook\Tea\HPE\outputs\eval\student_nv_cross_subject_nonvisual_combinations.csv,csv,cross_subject,VK-RCD-Student-NV,depth+lidar+wifi-csi,,protocol3,pa_mpjpe,0.03453449110347719,lower_better,,,yes,no,no,discussion,Parsed but not central to the main story.,high
E:\Deskbook\Tea\HPE\outputs\eval\student_nv_cross_subject_nonvisual_combinations.csv,csv,cross_subject,VK-RCD-Student-NV,depth+mmwave+wifi-csi,,protocol3,mse,0.0013554217958466762,lower_better,,,yes,no,no,discussion,Parsed but not central to the main story.,high
E:\Deskbook\Tea\HPE\outputs\eval\student_nv_cross_subject_nonvisual_combinations.csv,csv,cross_subject,VK-RCD-Student-NV,depth+mmwave+wifi-csi,,protocol3,mpjpe,0.05214787791559176,lower_better,,,yes,no,no,discussion,Parsed but not central to the main story.,high
E:\Deskbook\Tea\HPE\outputs\eval\student_nv_cross_subject_nonvisual_combinations.csv,csv,cross_subject,VK-RCD-Student-NV,depth+mmwave+wifi-csi,,protocol3,pa_mpjpe,0.03405863660547662,lower_better,,,yes,no,no,discussion,Parsed but not central to the main story.,high
E:\Deskbook\Tea\HPE\outputs\eval\student_nv_cross_subject_nonvisual_combinations.csv,csv,cross_subject,VK-RCD-Student-NV,lidar+mmwave+wifi-csi,,protocol3,mse,0.004852810220469209,lower_better,,,yes,no,no,discussion,Parsed but not central to the main story.,high
E:\Deskbook\Tea\HPE\outputs\eval\student_nv_cross_subject_nonvisual_combinations.csv,csv,cross_subject,VK-RCD-Student-NV,lidar+mmwave+wifi-csi,,protocol3,mpjpe,0.10205807120596505,lower_better,,,yes,no,no,discussion,Parsed but not central to the main story.,high
E:\Deskbook\Tea\HPE\outputs\eval\student_nv_cross_subject_nonvisual_combinations.csv,csv,cross_subject,VK-RCD-Student-NV,lidar+mmwave+wifi-csi,,protocol3,pa_mpjpe,0.05421005889818954,lower_better,,,yes,no,no,discussion,Parsed but not central to the main story.,high
E:\Deskbook\Tea\HPE\outputs\eval\student_nv_cross_subject_nonvisual_combinations.csv,csv,cross_subject,VK-RCD-Student-NV,depth+lidar+mmwave+wifi-csi,,protocol3,mse,0.0013670237366722607,lower_better,,,yes,no,no,discussion,Parsed but not central to the main story.,high
E:\Deskbook\Tea\HPE\outputs\eval\student_nv_cross_subject_nonvisual_combinations.csv,csv,cross_subject,VK-RCD-Student-NV,depth+lidar+mmwave+wifi-csi,,protocol3,mpjpe,0.05245425875880189,lower_better,,,yes,no,no,discussion,Parsed but not central to the main story.,high
E:\Deskbook\Tea\HPE\outputs\eval\student_nv_cross_subject_nonvisual_combinations.csv,csv,cross_subject,VK-RCD-Student-NV,depth+lidar+mmwave+wifi-csi,,protocol3,pa_mpjpe,0.03412716665116878,lower_better,,,yes,no,no,discussion,Parsed but not central to the main story.,high
E:\Deskbook\Tea\HPE\outputs\eval\student_nv_missing_modality_summary.csv,csv,student_vk_nv,VK-RCD-Student-NV,,0,protocol3,mse,0.001493007220596543,lower_better,,,yes,no,no,main_table,"Directly supports VK replacement, FSG, missing-modality robustness, or baseline comparison.",high
E:\Deskbook\Tea\HPE\outputs\eval\student_nv_missing_modality_summary.csv,csv,student_vk_nv,VK-RCD-Student-NV,,0,protocol3,mpjpe,0.05103153257903345,lower_better,,,yes,no,no,main_table,"Directly supports VK replacement, FSG, missing-modality robustness, or baseline comparison.",high
E:\Deskbook\Tea\HPE\outputs\eval\student_nv_missing_modality_summary.csv,csv,student_vk_nv,VK-RCD-Student-NV,,0,protocol3,pa_mpjpe,0.03569267863830602,lower_better,,,yes,no,no,main_table,"Directly supports VK replacement, FSG, missing-modality robustness, or baseline comparison.",high
E:\Deskbook\Tea\HPE\outputs\eval\student_nv_missing_modality_summary.csv,csv,student_vk_nv,VK-RCD-Student-NV,,1,protocol3,mse,0.0021953203327400076,lower_better,,,yes,no,no,main_table,"Directly supports VK replacement, FSG, missing-modality robustness, or baseline comparison.",high
E:\Deskbook\Tea\HPE\outputs\eval\student_nv_missing_modality_summary.csv,csv,student_vk_nv,VK-RCD-Student-NV,,1,protocol3,mpjpe,0.06134513262788226,lower_better,,,yes,no,no,main_table,"Directly supports VK replacement, FSG, missing-modality robustness, or baseline comparison.",high
E:\Deskbook\Tea\HPE\outputs\eval\student_nv_missing_modality_summary.csv,csv,student_vk_nv,VK-RCD-Student-NV,,1,protocol3,pa_mpjpe,0.0405047253620831,lower_better,,,yes,no,no,main_table,"Directly supports VK replacement, FSG, missing-modality robustness, or baseline comparison.",high
E:\Deskbook\Tea\HPE\outputs\eval\student_nv_missing_modality_summary.csv,csv,student_vk_nv,VK-RCD-Student-NV,,2,protocol3,mse,0.00379866258176832,lower_better,,,yes,no,no,main_table,"Directly supports VK replacement, FSG, missing-modality robustness, or baseline comparison.",high
E:\Deskbook\Tea\HPE\outputs\eval\student_nv_missing_modality_summary.csv,csv,student_vk_nv,VK-RCD-Student-NV,,2,protocol3,mpjpe,0.07939262621604272,lower_better,,,yes,no,no,main_table,"Directly supports VK replacement, FSG, missing-modality robustness, or baseline comparison.",high
E:\Deskbook\Tea\HPE\outputs\eval\student_nv_missing_modality_summary.csv,csv,student_vk_nv,VK-RCD-Student-NV,,2,protocol3,pa_mpjpe,0.050668039485817364,lower_better,,,yes,no,no,main_table,"Directly supports VK replacement, FSG, missing-modality robustness, or baseline comparison.",high
E:\Deskbook\Tea\HPE\outputs\eval\student_nv_missing_modality_summary.csv,csv,student_vk_nv,VK-RCD-Student-NV,,3,protocol3,mse,0.00962828117192288,lower_better,,,yes,no,no,main_table,"Directly supports VK replacement, FSG, missing-modality robustness, or baseline comparison.",high
E:\Deskbook\Tea\HPE\outputs\eval\student_nv_missing_modality_summary.csv,csv,student_vk_nv,VK-RCD-Student-NV,,3,protocol3,mpjpe,0.1243316193253744,lower_better,,,yes,no,no,main_table,"Directly supports VK replacement, FSG, missing-modality robustness, or baseline comparison.",high
E:\Deskbook\Tea\HPE\outputs\eval\student_nv_missing_modality_summary.csv,csv,student_vk_nv,VK-RCD-Student-NV,,3,protocol3,pa_mpjpe,0.07125028527376309,lower_better,,,yes,no,no,main_table,"Directly supports VK replacement, FSG, missing-modality robustness, or baseline comparison.",high
E:\Deskbook\Tea\HPE\outputs\eval\student_nv_model_complexity.csv,csv,student_vk_nv,VK-RMD Student-NV,,,,,,,,,yes,no,no,main_table,CSV parsed but no recognized metric column was found.,high
E:\Deskbook\Tea\HPE\outputs\eval\student_nv_nonvisual_combinations.csv,csv,student_vk_nv,VK-RCD-Student-NV,depth,,protocol3,mse,0.0015769694485292345,lower_better,,,yes,no,no,main_table,"Directly supports VK replacement, FSG, missing-modality robustness, or baseline comparison.",high
E:\Deskbook\Tea\HPE\outputs\eval\student_nv_nonvisual_combinations.csv,csv,student_vk_nv,VK-RCD-Student-NV,depth,,protocol3,mpjpe,0.05233840916079541,lower_better,,,yes,no,no,main_table,"Directly supports VK replacement, FSG, missing-modality robustness, or baseline comparison.",high
E:\Deskbook\Tea\HPE\outputs\eval\student_nv_nonvisual_combinations.csv,csv,student_vk_nv,VK-RCD-Student-NV,depth,,protocol3,pa_mpjpe,0.03643593990535916,lower_better,,,yes,no,no,main_table,"Directly supports VK replacement, FSG, missing-modality robustness, or baseline comparison.",high
E:\Deskbook\Tea\HPE\outputs\eval\student_nv_nonvisual_combinations.csv,csv,student_vk_nv,VK-RCD-Student-NV,lidar,,protocol3,mse,0.008178093374295323,lower_better,,,yes,no,no,main_table,"Directly supports VK replacement, FSG, missing-modality robustness, or baseline comparison.",high
E:\Deskbook\Tea\HPE\outputs\eval\student_nv_nonvisual_combinations.csv,csv,student_vk_nv,VK-RCD-Student-NV,lidar,,protocol3,mpjpe,0.12313303834635475,lower_better,,,yes,no,no,main_table,"Directly supports VK replacement, FSG, missing-modality robustness, or baseline comparison.",high
E:\Deskbook\Tea\HPE\outputs\eval\student_nv_nonvisual_combinations.csv,csv,student_vk_nv,VK-RCD-Student-NV,lidar,,protocol3,pa_mpjpe,0.08423896993508777,lower_better,,,yes,no,no,main_table,"Directly supports VK replacement, FSG, missing-modality robustness, or baseline comparison.",high
E:\Deskbook\Tea\HPE\outputs\eval\student_nv_nonvisual_combinations.csv,csv,student_vk_nv,VK-RCD-Student-NV,mmwave,,protocol3,mse,0.0059594507859052365,lower_better,,,yes,no,no,main_table,"Directly supports VK replacement, FSG, missing-modality robustness, or baseline comparison.",high
E:\Deskbook\Tea\HPE\outputs\eval\student_nv_nonvisual_combinations.csv,csv,student_vk_nv,VK-RCD-Student-NV,mmwave,,protocol3,mpjpe,0.10944003459428044,lower_better,,,yes,no,no,main_table,"Directly supports VK replacement, FSG, missing-modality robustness, or baseline comparison.",high
E:\Deskbook\Tea\HPE\outputs\eval\student_nv_nonvisual_combinations.csv,csv,student_vk_nv,VK-RCD-Student-NV,mmwave,,protocol3,pa_mpjpe,0.05749314794599378,lower_better,,,yes,no,no,main_table,"Directly supports VK replacement, FSG, missing-modality robustness, or baseline comparison.",high
E:\Deskbook\Tea\HPE\outputs\eval\student_nv_nonvisual_combinations.csv,csv,student_vk_nv,VK-RCD-Student-NV,wifi-csi,,protocol3,mse,0.022805664753503024,lower_better,,,yes,no,no,main_table,"Directly supports VK replacement, FSG, missing-modality robustness, or baseline comparison.",high
E:\Deskbook\Tea\HPE\outputs\eval\student_nv_nonvisual_combinations.csv,csv,student_vk_nv,VK-RCD-Student-NV,wifi-csi,,protocol3,mpjpe,0.21239987569477273,lower_better,,,yes,no,no,main_table,"Directly supports VK replacement, FSG, missing-modality robustness, or baseline comparison.",high
E:\Deskbook\Tea\HPE\outputs\eval\student_nv_nonvisual_combinations.csv,csv,student_vk_nv,VK-RCD-Student-NV,wifi-csi,,protocol3,pa_mpjpe,0.10687426644818901,lower_better,,,yes,no,no,main_table,"Directly supports VK replacement, FSG, missing-modality robustness, or baseline comparison.",high
E:\Deskbook\Tea\HPE\outputs\eval\student_nv_nonvisual_combinations.csv,csv,student_vk_nv,VK-RCD-Student-NV,depth+lidar,,protocol3,mse,0.0015629878428419185,lower_better,,,yes,no,no,main_table,"Directly supports VK replacement, FSG, missing-modality robustness, or baseline comparison.",high
E:\Deskbook\Tea\HPE\outputs\eval\student_nv_nonvisual_combinations.csv,csv,student_vk_nv,VK-RCD-Student-NV,depth+lidar,,protocol3,mpjpe,0.052025204956669034,lower_better,,,yes,no,no,main_table,"Directly supports VK replacement, FSG, missing-modality robustness, or baseline comparison.",high
E:\Deskbook\Tea\HPE\outputs\eval\student_nv_nonvisual_combinations.csv,csv,student_vk_nv,VK-RCD-Student-NV,depth+lidar,,protocol3,pa_mpjpe,0.03639548363268593,lower_better,,,yes,no,no,main_table,"Directly supports VK replacement, FSG, missing-modality robustness, or baseline comparison.",high
E:\Deskbook\Tea\HPE\outputs\eval\student_nv_nonvisual_combinations.csv,csv,student_vk_nv,VK-RCD-Student-NV,depth+mmwave,,protocol3,mse,0.0014973777692851463,lower_better,,,yes,no,no,main_table,"Directly supports VK replacement, FSG, missing-modality robustness, or baseline comparison.",high
E:\Deskbook\Tea\HPE\outputs\eval\student_nv_nonvisual_combinations.csv,csv,student_vk_nv,VK-RCD-Student-NV,depth+mmwave,,protocol3,mpjpe,0.051241677738972355,lower_better,,,yes,no,no,main_table,"Directly supports VK replacement, FSG, missing-modality robustness, or baseline comparison.",high
E:\Deskbook\Tea\HPE\outputs\eval\student_nv_nonvisual_combinations.csv,csv,student_vk_nv,VK-RCD-Student-NV,depth+mmwave,,protocol3,pa_mpjpe,0.035864017853431164,lower_better,,,yes,no,no,main_table,"Directly supports VK replacement, FSG, missing-modality robustness, or baseline comparison.",high
E:\Deskbook\Tea\HPE\outputs\eval\student_nv_nonvisual_combinations.csv,csv,student_vk_nv,VK-RCD-Student-NV,depth+wifi-csi,,protocol3,mse,0.0015846034547527803,lower_better,,,yes,no,no,main_table,"Directly supports VK replacement, FSG, missing-modality robustness, or baseline comparison.",high
E:\Deskbook\Tea\HPE\outputs\eval\student_nv_nonvisual_combinations.csv,csv,student_vk_nv,VK-RCD-Student-NV,depth+wifi-csi,,protocol3,mpjpe,0.052460672709431666,lower_better,,,yes,no,no,main_table,"Directly supports VK replacement, FSG, missing-modality robustness, or baseline comparison.",high
E:\Deskbook\Tea\HPE\outputs\eval\student_nv_nonvisual_combinations.csv,csv,student_vk_nv,VK-RCD-Student-NV,depth+wifi-csi,,protocol3,pa_mpjpe,0.03636073229010552,lower_better,,,yes,no,no,main_table,"Directly supports VK replacement, FSG, missing-modality robustness, or baseline comparison.",high
E:\Deskbook\Tea\HPE\outputs\eval\student_nv_nonvisual_combinations.csv,csv,student_vk_nv,VK-RCD-Student-NV,lidar+mmwave,,protocol3,mse,0.004198436100975591,lower_better,,,yes,no,no,main_table,"Directly supports VK replacement, FSG, missing-modality robustness, or baseline comparison.",high
E:\Deskbook\Tea\HPE\outputs\eval\student_nv_nonvisual_combinations.csv,csv,student_vk_nv,VK-RCD-Student-NV,lidar+mmwave,,protocol3,mpjpe,0.09116814132955904,lower_better,,,yes,no,no,main_table,"Directly supports VK replacement, FSG, missing-modality robustness, or baseline comparison.",high
E:\Deskbook\Tea\HPE\outputs\eval\student_nv_nonvisual_combinations.csv,csv,student_vk_nv,VK-RCD-Student-NV,lidar+mmwave,,protocol3,pa_mpjpe,0.05409314305653729,lower_better,,,yes,no,no,main_table,"Directly supports VK replacement, FSG, missing-modality robustness, or baseline comparison.",high
E:\Deskbook\Tea\HPE\outputs\eval\student_nv_nonvisual_combinations.csv,csv,student_vk_nv,VK-RCD-Student-NV,lidar+wifi-csi,,protocol3,mse,0.008258430521988882,lower_better,,,yes,no,no,main_table,"Directly supports VK replacement, FSG, missing-modality robustness, or baseline comparison.",high
E:\Deskbook\Tea\HPE\outputs\eval\student_nv_nonvisual_combinations.csv,csv,student_vk_nv,VK-RCD-Student-NV,lidar+wifi-csi,,protocol3,mpjpe,0.12361228573811382,lower_better,,,yes,no,no,main_table,"Directly supports VK replacement, FSG, missing-modality robustness, or baseline comparison.",high
E:\Deskbook\Tea\HPE\outputs\eval\student_nv_nonvisual_combinations.csv,csv,student_vk_nv,VK-RCD-Student-NV,lidar+wifi-csi,,protocol3,pa_mpjpe,0.0840167876805687,lower_better,,,yes,no,no,main_table,"Directly supports VK replacement, FSG, missing-modality robustness, or baseline comparison.",high
E:\Deskbook\Tea\HPE\outputs\eval\student_nv_nonvisual_combinations.csv,csv,student_vk_nv,VK-RCD-Student-NV,mmwave+wifi-csi,,protocol3,mse,0.0057135661000989576,lower_better,,,yes,no,no,main_table,"Directly supports VK replacement, FSG, missing-modality robustness, or baseline comparison.",high
E:\Deskbook\Tea\HPE\outputs\eval\student_nv_nonvisual_combinations.csv,csv,student_vk_nv,VK-RCD-Student-NV,mmwave+wifi-csi,,protocol3,mpjpe,0.10605787357712851,lower_better,,,yes,no,no,main_table,"Directly supports VK replacement, FSG, missing-modality robustness, or baseline comparison.",high
E:\Deskbook\Tea\HPE\outputs\eval\student_nv_nonvisual_combinations.csv,csv,student_vk_nv,VK-RCD-Student-NV,mmwave+wifi-csi,,protocol3,pa_mpjpe,0.057441511388113715,lower_better,,,yes,no,no,main_table,"Directly supports VK replacement, FSG, missing-modality robustness, or baseline comparison.",high
E:\Deskbook\Tea\HPE\outputs\eval\student_nv_nonvisual_combinations.csv,csv,student_vk_nv,VK-RCD-Student-NV,depth+lidar+mmwave,,protocol3,mse,0.0014931094655068504,lower_better,,,yes,no,no,main_table,"Directly supports VK replacement, FSG, missing-modality robustness, or baseline comparison.",high
E:\Deskbook\Tea\HPE\outputs\eval\student_nv_nonvisual_combinations.csv,csv,student_vk_nv,VK-RCD-Student-NV,depth+lidar+mmwave,,protocol3,mpjpe,0.05111496808028961,lower_better,,,yes,no,no,main_table,"Directly supports VK replacement, FSG, missing-modality robustness, or baseline comparison.",high
E:\Deskbook\Tea\HPE\outputs\eval\student_nv_nonvisual_combinations.csv,csv,student_vk_nv,VK-RCD-Student-NV,depth+lidar+mmwave,,protocol3,pa_mpjpe,0.03574604819790489,lower_better,,,yes,no,no,main_table,"Directly supports VK replacement, FSG, missing-modality robustness, or baseline comparison.",high
E:\Deskbook\Tea\HPE\outputs\eval\student_nv_nonvisual_combinations.csv,csv,student_vk_nv,VK-RCD-Student-NV,depth+lidar+wifi-csi,,protocol3,mse,0.001566482594941466,lower_better,,,yes,no,no,main_table,"Directly supports VK replacement, FSG, missing-modality robustness, or baseline comparison.",high
E:\Deskbook\Tea\HPE\outputs\eval\student_nv_nonvisual_combinations.csv,csv,student_vk_nv,VK-RCD-Student-NV,depth+lidar+wifi-csi,,protocol3,mpjpe,0.05203095859018611,lower_better,,,yes,no,no,main_table,"Directly supports VK replacement, FSG, missing-modality robustness, or baseline comparison.",high
E:\Deskbook\Tea\HPE\outputs\eval\student_nv_nonvisual_combinations.csv,csv,student_vk_nv,VK-RCD-Student-NV,depth+lidar+wifi-csi,,protocol3,pa_mpjpe,0.036367888002949905,lower_better,,,yes,no,no,main_table,"Directly supports VK replacement, FSG, missing-modality robustness, or baseline comparison.",high
E:\Deskbook\Tea\HPE\outputs\eval\student_nv_nonvisual_combinations.csv,csv,student_vk_nv,VK-RCD-Student-NV,depth+mmwave+wifi-csi,,protocol3,mse,0.0014991176286945438,lower_better,,,yes,no,no,main_table,"Directly supports VK replacement, FSG, missing-modality robustness, or baseline comparison.",high
E:\Deskbook\Tea\HPE\outputs\eval\student_nv_nonvisual_combinations.csv,csv,student_vk_nv,VK-RCD-Student-NV,depth+mmwave+wifi-csi,,protocol3,mpjpe,0.05121848272436805,lower_better,,,yes,no,no,main_table,"Directly supports VK replacement, FSG, missing-modality robustness, or baseline comparison.",high
E:\Deskbook\Tea\HPE\outputs\eval\student_nv_nonvisual_combinations.csv,csv,student_vk_nv,VK-RCD-Student-NV,depth+mmwave+wifi-csi,,protocol3,pa_mpjpe,0.03576724588257693,lower_better,,,yes,no,no,main_table,"Directly supports VK replacement, FSG, missing-modality robustness, or baseline comparison.",high
E:\Deskbook\Tea\HPE\outputs\eval\student_nv_nonvisual_combinations.csv,csv,student_vk_nv,VK-RCD-Student-NV,lidar+mmwave+wifi-csi,,protocol3,mse,0.0042275326732658285,lower_better,,,yes,no,no,main_table,"Directly supports VK replacement, FSG, missing-modality robustness, or baseline comparison.",high
E:\Deskbook\Tea\HPE\outputs\eval\student_nv_nonvisual_combinations.csv,csv,student_vk_nv,VK-RCD-Student-NV,lidar+mmwave+wifi-csi,,protocol3,mpjpe,0.09108190548057225,lower_better,,,yes,no,no,main_table,"Directly supports VK replacement, FSG, missing-modality robustness, or baseline comparison.",high
E:\Deskbook\Tea\HPE\outputs\eval\student_nv_nonvisual_combinations.csv,csv,student_vk_nv,VK-RCD-Student-NV,lidar+mmwave+wifi-csi,,protocol3,pa_mpjpe,0.054173526199830284,lower_better,,,yes,no,no,main_table,"Directly supports VK replacement, FSG, missing-modality robustness, or baseline comparison.",high
E:\Deskbook\Tea\HPE\outputs\eval\student_nv_nonvisual_combinations.csv,csv,student_vk_nv,VK-RCD-Student-NV,depth+lidar+mmwave+wifi-csi,,protocol3,mse,0.001492681129154417,lower_better,,,yes,no,no,main_table,"Directly supports VK replacement, FSG, missing-modality robustness, or baseline comparison.",high
E:\Deskbook\Tea\HPE\outputs\eval\student_nv_nonvisual_combinations.csv,csv,student_vk_nv,VK-RCD-Student-NV,depth+lidar+mmwave+wifi-csi,,protocol3,mpjpe,0.05102764831258704,lower_better,,,yes,no,no,main_table,"Directly supports VK replacement, FSG, missing-modality robustness, or baseline comparison.",high
E:\Deskbook\Tea\HPE\outputs\eval\student_nv_nonvisual_combinations.csv,csv,student_vk_nv,VK-RCD-Student-NV,depth+lidar+mmwave+wifi-csi,,protocol3,pa_mpjpe,0.035692314485769275,lower_better,,,yes,no,no,main_table,"Directly supports VK replacement, FSG, missing-modality robustness, or baseline comparison.",high
E:\Deskbook\Tea\HPE\outputs\eval\student_nv_random_nonvisual_combinations.csv,csv,student_vk_nv,VK-RCD-Student-NV,depth,,protocol3,mse,0.0015769694485292345,lower_better,,,yes,no,no,main_table,"Directly supports VK replacement, FSG, missing-modality robustness, or baseline comparison.",high
E:\Deskbook\Tea\HPE\outputs\eval\student_nv_random_nonvisual_combinations.csv,csv,student_vk_nv,VK-RCD-Student-NV,depth,,protocol3,mpjpe,0.05233840916079541,lower_better,,,yes,no,no,main_table,"Directly supports VK replacement, FSG, missing-modality robustness, or baseline comparison.",high
E:\Deskbook\Tea\HPE\outputs\eval\student_nv_random_nonvisual_combinations.csv,csv,student_vk_nv,VK-RCD-Student-NV,depth,,protocol3,pa_mpjpe,0.03643593990535916,lower_better,,,yes,no,no,main_table,"Directly supports VK replacement, FSG, missing-modality robustness, or baseline comparison.",high
E:\Deskbook\Tea\HPE\outputs\eval\student_nv_random_nonvisual_combinations.csv,csv,student_vk_nv,VK-RCD-Student-NV,lidar,,protocol3,mse,0.008170453589315516,lower_better,,,yes,no,no,main_table,"Directly supports VK replacement, FSG, missing-modality robustness, or baseline comparison.",high
E:\Deskbook\Tea\HPE\outputs\eval\student_nv_random_nonvisual_combinations.csv,csv,student_vk_nv,VK-RCD-Student-NV,lidar,,protocol3,mpjpe,0.12309570915180336,lower_better,,,yes,no,no,main_table,"Directly supports VK replacement, FSG, missing-modality robustness, or baseline comparison.",high
E:\Deskbook\Tea\HPE\outputs\eval\student_nv_random_nonvisual_combinations.csv,csv,student_vk_nv,VK-RCD-Student-NV,lidar,,protocol3,pa_mpjpe,0.08416188059174298,lower_better,,,yes,no,no,main_table,"Directly supports VK replacement, FSG, missing-modality robustness, or baseline comparison.",high
E:\Deskbook\Tea\HPE\outputs\eval\student_nv_random_nonvisual_combinations.csv,csv,student_vk_nv,VK-RCD-Student-NV,mmwave,,protocol3,mse,0.0059594507859052365,lower_better,,,yes,no,no,main_table,"Directly supports VK replacement, FSG, missing-modality robustness, or baseline comparison.",high
E:\Deskbook\Tea\HPE\outputs\eval\student_nv_random_nonvisual_combinations.csv,csv,student_vk_nv,VK-RCD-Student-NV,mmwave,,protocol3,mpjpe,0.10944003459428044,lower_better,,,yes,no,no,main_table,"Directly supports VK replacement, FSG, missing-modality robustness, or baseline comparison.",high
E:\Deskbook\Tea\HPE\outputs\eval\student_nv_random_nonvisual_combinations.csv,csv,student_vk_nv,VK-RCD-Student-NV,mmwave,,protocol3,pa_mpjpe,0.05749314794599378,lower_better,,,yes,no,no,main_table,"Directly supports VK replacement, FSG, missing-modality robustness, or baseline comparison.",high
E:\Deskbook\Tea\HPE\outputs\eval\student_nv_random_nonvisual_combinations.csv,csv,student_vk_nv,VK-RCD-Student-NV,wifi-csi,,protocol3,mse,0.022805664753503024,lower_better,,,yes,no,no,main_table,"Directly supports VK replacement, FSG, missing-modality robustness, or baseline comparison.",high
E:\Deskbook\Tea\HPE\outputs\eval\student_nv_random_nonvisual_combinations.csv,csv,student_vk_nv,VK-RCD-Student-NV,wifi-csi,,protocol3,mpjpe,0.21239987569477273,lower_better,,,yes,no,no,main_table,"Directly supports VK replacement, FSG, missing-modality robustness, or baseline comparison.",high
E:\Deskbook\Tea\HPE\outputs\eval\student_nv_random_nonvisual_combinations.csv,csv,student_vk_nv,VK-RCD-Student-NV,wifi-csi,,protocol3,pa_mpjpe,0.10687426644818901,lower_better,,,yes,no,no,main_table,"Directly supports VK replacement, FSG, missing-modality robustness, or baseline comparison.",high
E:\Deskbook\Tea\HPE\outputs\eval\student_nv_random_nonvisual_combinations.csv,csv,student_vk_nv,VK-RCD-Student-NV,depth+lidar,,protocol3,mse,0.0015633939071351397,lower_better,,,yes,no,no,main_table,"Directly supports VK replacement, FSG, missing-modality robustness, or baseline comparison.",high
E:\Deskbook\Tea\HPE\outputs\eval\student_nv_random_nonvisual_combinations.csv,csv,student_vk_nv,VK-RCD-Student-NV,depth+lidar,,protocol3,mpjpe,0.05203308842166625,lower_better,,,yes,no,no,main_table,"Directly supports VK replacement, FSG, missing-modality robustness, or baseline comparison.",high
E:\Deskbook\Tea\HPE\outputs\eval\student_nv_random_nonvisual_combinations.csv,csv,student_vk_nv,VK-RCD-Student-NV,depth+lidar,,protocol3,pa_mpjpe,0.036391943342304875,lower_better,,,yes,no,no,main_table,"Directly supports VK replacement, FSG, missing-modality robustness, or baseline comparison.",high
E:\Deskbook\Tea\HPE\outputs\eval\student_nv_random_nonvisual_combinations.csv,csv,student_vk_nv,VK-RCD-Student-NV,depth+mmwave,,protocol3,mse,0.0014973777692851463,lower_better,,,yes,no,no,main_table,"Directly supports VK replacement, FSG, missing-modality robustness, or baseline comparison.",high
E:\Deskbook\Tea\HPE\outputs\eval\student_nv_random_nonvisual_combinations.csv,csv,student_vk_nv,VK-RCD-Student-NV,depth+mmwave,,protocol3,mpjpe,0.051241677738972355,lower_better,,,yes,no,no,main_table,"Directly supports VK replacement, FSG, missing-modality robustness, or baseline comparison.",high
E:\Deskbook\Tea\HPE\outputs\eval\student_nv_random_nonvisual_combinations.csv,csv,student_vk_nv,VK-RCD-Student-NV,depth+mmwave,,protocol3,pa_mpjpe,0.035864017853431164,lower_better,,,yes,no,no,main_table,"Directly supports VK replacement, FSG, missing-modality robustness, or baseline comparison.",high
E:\Deskbook\Tea\HPE\outputs\eval\student_nv_random_nonvisual_combinations.csv,csv,student_vk_nv,VK-RCD-Student-NV,depth+wifi-csi,,protocol3,mse,0.0015846034547527803,lower_better,,,yes,no,no,main_table,"Directly supports VK replacement, FSG, missing-modality robustness, or baseline comparison.",high
E:\Deskbook\Tea\HPE\outputs\eval\student_nv_random_nonvisual_combinations.csv,csv,student_vk_nv,VK-RCD-Student-NV,depth+wifi-csi,,protocol3,mpjpe,0.052460672709431666,lower_better,,,yes,no,no,main_table,"Directly supports VK replacement, FSG, missing-modality robustness, or baseline comparison.",high
E:\Deskbook\Tea\HPE\outputs\eval\student_nv_random_nonvisual_combinations.csv,csv,student_vk_nv,VK-RCD-Student-NV,depth+wifi-csi,,protocol3,pa_mpjpe,0.03636073229010552,lower_better,,,yes,no,no,main_table,"Directly supports VK replacement, FSG, missing-modality robustness, or baseline comparison.",high
E:\Deskbook\Tea\HPE\outputs\eval\student_nv_random_nonvisual_combinations.csv,csv,student_vk_nv,VK-RCD-Student-NV,lidar+mmwave,,protocol3,mse,0.004189719342102145,lower_better,,,yes,no,no,main_table,"Directly supports VK replacement, FSG, missing-modality robustness, or baseline comparison.",high
E:\Deskbook\Tea\HPE\outputs\eval\student_nv_random_nonvisual_combinations.csv,csv,student_vk_nv,VK-RCD-Student-NV,lidar+mmwave,,protocol3,mpjpe,0.0911262993344138,lower_better,,,yes,no,no,main_table,"Directly supports VK replacement, FSG, missing-modality robustness, or baseline comparison.",high
E:\Deskbook\Tea\HPE\outputs\eval\student_nv_random_nonvisual_combinations.csv,csv,student_vk_nv,VK-RCD-Student-NV,lidar+mmwave,,protocol3,pa_mpjpe,0.0540770204847694,lower_better,,,yes,no,no,main_table,"Directly supports VK replacement, FSG, missing-modality robustness, or baseline comparison.",high
E:\Deskbook\Tea\HPE\outputs\eval\student_nv_random_nonvisual_combinations.csv,csv,student_vk_nv,VK-RCD-Student-NV,lidar+wifi-csi,,protocol3,mse,0.008261432133591557,lower_better,,,yes,no,no,main_table,"Directly supports VK replacement, FSG, missing-modality robustness, or baseline comparison.",high
E:\Deskbook\Tea\HPE\outputs\eval\student_nv_random_nonvisual_combinations.csv,csv,student_vk_nv,VK-RCD-Student-NV,lidar+wifi-csi,,protocol3,mpjpe,0.1236509242409675,lower_better,,,yes,no,no,main_table,"Directly supports VK replacement, FSG, missing-modality robustness, or baseline comparison.",high
E:\Deskbook\Tea\HPE\outputs\eval\student_nv_random_nonvisual_combinations.csv,csv,student_vk_nv,VK-RCD-Student-NV,lidar+wifi-csi,,protocol3,pa_mpjpe,0.08402270588191085,lower_better,,,yes,no,no,main_table,"Directly supports VK replacement, FSG, missing-modality robustness, or baseline comparison.",high
E:\Deskbook\Tea\HPE\outputs\eval\student_nv_random_nonvisual_combinations.csv,csv,student_vk_nv,VK-RCD-Student-NV,mmwave+wifi-csi,,protocol3,mse,0.0057135661000989576,lower_better,,,yes,no,no,main_table,"Directly supports VK replacement, FSG, missing-modality robustness, or baseline comparison.",high
E:\Deskbook\Tea\HPE\outputs\eval\student_nv_random_nonvisual_combinations.csv,csv,student_vk_nv,VK-RCD-Student-NV,mmwave+wifi-csi,,protocol3,mpjpe,0.10605787357712851,lower_better,,,yes,no,no,main_table,"Directly supports VK replacement, FSG, missing-modality robustness, or baseline comparison.",high
E:\Deskbook\Tea\HPE\outputs\eval\student_nv_random_nonvisual_combinations.csv,csv,student_vk_nv,VK-RCD-Student-NV,mmwave+wifi-csi,,protocol3,pa_mpjpe,0.057441511388113715,lower_better,,,yes,no,no,main_table,"Directly supports VK replacement, FSG, missing-modality robustness, or baseline comparison.",high
E:\Deskbook\Tea\HPE\outputs\eval\student_nv_random_nonvisual_combinations.csv,csv,student_vk_nv,VK-RCD-Student-NV,depth+lidar+mmwave,,protocol3,mse,0.0014929005574170024,lower_better,,,yes,no,no,main_table,"Directly supports VK replacement, FSG, missing-modality robustness, or baseline comparison.",high
E:\Deskbook\Tea\HPE\outputs\eval\student_nv_random_nonvisual_combinations.csv,csv,student_vk_nv,VK-RCD-Student-NV,depth+lidar+mmwave,,protocol3,mpjpe,0.05110796079019133,lower_better,,,yes,no,no,main_table,"Directly supports VK replacement, FSG, missing-modality robustness, or baseline comparison.",high
E:\Deskbook\Tea\HPE\outputs\eval\student_nv_random_nonvisual_combinations.csv,csv,student_vk_nv,VK-RCD-Student-NV,depth+lidar+mmwave,,protocol3,pa_mpjpe,0.035747339658269886,lower_better,,,yes,no,no,main_table,"Directly supports VK replacement, FSG, missing-modality robustness, or baseline comparison.",high
E:\Deskbook\Tea\HPE\outputs\eval\student_nv_random_nonvisual_combinations.csv,csv,student_vk_nv,VK-RCD-Student-NV,depth+lidar+wifi-csi,,protocol3,mse,0.0015663225683444908,lower_better,,,yes,no,no,main_table,"Directly supports VK replacement, FSG, missing-modality robustness, or baseline comparison.",high
E:\Deskbook\Tea\HPE\outputs\eval\student_nv_random_nonvisual_combinations.csv,csv,student_vk_nv,VK-RCD-Student-NV,depth+lidar+wifi-csi,,protocol3,mpjpe,0.05202253688392065,lower_better,,,yes,no,no,main_table,"Directly supports VK replacement, FSG, missing-modality robustness, or baseline comparison.",high
E:\Deskbook\Tea\HPE\outputs\eval\student_nv_random_nonvisual_combinations.csv,csv,student_vk_nv,VK-RCD-Student-NV,depth+lidar+wifi-csi,,protocol3,pa_mpjpe,0.03636635763493156,lower_better,,,yes,no,no,main_table,"Directly supports VK replacement, FSG, missing-modality robustness, or baseline comparison.",high
E:\Deskbook\Tea\HPE\outputs\eval\student_nv_random_nonvisual_combinations.csv,csv,student_vk_nv,VK-RCD-Student-NV,depth+mmwave+wifi-csi,,protocol3,mse,0.0014991176286945438,lower_better,,,yes,no,no,main_table,"Directly supports VK replacement, FSG, missing-modality robustness, or baseline comparison.",high
E:\Deskbook\Tea\HPE\outputs\eval\student_nv_random_nonvisual_combinations.csv,csv,student_vk_nv,VK-RCD-Student-NV,depth+mmwave+wifi-csi,,protocol3,mpjpe,0.05121848272436805,lower_better,,,yes,no,no,main_table,"Directly supports VK replacement, FSG, missing-modality robustness, or baseline comparison.",high
E:\Deskbook\Tea\HPE\outputs\eval\student_nv_random_nonvisual_combinations.csv,csv,student_vk_nv,VK-RCD-Student-NV,depth+mmwave+wifi-csi,,protocol3,pa_mpjpe,0.03576724588257693,lower_better,,,yes,no,no,main_table,"Directly supports VK replacement, FSG, missing-modality robustness, or baseline comparison.",high
E:\Deskbook\Tea\HPE\outputs\eval\student_nv_random_nonvisual_combinations.csv,csv,student_vk_nv,VK-RCD-Student-NV,lidar+mmwave+wifi-csi,,protocol3,mse,0.004214539865761427,lower_better,,,yes,no,no,main_table,"Directly supports VK replacement, FSG, missing-modality robustness, or baseline comparison.",high
E:\Deskbook\Tea\HPE\outputs\eval\student_nv_random_nonvisual_combinations.csv,csv,student_vk_nv,VK-RCD-Student-NV,lidar+mmwave+wifi-csi,,protocol3,mpjpe,0.09092984378034968,lower_better,,,yes,no,no,main_table,"Directly supports VK replacement, FSG, missing-modality robustness, or baseline comparison.",high
E:\Deskbook\Tea\HPE\outputs\eval\student_nv_random_nonvisual_combinations.csv,csv,student_vk_nv,VK-RCD-Student-NV,lidar+mmwave+wifi-csi,,protocol3,pa_mpjpe,0.05413618418459849,lower_better,,,yes,no,no,main_table,"Directly supports VK replacement, FSG, missing-modality robustness, or baseline comparison.",high
E:\Deskbook\Tea\HPE\outputs\eval\student_nv_random_nonvisual_combinations.csv,csv,student_vk_nv,VK-RCD-Student-NV,depth+lidar+mmwave+wifi-csi,,protocol3,mse,0.0014926270040288747,lower_better,,,yes,no,no,main_table,"Directly supports VK replacement, FSG, missing-modality robustness, or baseline comparison.",high
E:\Deskbook\Tea\HPE\outputs\eval\student_nv_random_nonvisual_combinations.csv,csv,student_vk_nv,VK-RCD-Student-NV,depth+lidar+mmwave+wifi-csi,,protocol3,mpjpe,0.05102611322725692,lower_better,,,yes,no,no,main_table,"Directly supports VK replacement, FSG, missing-modality robustness, or baseline comparison.",high
E:\Deskbook\Tea\HPE\outputs\eval\student_nv_random_nonvisual_combinations.csv,csv,student_vk_nv,VK-RCD-Student-NV,depth+lidar+mmwave+wifi-csi,,protocol3,pa_mpjpe,0.03569363710642018,lower_better,,,yes,no,no,main_table,"Directly supports VK replacement, FSG, missing-modality robustness, or baseline comparison.",high
E:\Deskbook\Tea\HPE\outputs\eval\student_vk_cross_scene_all_combinations.csv,csv,cross_scene,VK-RCD-Student-VK,vk,,protocol3,mse,0.00977630377700082,lower_better,,,yes,no,no,discussion,Parsed but not central to the main story.,high
E:\Deskbook\Tea\HPE\outputs\eval\student_vk_cross_scene_all_combinations.csv,csv,cross_scene,VK-RCD-Student-VK,vk,,protocol3,mpjpe,0.14497542867325744,lower_better,,,yes,no,no,discussion,Parsed but not central to the main story.,high
E:\Deskbook\Tea\HPE\outputs\eval\student_vk_cross_scene_all_combinations.csv,csv,cross_scene,VK-RCD-Student-VK,vk,,protocol3,pa_mpjpe,0.061457093283495336,lower_better,,,yes,no,no,discussion,Parsed but not central to the main story.,high
E:\Deskbook\Tea\HPE\outputs\eval\student_vk_cross_scene_all_combinations.csv,csv,cross_scene,VK-RCD-Student-VK,depth,,protocol3,mse,0.002381781060619098,lower_better,,,yes,no,no,discussion,Parsed but not central to the main story.,high
E:\Deskbook\Tea\HPE\outputs\eval\student_vk_cross_scene_all_combinations.csv,csv,cross_scene,VK-RCD-Student-VK,depth,,protocol3,mpjpe,0.07191429994902805,lower_better,,,yes,no,no,discussion,Parsed but not central to the main story.,high
E:\Deskbook\Tea\HPE\outputs\eval\student_vk_cross_scene_all_combinations.csv,csv,cross_scene,VK-RCD-Student-VK,depth,,protocol3,pa_mpjpe,0.04773982327177046,lower_better,,,yes,no,no,discussion,Parsed but not central to the main story.,high
E:\Deskbook\Tea\HPE\outputs\eval\student_vk_cross_scene_all_combinations.csv,csv,cross_scene,VK-RCD-Student-VK,lidar,,protocol3,mse,0.09907064224541194,lower_better,,,yes,no,no,discussion,Parsed but not central to the main story.,high
E:\Deskbook\Tea\HPE\outputs\eval\student_vk_cross_scene_all_combinations.csv,csv,cross_scene,VK-RCD-Student-VK,lidar,,protocol3,mpjpe,0.5005571832961908,lower_better,,,yes,no,no,discussion,Parsed but not central to the main story.,high
E:\Deskbook\Tea\HPE\outputs\eval\student_vk_cross_scene_all_combinations.csv,csv,cross_scene,VK-RCD-Student-VK,lidar,,protocol3,pa_mpjpe,0.16243521485227816,lower_better,,,yes,no,no,discussion,Parsed but not central to the main story.,high
E:\Deskbook\Tea\HPE\outputs\eval\student_vk_cross_scene_all_combinations.csv,csv,cross_scene,VK-RCD-Student-VK,mmwave,,protocol3,mse,0.011203366424017326,lower_better,,,yes,no,no,discussion,Parsed but not central to the main story.,high
E:\Deskbook\Tea\HPE\outputs\eval\student_vk_cross_scene_all_combinations.csv,csv,cross_scene,VK-RCD-Student-VK,mmwave,,protocol3,mpjpe,0.1558125458734858,lower_better,,,yes,no,no,discussion,Parsed but not central to the main story.,high
E:\Deskbook\Tea\HPE\outputs\eval\student_vk_cross_scene_all_combinations.csv,csv,cross_scene,VK-RCD-Student-VK,mmwave,,protocol3,pa_mpjpe,0.0756993794111945,lower_better,,,yes,no,no,discussion,Parsed but not central to the main story.,high
E:\Deskbook\Tea\HPE\outputs\eval\student_vk_cross_scene_all_combinations.csv,csv,cross_scene,VK-RCD-Student-VK,wifi-csi,,protocol3,mse,0.04940046908201266,lower_better,,,yes,no,no,discussion,Parsed but not central to the main story.,high
E:\Deskbook\Tea\HPE\outputs\eval\student_vk_cross_scene_all_combinations.csv,csv,cross_scene,VK-RCD-Student-VK,wifi-csi,,protocol3,mpjpe,0.35526175727004616,lower_better,,,yes,no,no,discussion,Parsed but not central to the main story.,high
E:\Deskbook\Tea\HPE\outputs\eval\student_vk_cross_scene_all_combinations.csv,csv,cross_scene,VK-RCD-Student-VK,wifi-csi,,protocol3,pa_mpjpe,0.11223546671987615,lower_better,,,yes,no,no,discussion,Parsed but not central to the main story.,high
E:\Deskbook\Tea\HPE\outputs\eval\student_vk_cross_scene_all_combinations.csv,csv,cross_scene,VK-RCD-Student-VK,vk+depth,,protocol3,mse,0.002096774604738043,lower_better,,,yes,no,no,discussion,Parsed but not central to the main story.,high
E:\Deskbook\Tea\HPE\outputs\eval\student_vk_cross_scene_all_combinations.csv,csv,cross_scene,VK-RCD-Student-VK,vk+depth,,protocol3,mpjpe,0.06716116654575949,lower_better,,,yes,no,no,discussion,Parsed but not central to the main story.,high
E:\Deskbook\Tea\HPE\outputs\eval\student_vk_cross_scene_all_combinations.csv,csv,cross_scene,VK-RCD-Student-VK,vk+depth,,protocol3,pa_mpjpe,0.0459191596646002,lower_better,,,yes,no,no,discussion,Parsed but not central to the main story.,high
E:\Deskbook\Tea\HPE\outputs\eval\student_vk_cross_scene_all_combinations.csv,csv,cross_scene,VK-RCD-Student-VK,vk+lidar,,protocol3,mse,0.010719757037050767,lower_better,,,yes,no,no,discussion,Parsed but not central to the main story.,high
E:\Deskbook\Tea\HPE\outputs\eval\student_vk_cross_scene_all_combinations.csv,csv,cross_scene,VK-RCD-Student-VK,vk+lidar,,protocol3,mpjpe,0.1515621632686918,lower_better,,,yes,no,no,discussion,Parsed but not central to the main story.,high
E:\Deskbook\Tea\HPE\outputs\eval\student_vk_cross_scene_all_combinations.csv,csv,cross_scene,VK-RCD-Student-VK,vk+lidar,,protocol3,pa_mpjpe,0.08049020592919674,lower_better,,,yes,no,no,discussion,Parsed but not central to the main story.,high
E:\Deskbook\Tea\HPE\outputs\eval\student_vk_cross_scene_all_combinations.csv,csv,cross_scene,VK-RCD-Student-VK,vk+mmwave,,protocol3,mse,0.005975472791790999,lower_better,,,yes,no,no,discussion,Parsed but not central to the main story.,high
E:\Deskbook\Tea\HPE\outputs\eval\student_vk_cross_scene_all_combinations.csv,csv,cross_scene,VK-RCD-Student-VK,vk+mmwave,,protocol3,mpjpe,0.11512565823739448,lower_better,,,yes,no,no,discussion,Parsed but not central to the main story.,high
E:\Deskbook\Tea\HPE\outputs\eval\student_vk_cross_scene_all_combinations.csv,csv,cross_scene,VK-RCD-Student-VK,vk+mmwave,,protocol3,pa_mpjpe,0.056419590432312865,lower_better,,,yes,no,no,discussion,Parsed but not central to the main story.,high
E:\Deskbook\Tea\HPE\outputs\eval\student_vk_cross_scene_all_combinations.csv,csv,cross_scene,VK-RCD-Student-VK,vk+wifi-csi,,protocol3,mse,0.007334251132144388,lower_better,,,yes,no,no,discussion,Parsed but not central to the main story.,high
E:\Deskbook\Tea\HPE\outputs\eval\student_vk_cross_scene_all_combinations.csv,csv,cross_scene,VK-RCD-Student-VK,vk+wifi-csi,,protocol3,mpjpe,0.12791022546705513,lower_better,,,yes,no,no,discussion,Parsed but not central to the main story.,high
E:\Deskbook\Tea\HPE\outputs\eval\student_vk_cross_scene_all_combinations.csv,csv,cross_scene,VK-RCD-Student-VK,vk+wifi-csi,,protocol3,pa_mpjpe,0.06054739751081293,lower_better,,,yes,no,no,discussion,Parsed but not central to the main story.,high
E:\Deskbook\Tea\HPE\outputs\eval\student_vk_cross_scene_all_combinations.csv,csv,cross_scene,VK-RCD-Student-VK,depth+lidar,,protocol3,mse,0.002965687330381803,lower_better,,,yes,no,no,discussion,Parsed but not central to the main story.,high
E:\Deskbook\Tea\HPE\outputs\eval\student_vk_cross_scene_all_combinations.csv,csv,cross_scene,VK-RCD-Student-VK,depth+lidar,,protocol3,mpjpe,0.0797922653135984,lower_better,,,yes,no,no,discussion,Parsed but not central to the main story.,high
E:\Deskbook\Tea\HPE\outputs\eval\student_vk_cross_scene_all_combinations.csv,csv,cross_scene,VK-RCD-Student-VK,depth+lidar,,protocol3,pa_mpjpe,0.05034590562320792,lower_better,,,yes,no,no,discussion,Parsed but not central to the main story.,high
E:\Deskbook\Tea\HPE\outputs\eval\student_vk_cross_scene_all_combinations.csv,csv,cross_scene,VK-RCD-Student-VK,depth+mmwave,,protocol3,mse,0.002185551606987751,lower_better,,,yes,no,no,discussion,Parsed but not central to the main story.,high
E:\Deskbook\Tea\HPE\outputs\eval\student_vk_cross_scene_all_combinations.csv,csv,cross_scene,VK-RCD-Student-VK,depth+mmwave,,protocol3,mpjpe,0.06884075425605195,lower_better,,,yes,no,no,discussion,Parsed but not central to the main story.,high
E:\Deskbook\Tea\HPE\outputs\eval\student_vk_cross_scene_all_combinations.csv,csv,cross_scene,VK-RCD-Student-VK,depth+mmwave,,protocol3,pa_mpjpe,0.04602769453889957,lower_better,,,yes,no,no,discussion,Parsed but not central to the main story.,high
E:\Deskbook\Tea\HPE\outputs\eval\student_vk_cross_scene_all_combinations.csv,csv,cross_scene,VK-RCD-Student-VK,depth+wifi-csi,,protocol3,mse,0.0023925389789942846,lower_better,,,yes,no,no,discussion,Parsed but not central to the main story.,high
E:\Deskbook\Tea\HPE\outputs\eval\student_vk_cross_scene_all_combinations.csv,csv,cross_scene,VK-RCD-Student-VK,depth+wifi-csi,,protocol3,mpjpe,0.07245065419918315,lower_better,,,yes,no,no,discussion,Parsed but not central to the main story.,high
E:\Deskbook\Tea\HPE\outputs\eval\student_vk_cross_scene_all_combinations.csv,csv,cross_scene,VK-RCD-Student-VK,depth+wifi-csi,,protocol3,pa_mpjpe,0.0473360997980527,lower_better,,,yes,no,no,discussion,Parsed but not central to the main story.,high
E:\Deskbook\Tea\HPE\outputs\eval\student_vk_cross_scene_all_combinations.csv,csv,cross_scene,VK-RCD-Student-VK,lidar+mmwave,,protocol3,mse,0.035559788507910306,lower_better,,,yes,no,no,discussion,Parsed but not central to the main story.,high
E:\Deskbook\Tea\HPE\outputs\eval\student_vk_cross_scene_all_combinations.csv,csv,cross_scene,VK-RCD-Student-VK,lidar+mmwave,,protocol3,mpjpe,0.28392756719373086,lower_better,,,yes,no,no,discussion,Parsed but not central to the main story.,high
E:\Deskbook\Tea\HPE\outputs\eval\student_vk_cross_scene_all_combinations.csv,csv,cross_scene,VK-RCD-Student-VK,lidar+mmwave,,protocol3,pa_mpjpe,0.11553315060731306,lower_better,,,yes,no,no,discussion,Parsed but not central to the main story.,high
E:\Deskbook\Tea\HPE\outputs\eval\student_vk_cross_scene_all_combinations.csv,csv,cross_scene,VK-RCD-Student-VK,lidar+wifi-csi,,protocol3,mse,0.09308520972557772,lower_better,,,yes,no,no,discussion,Parsed but not central to the main story.,high
E:\Deskbook\Tea\HPE\outputs\eval\student_vk_cross_scene_all_combinations.csv,csv,cross_scene,VK-RCD-Student-VK,lidar+wifi-csi,,protocol3,mpjpe,0.48415545532049004,lower_better,,,yes,no,no,discussion,Parsed but not central to the main story.,high
E:\Deskbook\Tea\HPE\outputs\eval\student_vk_cross_scene_all_combinations.csv,csv,cross_scene,VK-RCD-Student-VK,lidar+wifi-csi,,protocol3,pa_mpjpe,0.16079752089956884,lower_better,,,yes,no,no,discussion,Parsed but not central to the main story.,high
E:\Deskbook\Tea\HPE\outputs\eval\student_vk_cross_scene_all_combinations.csv,csv,cross_scene,VK-RCD-Student-VK,mmwave+wifi-csi,,protocol3,mse,0.010798132834796473,lower_better,,,yes,no,no,discussion,Parsed but not central to the main story.,high
E:\Deskbook\Tea\HPE\outputs\eval\student_vk_cross_scene_all_combinations.csv,csv,cross_scene,VK-RCD-Student-VK,mmwave+wifi-csi,,protocol3,mpjpe,0.15326337575399604,lower_better,,,yes,no,no,discussion,Parsed but not central to the main story.,high
E:\Deskbook\Tea\HPE\outputs\eval\student_vk_cross_scene_all_combinations.csv,csv,cross_scene,VK-RCD-Student-VK,mmwave+wifi-csi,,protocol3,pa_mpjpe,0.07532098101156086,lower_better,,,yes,no,no,discussion,Parsed but not central to the main story.,high
E:\Deskbook\Tea\HPE\outputs\eval\student_vk_cross_scene_all_combinations.csv,csv,cross_scene,VK-RCD-Student-VK,vk+depth+lidar,,protocol3,mse,0.0025155062698446144,lower_better,,,yes,no,no,discussion,Parsed but not central to the main story.,high
E:\Deskbook\Tea\HPE\outputs\eval\student_vk_cross_scene_all_combinations.csv,csv,cross_scene,VK-RCD-Student-VK,vk+depth+lidar,,protocol3,mpjpe,0.07331613103511521,lower_better,,,yes,no,no,discussion,Parsed but not central to the main story.,high
E:\Deskbook\Tea\HPE\outputs\eval\student_vk_cross_scene_all_combinations.csv,csv,cross_scene,VK-RCD-Student-VK,vk+depth+lidar,,protocol3,pa_mpjpe,0.04809197264819655,lower_better,,,yes,no,no,discussion,Parsed but not central to the main story.,high
E:\Deskbook\Tea\HPE\outputs\eval\student_vk_cross_scene_all_combinations.csv,csv,cross_scene,VK-RCD-Student-VK,vk+depth+mmwave,,protocol3,mse,0.0020318247978255563,lower_better,,,yes,no,no,discussion,Parsed but not central to the main story.,high
E:\Deskbook\Tea\HPE\outputs\eval\student_vk_cross_scene_all_combinations.csv,csv,cross_scene,VK-RCD-Student-VK,vk+depth+mmwave,,protocol3,mpjpe,0.0662404699158841,lower_better,,,yes,no,no,discussion,Parsed but not central to the main story.,high
E:\Deskbook\Tea\HPE\outputs\eval\student_vk_cross_scene_all_combinations.csv,csv,cross_scene,VK-RCD-Student-VK,vk+depth+mmwave,,protocol3,pa_mpjpe,0.04547130030929721,lower_better,,,yes,no,no,discussion,Parsed but not central to the main story.,high
E:\Deskbook\Tea\HPE\outputs\eval\student_vk_cross_scene_all_combinations.csv,csv,cross_scene,VK-RCD-Student-VK,vk+depth+wifi-csi,,protocol3,mse,0.0021231720553481566,lower_better,,,yes,no,no,discussion,Parsed but not central to the main story.,high
E:\Deskbook\Tea\HPE\outputs\eval\student_vk_cross_scene_all_combinations.csv,csv,cross_scene,VK-RCD-Student-VK,vk+depth+wifi-csi,,protocol3,mpjpe,0.06785810800578874,lower_better,,,yes,no,no,discussion,Parsed but not central to the main story.,high
E:\Deskbook\Tea\HPE\outputs\eval\student_vk_cross_scene_all_combinations.csv,csv,cross_scene,VK-RCD-Student-VK,vk+depth+wifi-csi,,protocol3,pa_mpjpe,0.046048197818136655,lower_better,,,yes,no,no,discussion,Parsed but not central to the main story.,high
E:\Deskbook\Tea\HPE\outputs\eval\student_vk_cross_scene_all_combinations.csv,csv,cross_scene,VK-RCD-Student-VK,vk+lidar+mmwave,,protocol3,mse,0.00767942884227781,lower_better,,,yes,no,no,discussion,Parsed but not central to the main story.,high
E:\Deskbook\Tea\HPE\outputs\eval\student_vk_cross_scene_all_combinations.csv,csv,cross_scene,VK-RCD-Student-VK,vk+lidar+mmwave,,protocol3,mpjpe,0.12678595446844562,lower_better,,,yes,no,no,discussion,Parsed but not central to the main story.,high
E:\Deskbook\Tea\HPE\outputs\eval\student_vk_cross_scene_all_combinations.csv,csv,cross_scene,VK-RCD-Student-VK,vk+lidar+mmwave,,protocol3,pa_mpjpe,0.07274975999573734,lower_better,,,yes,no,no,discussion,Parsed but not central to the main story.,high
E:\Deskbook\Tea\HPE\outputs\eval\student_vk_cross_scene_all_combinations.csv,csv,cross_scene,VK-RCD-Student-VK,vk+lidar+wifi-csi,,protocol3,mse,0.00953198376439548,lower_better,,,yes,no,no,discussion,Parsed but not central to the main story.,high
E:\Deskbook\Tea\HPE\outputs\eval\student_vk_cross_scene_all_combinations.csv,csv,cross_scene,VK-RCD-Student-VK,vk+lidar+wifi-csi,,protocol3,mpjpe,0.14047873777736078,lower_better,,,yes,no,no,discussion,Parsed but not central to the main story.,high
E:\Deskbook\Tea\HPE\outputs\eval\student_vk_cross_scene_all_combinations.csv,csv,cross_scene,VK-RCD-Student-VK,vk+lidar+wifi-csi,,protocol3,pa_mpjpe,0.08043403662341336,lower_better,,,yes,no,no,discussion,Parsed but not central to the main story.,high
E:\Deskbook\Tea\HPE\outputs\eval\student_vk_cross_scene_all_combinations.csv,csv,cross_scene,VK-RCD-Student-VK,vk+mmwave+wifi-csi,,protocol3,mse,0.0052832723571393375,lower_better,,,yes,no,no,discussion,Parsed but not central to the main story.,high
E:\Deskbook\Tea\HPE\outputs\eval\student_vk_cross_scene_all_combinations.csv,csv,cross_scene,VK-RCD-Student-VK,vk+mmwave+wifi-csi,,protocol3,mpjpe,0.10937607365068407,lower_better,,,yes,no,no,discussion,Parsed but not central to the main story.,high
E:\Deskbook\Tea\HPE\outputs\eval\student_vk_cross_scene_all_combinations.csv,csv,cross_scene,VK-RCD-Student-VK,vk+mmwave+wifi-csi,,protocol3,pa_mpjpe,0.05629748867471366,lower_better,,,yes,no,no,discussion,Parsed but not central to the main story.,high
E:\Deskbook\Tea\HPE\outputs\eval\student_vk_cross_scene_all_combinations.csv,csv,cross_scene,VK-RCD-Student-VK,depth+lidar+mmwave,,protocol3,mse,0.0027861040430952966,lower_better,,,yes,no,no,discussion,Parsed but not central to the main story.,high
E:\Deskbook\Tea\HPE\outputs\eval\student_vk_cross_scene_all_combinations.csv,csv,cross_scene,VK-RCD-Student-VK,depth+lidar+mmwave,,protocol3,mpjpe,0.07747495698838151,lower_better,,,yes,no,no,discussion,Parsed but not central to the main story.,high
E:\Deskbook\Tea\HPE\outputs\eval\student_vk_cross_scene_all_combinations.csv,csv,cross_scene,VK-RCD-Student-VK,depth+lidar+mmwave,,protocol3,pa_mpjpe,0.04884122192690212,lower_better,,,yes,no,no,discussion,Parsed but not central to the main story.,high
E:\Deskbook\Tea\HPE\outputs\eval\student_vk_cross_scene_all_combinations.csv,csv,cross_scene,VK-RCD-Student-VK,depth+lidar+wifi-csi,,protocol3,mse,0.002946616103181627,lower_better,,,yes,no,no,discussion,Parsed but not central to the main story.,high
E:\Deskbook\Tea\HPE\outputs\eval\student_vk_cross_scene_all_combinations.csv,csv,cross_scene,VK-RCD-Student-VK,depth+lidar+wifi-csi,,protocol3,mpjpe,0.07993698980144051,lower_better,,,yes,no,no,discussion,Parsed but not central to the main story.,high
E:\Deskbook\Tea\HPE\outputs\eval\student_vk_cross_scene_all_combinations.csv,csv,cross_scene,VK-RCD-Student-VK,depth+lidar+wifi-csi,,protocol3,pa_mpjpe,0.05021936788503781,lower_better,,,yes,no,no,discussion,Parsed but not central to the main story.,high
E:\Deskbook\Tea\HPE\outputs\eval\student_vk_cross_scene_all_combinations.csv,csv,cross_scene,VK-RCD-Student-VK,depth+mmwave+wifi-csi,,protocol3,mse,0.0022189586683170536,lower_better,,,yes,no,no,discussion,Parsed but not central to the main story.,high
E:\Deskbook\Tea\HPE\outputs\eval\student_vk_cross_scene_all_combinations.csv,csv,cross_scene,VK-RCD-Student-VK,depth+mmwave+wifi-csi,,protocol3,mpjpe,0.06970344429815005,lower_better,,,yes,no,no,discussion,Parsed but not central to the main story.,high
E:\Deskbook\Tea\HPE\outputs\eval\student_vk_cross_scene_all_combinations.csv,csv,cross_scene,VK-RCD-Student-VK,depth+mmwave+wifi-csi,,protocol3,pa_mpjpe,0.04620300521895461,lower_better,,,yes,no,no,discussion,Parsed but not central to the main story.,high
E:\Deskbook\Tea\HPE\outputs\eval\student_vk_cross_scene_all_combinations.csv,csv,cross_scene,VK-RCD-Student-VK,lidar+mmwave+wifi-csi,,protocol3,mse,0.034091478598693506,lower_better,,,yes,no,no,discussion,Parsed but not central to the main story.,high
E:\Deskbook\Tea\HPE\outputs\eval\student_vk_cross_scene_all_combinations.csv,csv,cross_scene,VK-RCD-Student-VK,lidar+mmwave+wifi-csi,,protocol3,mpjpe,0.2780294064639111,lower_better,,,yes,no,no,discussion,Parsed but not central to the main story.,high
E:\Deskbook\Tea\HPE\outputs\eval\student_vk_cross_scene_all_combinations.csv,csv,cross_scene,VK-RCD-Student-VK,lidar+mmwave+wifi-csi,,protocol3,pa_mpjpe,0.11521454301355233,lower_better,,,yes,no,no,discussion,Parsed but not central to the main story.,high
E:\Deskbook\Tea\HPE\outputs\eval\student_vk_cross_scene_all_combinations.csv,csv,cross_scene,VK-RCD-Student-VK,vk+depth+lidar+mmwave,,protocol3,mse,0.002406167330009897,lower_better,,,yes,no,no,discussion,Parsed but not central to the main story.,high
E:\Deskbook\Tea\HPE\outputs\eval\student_vk_cross_scene_all_combinations.csv,csv,cross_scene,VK-RCD-Student-VK,vk+depth+lidar+mmwave,,protocol3,mpjpe,0.0716188628786311,lower_better,,,yes,no,no,discussion,Parsed but not central to the main story.,high
E:\Deskbook\Tea\HPE\outputs\eval\student_vk_cross_scene_all_combinations.csv,csv,cross_scene,VK-RCD-Student-VK,vk+depth+lidar+mmwave,,protocol3,pa_mpjpe,0.047639801367759894,lower_better,,,yes,no,no,discussion,Parsed but not central to the main story.,high
E:\Deskbook\Tea\HPE\outputs\eval\student_vk_cross_scene_all_combinations.csv,csv,cross_scene,VK-RCD-Student-VK,vk+depth+lidar+wifi-csi,,protocol3,mse,0.0025092479879133406,lower_better,,,yes,no,no,discussion,Parsed but not central to the main story.,high
E:\Deskbook\Tea\HPE\outputs\eval\student_vk_cross_scene_all_combinations.csv,csv,cross_scene,VK-RCD-Student-VK,vk+depth+lidar+wifi-csi,,protocol3,mpjpe,0.07349853619834643,lower_better,,,yes,no,no,discussion,Parsed but not central to the main story.,high
E:\Deskbook\Tea\HPE\outputs\eval\student_vk_cross_scene_all_combinations.csv,csv,cross_scene,VK-RCD-Student-VK,vk+depth+lidar+wifi-csi,,protocol3,pa_mpjpe,0.04817628561373465,lower_better,,,yes,no,no,discussion,Parsed but not central to the main story.,high
E:\Deskbook\Tea\HPE\outputs\eval\student_vk_cross_scene_all_combinations.csv,csv,cross_scene,VK-RCD-Student-VK,vk+depth+mmwave+wifi-csi,,protocol3,mse,0.0020506424015516345,lower_better,,,yes,no,no,discussion,Parsed but not central to the main story.,high
E:\Deskbook\Tea\HPE\outputs\eval\student_vk_cross_scene_all_combinations.csv,csv,cross_scene,VK-RCD-Student-VK,vk+depth+mmwave+wifi-csi,,protocol3,mpjpe,0.06677194104148632,lower_better,,,yes,no,no,discussion,Parsed but not central to the main story.,high
E:\Deskbook\Tea\HPE\outputs\eval\student_vk_cross_scene_all_combinations.csv,csv,cross_scene,VK-RCD-Student-VK,vk+depth+mmwave+wifi-csi,,protocol3,pa_mpjpe,0.04569410101104693,lower_better,,,yes,no,no,discussion,Parsed but not central to the main story.,high
E:\Deskbook\Tea\HPE\outputs\eval\student_vk_cross_scene_all_combinations.csv,csv,cross_scene,VK-RCD-Student-VK,vk+lidar+mmwave+wifi-csi,,protocol3,mse,0.006950853571197252,lower_better,,,yes,no,no,discussion,Parsed but not central to the main story.,high
E:\Deskbook\Tea\HPE\outputs\eval\student_vk_cross_scene_all_combinations.csv,csv,cross_scene,VK-RCD-Student-VK,vk+lidar+mmwave+wifi-csi,,protocol3,mpjpe,0.1198932714066254,lower_better,,,yes,no,no,discussion,Parsed but not central to the main story.,high
E:\Deskbook\Tea\HPE\outputs\eval\student_vk_cross_scene_all_combinations.csv,csv,cross_scene,VK-RCD-Student-VK,vk+lidar+mmwave+wifi-csi,,protocol3,pa_mpjpe,0.07241896155506122,lower_better,,,yes,no,no,discussion,Parsed but not central to the main story.,high
E:\Deskbook\Tea\HPE\outputs\eval\student_vk_cross_scene_all_combinations.csv,csv,cross_scene,VK-RCD-Student-VK,depth+lidar+mmwave+wifi-csi,,protocol3,mse,0.0027534454088987467,lower_better,,,yes,no,no,discussion,Parsed but not central to the main story.,high
E:\Deskbook\Tea\HPE\outputs\eval\student_vk_cross_scene_all_combinations.csv,csv,cross_scene,VK-RCD-Student-VK,depth+lidar+mmwave+wifi-csi,,protocol3,mpjpe,0.07737562357617489,lower_better,,,yes,no,no,discussion,Parsed but not central to the main story.,high
E:\Deskbook\Tea\HPE\outputs\eval\student_vk_cross_scene_all_combinations.csv,csv,cross_scene,VK-RCD-Student-VK,depth+lidar+mmwave+wifi-csi,,protocol3,pa_mpjpe,0.048901464527478934,lower_better,,,yes,no,no,discussion,Parsed but not central to the main story.,high
E:\Deskbook\Tea\HPE\outputs\eval\student_vk_cross_scene_all_combinations.csv,csv,cross_scene,VK-RCD-Student-VK,vk+depth+lidar+mmwave+wifi-csi,,protocol3,mse,0.0023940499070839016,lower_better,,,yes,no,no,discussion,Parsed but not central to the main story.,high
E:\Deskbook\Tea\HPE\outputs\eval\student_vk_cross_scene_all_combinations.csv,csv,cross_scene,VK-RCD-Student-VK,vk+depth+lidar+mmwave+wifi-csi,,protocol3,mpjpe,0.07170516353122372,lower_better,,,yes,no,no,discussion,Parsed but not central to the main story.,high
E:\Deskbook\Tea\HPE\outputs\eval\student_vk_cross_scene_all_combinations.csv,csv,cross_scene,VK-RCD-Student-VK,vk+depth+lidar+mmwave+wifi-csi,,protocol3,pa_mpjpe,0.047763892326837976,lower_better,,,yes,no,no,discussion,Parsed but not central to the main story.,high
E:\Deskbook\Tea\HPE\outputs\eval\student_vk_cross_subject_all_combinations.csv,csv,cross_subject,VK-RCD-Student-VK,vk,,protocol3,mse,0.003519378380678303,lower_better,,,yes,no,no,discussion,Parsed but not central to the main story.,high
E:\Deskbook\Tea\HPE\outputs\eval\student_vk_cross_subject_all_combinations.csv,csv,cross_subject,VK-RCD-Student-VK,vk,,protocol3,mpjpe,0.08625359988867426,lower_better,,,yes,no,no,discussion,Parsed but not central to the main story.,high
E:\Deskbook\Tea\HPE\outputs\eval\student_vk_cross_subject_all_combinations.csv,csv,cross_subject,VK-RCD-Student-VK,vk,,protocol3,pa_mpjpe,0.041761738269760845,lower_better,,,yes,no,no,discussion,Parsed but not central to the main story.,high
E:\Deskbook\Tea\HPE\outputs\eval\student_vk_cross_subject_all_combinations.csv,csv,cross_subject,VK-RCD-Student-VK,depth,,protocol3,mse,0.0014452875420523288,lower_better,,,yes,no,no,discussion,Parsed but not central to the main story.,high
E:\Deskbook\Tea\HPE\outputs\eval\student_vk_cross_subject_all_combinations.csv,csv,cross_subject,VK-RCD-Student-VK,depth,,protocol3,mpjpe,0.053227398512495444,lower_better,,,yes,no,no,discussion,Parsed but not central to the main story.,high
E:\Deskbook\Tea\HPE\outputs\eval\student_vk_cross_subject_all_combinations.csv,csv,cross_subject,VK-RCD-Student-VK,depth,,protocol3,pa_mpjpe,0.03463587996834983,lower_better,,,yes,no,no,discussion,Parsed but not central to the main story.,high
E:\Deskbook\Tea\HPE\outputs\eval\student_vk_cross_subject_all_combinations.csv,csv,cross_subject,VK-RCD-Student-VK,lidar,,protocol3,mse,0.01045935305885572,lower_better,,,yes,no,no,discussion,Parsed but not central to the main story.,high
E:\Deskbook\Tea\HPE\outputs\eval\student_vk_cross_subject_all_combinations.csv,csv,cross_subject,VK-RCD-Student-VK,lidar,,protocol3,mpjpe,0.14354895191595343,lower_better,,,yes,no,no,discussion,Parsed but not central to the main story.,high
E:\Deskbook\Tea\HPE\outputs\eval\student_vk_cross_subject_all_combinations.csv,csv,cross_subject,VK-RCD-Student-VK,lidar,,protocol3,pa_mpjpe,0.0914604287045987,lower_better,,,yes,no,no,discussion,Parsed but not central to the main story.,high
E:\Deskbook\Tea\HPE\outputs\eval\student_vk_cross_subject_all_combinations.csv,csv,cross_subject,VK-RCD-Student-VK,mmwave,,protocol3,mse,0.006697516087859577,lower_better,,,yes,no,no,discussion,Parsed but not central to the main story.,high
E:\Deskbook\Tea\HPE\outputs\eval\student_vk_cross_subject_all_combinations.csv,csv,cross_subject,VK-RCD-Student-VK,mmwave,,protocol3,mpjpe,0.11877790552033557,lower_better,,,yes,no,no,discussion,Parsed but not central to the main story.,high
E:\Deskbook\Tea\HPE\outputs\eval\student_vk_cross_subject_all_combinations.csv,csv,cross_subject,VK-RCD-Student-VK,mmwave,,protocol3,pa_mpjpe,0.058142407315574886,lower_better,,,yes,no,no,discussion,Parsed but not central to the main story.,high
E:\Deskbook\Tea\HPE\outputs\eval\student_vk_cross_subject_all_combinations.csv,csv,cross_subject,VK-RCD-Student-VK,wifi-csi,,protocol3,mse,0.027785794642103633,lower_better,,,yes,no,no,discussion,Parsed but not central to the main story.,high
E:\Deskbook\Tea\HPE\outputs\eval\student_vk_cross_subject_all_combinations.csv,csv,cross_subject,VK-RCD-Student-VK,wifi-csi,,protocol3,mpjpe,0.2410747585398908,lower_better,,,yes,no,no,discussion,Parsed but not central to the main story.,high
E:\Deskbook\Tea\HPE\outputs\eval\student_vk_cross_subject_all_combinations.csv,csv,cross_subject,VK-RCD-Student-VK,wifi-csi,,protocol3,pa_mpjpe,0.10990198663792528,lower_better,,,yes,no,no,discussion,Parsed but not central to the main story.,high
E:\Deskbook\Tea\HPE\outputs\eval\student_vk_cross_subject_all_combinations.csv,csv,cross_subject,VK-RCD-Student-VK,vk+depth,,protocol3,mse,0.0012715189341969732,lower_better,,,yes,no,no,discussion,Parsed but not central to the main story.,high
E:\Deskbook\Tea\HPE\outputs\eval\student_vk_cross_subject_all_combinations.csv,csv,cross_subject,VK-RCD-Student-VK,vk+depth,,protocol3,mpjpe,0.05018650555305163,lower_better,,,yes,no,no,discussion,Parsed but not central to the main story.,high
E:\Deskbook\Tea\HPE\outputs\eval\student_vk_cross_subject_all_combinations.csv,csv,cross_subject,VK-RCD-Student-VK,vk+depth,,protocol3,pa_mpjpe,0.03287715650217448,lower_better,,,yes,no,no,discussion,Parsed but not central to the main story.,high
E:\Deskbook\Tea\HPE\outputs\eval\student_vk_cross_subject_all_combinations.csv,csv,cross_subject,VK-RCD-Student-VK,vk+lidar,,protocol3,mse,0.003259082579293534,lower_better,,,yes,no,no,discussion,Parsed but not central to the main story.,high
E:\Deskbook\Tea\HPE\outputs\eval\student_vk_cross_subject_all_combinations.csv,csv,cross_subject,VK-RCD-Student-VK,vk+lidar,,protocol3,mpjpe,0.08289590200741684,lower_better,,,yes,no,no,discussion,Parsed but not central to the main story.,high
E:\Deskbook\Tea\HPE\outputs\eval\student_vk_cross_subject_all_combinations.csv,csv,cross_subject,VK-RCD-Student-VK,vk+lidar,,protocol3,pa_mpjpe,0.04147535333576365,lower_better,,,yes,no,no,discussion,Parsed but not central to the main story.,high
E:\Deskbook\Tea\HPE\outputs\eval\student_vk_cross_subject_all_combinations.csv,csv,cross_subject,VK-RCD-Student-VK,vk+mmwave,,protocol3,mse,0.0025919062502216257,lower_better,,,yes,no,no,discussion,Parsed but not central to the main story.,high
E:\Deskbook\Tea\HPE\outputs\eval\student_vk_cross_subject_all_combinations.csv,csv,cross_subject,VK-RCD-Student-VK,vk+mmwave,,protocol3,mpjpe,0.07514556561305065,lower_better,,,yes,no,no,discussion,Parsed but not central to the main story.,high
E:\Deskbook\Tea\HPE\outputs\eval\student_vk_cross_subject_all_combinations.csv,csv,cross_subject,VK-RCD-Student-VK,vk+mmwave,,protocol3,pa_mpjpe,0.03836349302699029,lower_better,,,yes,no,no,discussion,Parsed but not central to the main story.,high
E:\Deskbook\Tea\HPE\outputs\eval\student_vk_cross_subject_all_combinations.csv,csv,cross_subject,VK-RCD-Student-VK,vk+wifi-csi,,protocol3,mse,0.0035762720053814827,lower_better,,,yes,no,no,discussion,Parsed but not central to the main story.,high
E:\Deskbook\Tea\HPE\outputs\eval\student_vk_cross_subject_all_combinations.csv,csv,cross_subject,VK-RCD-Student-VK,vk+wifi-csi,,protocol3,mpjpe,0.08728650826758719,lower_better,,,yes,no,no,discussion,Parsed but not central to the main story.,high
E:\Deskbook\Tea\HPE\outputs\eval\student_vk_cross_subject_all_combinations.csv,csv,cross_subject,VK-RCD-Student-VK,vk+wifi-csi,,protocol3,pa_mpjpe,0.041606952256342304,lower_better,,,yes,no,no,discussion,Parsed but not central to the main story.,high
E:\Deskbook\Tea\HPE\outputs\eval\student_vk_cross_subject_all_combinations.csv,csv,cross_subject,VK-RCD-Student-VK,depth+lidar,,protocol3,mse,0.0014213636859453896,lower_better,,,yes,no,no,discussion,Parsed but not central to the main story.,high
E:\Deskbook\Tea\HPE\outputs\eval\student_vk_cross_subject_all_combinations.csv,csv,cross_subject,VK-RCD-Student-VK,depth+lidar,,protocol3,mpjpe,0.05282958913076502,lower_better,,,yes,no,no,discussion,Parsed but not central to the main story.,high
E:\Deskbook\Tea\HPE\outputs\eval\student_vk_cross_subject_all_combinations.csv,csv,cross_subject,VK-RCD-Student-VK,depth+lidar,,protocol3,pa_mpjpe,0.03432868740043859,lower_better,,,yes,no,no,discussion,Parsed but not central to the main story.,high
E:\Deskbook\Tea\HPE\outputs\eval\student_vk_cross_subject_all_combinations.csv,csv,cross_subject,VK-RCD-Student-VK,depth+mmwave,,protocol3,mse,0.001355680789915683,lower_better,,,yes,no,no,discussion,Parsed but not central to the main story.,high
E:\Deskbook\Tea\HPE\outputs\eval\student_vk_cross_subject_all_combinations.csv,csv,cross_subject,VK-RCD-Student-VK,depth+mmwave,,protocol3,mpjpe,0.05210770443146894,lower_better,,,yes,no,no,discussion,Parsed but not central to the main story.,high
E:\Deskbook\Tea\HPE\outputs\eval\student_vk_cross_subject_all_combinations.csv,csv,cross_subject,VK-RCD-Student-VK,depth+mmwave,,protocol3,pa_mpjpe,0.0337264381752036,lower_better,,,yes,no,no,discussion,Parsed but not central to the main story.,high
E:\Deskbook\Tea\HPE\outputs\eval\student_vk_cross_subject_all_combinations.csv,csv,cross_subject,VK-RCD-Student-VK,depth+wifi-csi,,protocol3,mse,0.0014314974647535407,lower_better,,,yes,no,no,discussion,Parsed but not central to the main story.,high
E:\Deskbook\Tea\HPE\outputs\eval\student_vk_cross_subject_all_combinations.csv,csv,cross_subject,VK-RCD-Student-VK,depth+wifi-csi,,protocol3,mpjpe,0.052952388882886024,lower_better,,,yes,no,no,discussion,Parsed but not central to the main story.,high
E:\Deskbook\Tea\HPE\outputs\eval\student_vk_cross_subject_all_combinations.csv,csv,cross_subject,VK-RCD-Student-VK,depth+wifi-csi,,protocol3,pa_mpjpe,0.034266646971951996,lower_better,,,yes,no,no,discussion,Parsed but not central to the main story.,high
E:\Deskbook\Tea\HPE\outputs\eval\student_vk_cross_subject_all_combinations.csv,csv,cross_subject,VK-RCD-Student-VK,lidar+mmwave,,protocol3,mse,0.005097698456608804,lower_better,,,yes,no,no,discussion,Parsed but not central to the main story.,high
E:\Deskbook\Tea\HPE\outputs\eval\student_vk_cross_subject_all_combinations.csv,csv,cross_subject,VK-RCD-Student-VK,lidar+mmwave,,protocol3,mpjpe,0.10466696424259928,lower_better,,,yes,no,no,discussion,Parsed but not central to the main story.,high
E:\Deskbook\Tea\HPE\outputs\eval\student_vk_cross_subject_all_combinations.csv,csv,cross_subject,VK-RCD-Student-VK,lidar+mmwave,,protocol3,pa_mpjpe,0.056190697008471825,lower_better,,,yes,no,no,discussion,Parsed but not central to the main story.,high
E:\Deskbook\Tea\HPE\outputs\eval\student_vk_cross_subject_all_combinations.csv,csv,cross_subject,VK-RCD-Student-VK,lidar+wifi-csi,,protocol3,mse,0.010612444860031702,lower_better,,,yes,no,no,discussion,Parsed but not central to the main story.,high
E:\Deskbook\Tea\HPE\outputs\eval\student_vk_cross_subject_all_combinations.csv,csv,cross_subject,VK-RCD-Student-VK,lidar+wifi-csi,,protocol3,mpjpe,0.14412270068624308,lower_better,,,yes,no,no,discussion,Parsed but not central to the main story.,high
E:\Deskbook\Tea\HPE\outputs\eval\student_vk_cross_subject_all_combinations.csv,csv,cross_subject,VK-RCD-Student-VK,lidar+wifi-csi,,protocol3,pa_mpjpe,0.09220179202360902,lower_better,,,yes,no,no,discussion,Parsed but not central to the main story.,high
E:\Deskbook\Tea\HPE\outputs\eval\student_vk_cross_subject_all_combinations.csv,csv,cross_subject,VK-RCD-Student-VK,mmwave+wifi-csi,,protocol3,mse,0.006587693767840688,lower_better,,,yes,no,no,discussion,Parsed but not central to the main story.,high
E:\Deskbook\Tea\HPE\outputs\eval\student_vk_cross_subject_all_combinations.csv,csv,cross_subject,VK-RCD-Student-VK,mmwave+wifi-csi,,protocol3,mpjpe,0.11790441298000919,lower_better,,,yes,no,no,discussion,Parsed but not central to the main story.,high
E:\Deskbook\Tea\HPE\outputs\eval\student_vk_cross_subject_all_combinations.csv,csv,cross_subject,VK-RCD-Student-VK,mmwave+wifi-csi,,protocol3,pa_mpjpe,0.05760999338008797,lower_better,,,yes,no,no,discussion,Parsed but not central to the main story.,high
E:\Deskbook\Tea\HPE\outputs\eval\student_vk_cross_subject_all_combinations.csv,csv,cross_subject,VK-RCD-Student-VK,vk+depth+lidar,,protocol3,mse,0.0012706624691277391,lower_better,,,yes,no,no,discussion,Parsed but not central to the main story.,high
E:\Deskbook\Tea\HPE\outputs\eval\student_vk_cross_subject_all_combinations.csv,csv,cross_subject,VK-RCD-Student-VK,vk+depth+lidar,,protocol3,mpjpe,0.0503657457499689,lower_better,,,yes,no,no,discussion,Parsed but not central to the main story.,high
E:\Deskbook\Tea\HPE\outputs\eval\student_vk_cross_subject_all_combinations.csv,csv,cross_subject,VK-RCD-Student-VK,vk+depth+lidar,,protocol3,pa_mpjpe,0.03284596207346551,lower_better,,,yes,no,no,discussion,Parsed but not central to the main story.,high
E:\Deskbook\Tea\HPE\outputs\eval\student_vk_cross_subject_all_combinations.csv,csv,cross_subject,VK-RCD-Student-VK,vk+depth+mmwave,,protocol3,mse,0.0012235667393914473,lower_better,,,yes,no,no,discussion,Parsed but not central to the main story.,high
E:\Deskbook\Tea\HPE\outputs\eval\student_vk_cross_subject_all_combinations.csv,csv,cross_subject,VK-RCD-Student-VK,vk+depth+mmwave,,protocol3,mpjpe,0.049676858236187935,lower_better,,,yes,no,no,discussion,Parsed but not central to the main story.,high
E:\Deskbook\Tea\HPE\outputs\eval\student_vk_cross_subject_all_combinations.csv,csv,cross_subject,VK-RCD-Student-VK,vk+depth+mmwave,,protocol3,pa_mpjpe,0.03237851070749298,lower_better,,,yes,no,no,discussion,Parsed but not central to the main story.,high
E:\Deskbook\Tea\HPE\outputs\eval\student_vk_cross_subject_all_combinations.csv,csv,cross_subject,VK-RCD-Student-VK,vk+depth+wifi-csi,,protocol3,mse,0.00126645586513974,lower_better,,,yes,no,no,discussion,Parsed but not central to the main story.,high
E:\Deskbook\Tea\HPE\outputs\eval\student_vk_cross_subject_all_combinations.csv,csv,cross_subject,VK-RCD-Student-VK,vk+depth+wifi-csi,,protocol3,mpjpe,0.05006164722149249,lower_better,,,yes,no,no,discussion,Parsed but not central to the main story.,high
E:\Deskbook\Tea\HPE\outputs\eval\student_vk_cross_subject_all_combinations.csv,csv,cross_subject,VK-RCD-Student-VK,vk+depth+wifi-csi,,protocol3,pa_mpjpe,0.03279546778633512,lower_better,,,yes,no,no,discussion,Parsed but not central to the main story.,high
E:\Deskbook\Tea\HPE\outputs\eval\student_vk_cross_subject_all_combinations.csv,csv,cross_subject,VK-RCD-Student-VK,vk+lidar+mmwave,,protocol3,mse,0.002718284902616839,lower_better,,,yes,no,no,discussion,Parsed but not central to the main story.,high
E:\Deskbook\Tea\HPE\outputs\eval\student_vk_cross_subject_all_combinations.csv,csv,cross_subject,VK-RCD-Student-VK,vk+lidar+mmwave,,protocol3,mpjpe,0.0763936264937262,lower_better,,,yes,no,no,discussion,Parsed but not central to the main story.,high
E:\Deskbook\Tea\HPE\outputs\eval\student_vk_cross_subject_all_combinations.csv,csv,cross_subject,VK-RCD-Student-VK,vk+lidar+mmwave,,protocol3,pa_mpjpe,0.038467755165454955,lower_better,,,yes,no,no,discussion,Parsed but not central to the main story.,high
E:\Deskbook\Tea\HPE\outputs\eval\student_vk_cross_subject_all_combinations.csv,csv,cross_subject,VK-RCD-Student-VK,vk+lidar+wifi-csi,,protocol3,mse,0.0031964025359403577,lower_better,,,yes,no,no,discussion,Parsed but not central to the main story.,high
E:\Deskbook\Tea\HPE\outputs\eval\student_vk_cross_subject_all_combinations.csv,csv,cross_subject,VK-RCD-Student-VK,vk+lidar+wifi-csi,,protocol3,mpjpe,0.08173703734625573,lower_better,,,yes,no,no,discussion,Parsed but not central to the main story.,high
E:\Deskbook\Tea\HPE\outputs\eval\student_vk_cross_subject_all_combinations.csv,csv,cross_subject,VK-RCD-Student-VK,vk+lidar+wifi-csi,,protocol3,pa_mpjpe,0.041369843201644246,lower_better,,,yes,no,no,discussion,Parsed but not central to the main story.,high
E:\Deskbook\Tea\HPE\outputs\eval\student_vk_cross_subject_all_combinations.csv,csv,cross_subject,VK-RCD-Student-VK,vk+mmwave+wifi-csi,,protocol3,mse,0.0025942732781377483,lower_better,,,yes,no,no,discussion,Parsed but not central to the main story.,high
E:\Deskbook\Tea\HPE\outputs\eval\student_vk_cross_subject_all_combinations.csv,csv,cross_subject,VK-RCD-Student-VK,vk+mmwave+wifi-csi,,protocol3,mpjpe,0.0751984624854346,lower_better,,,yes,no,no,discussion,Parsed but not central to the main story.,high
E:\Deskbook\Tea\HPE\outputs\eval\student_vk_cross_subject_all_combinations.csv,csv,cross_subject,VK-RCD-Student-VK,vk+mmwave+wifi-csi,,protocol3,pa_mpjpe,0.038439430028802686,lower_better,,,yes,no,no,discussion,Parsed but not central to the main story.,high
E:\Deskbook\Tea\HPE\outputs\eval\student_vk_cross_subject_all_combinations.csv,csv,cross_subject,VK-RCD-Student-VK,depth+lidar+mmwave,,protocol3,mse,0.00135875997130185,lower_better,,,yes,no,no,discussion,Parsed but not central to the main story.,high
E:\Deskbook\Tea\HPE\outputs\eval\student_vk_cross_subject_all_combinations.csv,csv,cross_subject,VK-RCD-Student-VK,depth+lidar+mmwave,,protocol3,mpjpe,0.05219122479468945,lower_better,,,yes,no,no,discussion,Parsed but not central to the main story.,high
E:\Deskbook\Tea\HPE\outputs\eval\student_vk_cross_subject_all_combinations.csv,csv,cross_subject,VK-RCD-Student-VK,depth+lidar+mmwave,,protocol3,pa_mpjpe,0.033651740362825984,lower_better,,,yes,no,no,discussion,Parsed but not central to the main story.,high
E:\Deskbook\Tea\HPE\outputs\eval\student_vk_cross_subject_all_combinations.csv,csv,cross_subject,VK-RCD-Student-VK,depth+lidar+wifi-csi,,protocol3,mse,0.0014196310085657932,lower_better,,,yes,no,no,discussion,Parsed but not central to the main story.,high
E:\Deskbook\Tea\HPE\outputs\eval\student_vk_cross_subject_all_combinations.csv,csv,cross_subject,VK-RCD-Student-VK,depth+lidar+wifi-csi,,protocol3,mpjpe,0.052839137876248596,lower_better,,,yes,no,no,discussion,Parsed but not central to the main story.,high
E:\Deskbook\Tea\HPE\outputs\eval\student_vk_cross_subject_all_combinations.csv,csv,cross_subject,VK-RCD-Student-VK,depth+lidar+wifi-csi,,protocol3,pa_mpjpe,0.034196333699785704,lower_better,,,yes,no,no,discussion,Parsed but not central to the main story.,high
E:\Deskbook\Tea\HPE\outputs\eval\student_vk_cross_subject_all_combinations.csv,csv,cross_subject,VK-RCD-Student-VK,depth+mmwave+wifi-csi,,protocol3,mse,0.0013537420527490972,lower_better,,,yes,no,no,discussion,Parsed but not central to the main story.,high
E:\Deskbook\Tea\HPE\outputs\eval\student_vk_cross_subject_all_combinations.csv,csv,cross_subject,VK-RCD-Student-VK,depth+mmwave+wifi-csi,,protocol3,mpjpe,0.052059286126867166,lower_better,,,yes,no,no,discussion,Parsed but not central to the main story.,high
E:\Deskbook\Tea\HPE\outputs\eval\student_vk_cross_subject_all_combinations.csv,csv,cross_subject,VK-RCD-Student-VK,depth+mmwave+wifi-csi,,protocol3,pa_mpjpe,0.03361608069958551,lower_better,,,yes,no,no,discussion,Parsed but not central to the main story.,high
E:\Deskbook\Tea\HPE\outputs\eval\student_vk_cross_subject_all_combinations.csv,csv,cross_subject,VK-RCD-Student-VK,lidar+mmwave+wifi-csi,,protocol3,mse,0.005105025802492401,lower_better,,,yes,no,no,discussion,Parsed but not central to the main story.,high
E:\Deskbook\Tea\HPE\outputs\eval\student_vk_cross_subject_all_combinations.csv,csv,cross_subject,VK-RCD-Student-VK,lidar+mmwave+wifi-csi,,protocol3,mpjpe,0.10447220954533482,lower_better,,,yes,no,no,discussion,Parsed but not central to the main story.,high
E:\Deskbook\Tea\HPE\outputs\eval\student_vk_cross_subject_all_combinations.csv,csv,cross_subject,VK-RCD-Student-VK,lidar+mmwave+wifi-csi,,protocol3,pa_mpjpe,0.05644571461895259,lower_better,,,yes,no,no,discussion,Parsed but not central to the main story.,high
E:\Deskbook\Tea\HPE\outputs\eval\student_vk_cross_subject_all_combinations.csv,csv,cross_subject,VK-RCD-Student-VK,vk+depth+lidar+mmwave,,protocol3,mse,0.001232212222784489,lower_better,,,yes,no,no,discussion,Parsed but not central to the main story.,high
E:\Deskbook\Tea\HPE\outputs\eval\student_vk_cross_subject_all_combinations.csv,csv,cross_subject,VK-RCD-Student-VK,vk+depth+lidar+mmwave,,protocol3,mpjpe,0.049925210887910215,lower_better,,,yes,no,no,discussion,Parsed but not central to the main story.,high
E:\Deskbook\Tea\HPE\outputs\eval\student_vk_cross_subject_all_combinations.csv,csv,cross_subject,VK-RCD-Student-VK,vk+depth+lidar+mmwave,,protocol3,pa_mpjpe,0.0323807069293021,lower_better,,,yes,no,no,discussion,Parsed but not central to the main story.,high
E:\Deskbook\Tea\HPE\outputs\eval\student_vk_cross_subject_all_combinations.csv,csv,cross_subject,VK-RCD-Student-VK,vk+depth+lidar+wifi-csi,,protocol3,mse,0.001267898764720212,lower_better,,,yes,no,no,discussion,Parsed but not central to the main story.,high
E:\Deskbook\Tea\HPE\outputs\eval\student_vk_cross_subject_all_combinations.csv,csv,cross_subject,VK-RCD-Student-VK,vk+depth+lidar+wifi-csi,,protocol3,mpjpe,0.05031251208792825,lower_better,,,yes,no,no,discussion,Parsed but not central to the main story.,high
E:\Deskbook\Tea\HPE\outputs\eval\student_vk_cross_subject_all_combinations.csv,csv,cross_subject,VK-RCD-Student-VK,vk+depth+lidar+wifi-csi,,protocol3,pa_mpjpe,0.03279643169418877,lower_better,,,yes,no,no,discussion,Parsed but not central to the main story.,high
E:\Deskbook\Tea\HPE\outputs\eval\student_vk_cross_subject_all_combinations.csv,csv,cross_subject,VK-RCD-Student-VK,vk+depth+mmwave+wifi-csi,,protocol3,mse,0.0012205006810128043,lower_better,,,yes,no,no,discussion,Parsed but not central to the main story.,high
E:\Deskbook\Tea\HPE\outputs\eval\student_vk_cross_subject_all_combinations.csv,csv,cross_subject,VK-RCD-Student-VK,vk+depth+mmwave+wifi-csi,,protocol3,mpjpe,0.04959011937359545,lower_better,,,yes,no,no,discussion,Parsed but not central to the main story.,high
E:\Deskbook\Tea\HPE\outputs\eval\student_vk_cross_subject_all_combinations.csv,csv,cross_subject,VK-RCD-Student-VK,vk+depth+mmwave+wifi-csi,,protocol3,pa_mpjpe,0.03233408615383302,lower_better,,,yes,no,no,discussion,Parsed but not central to the main story.,high
E:\Deskbook\Tea\HPE\outputs\eval\student_vk_cross_subject_all_combinations.csv,csv,cross_subject,VK-RCD-Student-VK,vk+lidar+mmwave+wifi-csi,,protocol3,mse,0.0026809615725435364,lower_better,,,yes,no,no,discussion,Parsed but not central to the main story.,high
E:\Deskbook\Tea\HPE\outputs\eval\student_vk_cross_subject_all_combinations.csv,csv,cross_subject,VK-RCD-Student-VK,vk+lidar+mmwave+wifi-csi,,protocol3,mpjpe,0.07577832691972579,lower_better,,,yes,no,no,discussion,Parsed but not central to the main story.,high
E:\Deskbook\Tea\HPE\outputs\eval\student_vk_cross_subject_all_combinations.csv,csv,cross_subject,VK-RCD-Student-VK,vk+lidar+mmwave+wifi-csi,,protocol3,pa_mpjpe,0.03853796743932974,lower_better,,,yes,no,no,discussion,Parsed but not central to the main story.,high
E:\Deskbook\Tea\HPE\outputs\eval\student_vk_cross_subject_all_combinations.csv,csv,cross_subject,VK-RCD-Student-VK,depth+lidar+mmwave+wifi-csi,,protocol3,mse,0.0013590344401159592,lower_better,,,yes,no,no,discussion,Parsed but not central to the main story.,high
E:\Deskbook\Tea\HPE\outputs\eval\student_vk_cross_subject_all_combinations.csv,csv,cross_subject,VK-RCD-Student-VK,depth+lidar+mmwave+wifi-csi,,protocol3,mpjpe,0.052209425226089914,lower_better,,,yes,no,no,discussion,Parsed but not central to the main story.,high
E:\Deskbook\Tea\HPE\outputs\eval\student_vk_cross_subject_all_combinations.csv,csv,cross_subject,VK-RCD-Student-VK,depth+lidar+mmwave+wifi-csi,,protocol3,pa_mpjpe,0.03360266576265939,lower_better,,,yes,no,no,discussion,Parsed but not central to the main story.,high
E:\Deskbook\Tea\HPE\outputs\eval\student_vk_cross_subject_all_combinations.csv,csv,cross_subject,VK-RCD-Student-VK,vk+depth+lidar+mmwave+wifi-csi,,protocol3,mse,0.0012301254046317026,lower_better,,,yes,no,no,discussion,Parsed but not central to the main story.,high
E:\Deskbook\Tea\HPE\outputs\eval\student_vk_cross_subject_all_combinations.csv,csv,cross_subject,VK-RCD-Student-VK,vk+depth+lidar+mmwave+wifi-csi,,protocol3,mpjpe,0.04987755943656949,lower_better,,,yes,no,no,discussion,Parsed but not central to the main story.,high
E:\Deskbook\Tea\HPE\outputs\eval\student_vk_cross_subject_all_combinations.csv,csv,cross_subject,VK-RCD-Student-VK,vk+depth+lidar+mmwave+wifi-csi,,protocol3,pa_mpjpe,0.03235411655352519,lower_better,,,yes,no,no,discussion,Parsed but not central to the main story.,high
E:\Deskbook\Tea\HPE\outputs\eval\student_vk_missing_modality_summary.csv,csv,full_combination,VK-RCD-Student-VK,,0,protocol3,mse,0.0014589062363879605,lower_better,,,yes,no,no,main_table,"Directly supports VK replacement, FSG, missing-modality robustness, or baseline comparison.",high
E:\Deskbook\Tea\HPE\outputs\eval\student_vk_missing_modality_summary.csv,csv,full_combination,VK-RCD-Student-VK,,0,protocol3,mpjpe,0.05017230161182905,lower_better,,,yes,no,no,main_table,"Directly supports VK replacement, FSG, missing-modality robustness, or baseline comparison.",high
E:\Deskbook\Tea\HPE\outputs\eval\student_vk_missing_modality_summary.csv,csv,full_combination,VK-RCD-Student-VK,,0,protocol3,pa_mpjpe,0.033478629448626195,lower_better,,,yes,no,no,main_table,"Directly supports VK replacement, FSG, missing-modality robustness, or baseline comparison.",high
E:\Deskbook\Tea\HPE\outputs\eval\student_vk_missing_modality_summary.csv,csv,full_combination,VK-RCD-Student-VK,,1,protocol3,mse,0.0016447037333235947,lower_better,,,yes,no,no,main_table,"Directly supports VK replacement, FSG, missing-modality robustness, or baseline comparison.",high
E:\Deskbook\Tea\HPE\outputs\eval\student_vk_missing_modality_summary.csv,csv,full_combination,VK-RCD-Student-VK,,1,protocol3,mpjpe,0.05354136404201476,lower_better,,,yes,no,no,main_table,"Directly supports VK replacement, FSG, missing-modality robustness, or baseline comparison.",high
E:\Deskbook\Tea\HPE\outputs\eval\student_vk_missing_modality_summary.csv,csv,full_combination,VK-RCD-Student-VK,,1,protocol3,pa_mpjpe,0.0348920878897556,lower_better,,,yes,no,no,main_table,"Directly supports VK replacement, FSG, missing-modality robustness, or baseline comparison.",high
E:\Deskbook\Tea\HPE\outputs\eval\student_vk_missing_modality_summary.csv,csv,full_combination,VK-RCD-Student-VK,,2,protocol3,mse,0.002110720132917895,lower_better,,,yes,no,no,main_table,"Directly supports VK replacement, FSG, missing-modality robustness, or baseline comparison.",high
E:\Deskbook\Tea\HPE\outputs\eval\student_vk_missing_modality_summary.csv,csv,full_combination,VK-RCD-Student-VK,,2,protocol3,mpjpe,0.06078233622571527,lower_better,,,yes,no,no,main_table,"Directly supports VK replacement, FSG, missing-modality robustness, or baseline comparison.",high
E:\Deskbook\Tea\HPE\outputs\eval\student_vk_missing_modality_summary.csv,csv,full_combination,VK-RCD-Student-VK,,2,protocol3,pa_mpjpe,0.038087957040746176,lower_better,,,yes,no,no,main_table,"Directly supports VK replacement, FSG, missing-modality robustness, or baseline comparison.",high
E:\Deskbook\Tea\HPE\outputs\eval\student_vk_missing_modality_summary.csv,csv,full_combination,VK-RCD-Student-VK,,3,protocol3,mse,0.0035908872748674366,lower_better,,,yes,no,no,main_table,"Directly supports VK replacement, FSG, missing-modality robustness, or baseline comparison.",high
E:\Deskbook\Tea\HPE\outputs\eval\student_vk_missing_modality_summary.csv,csv,full_combination,VK-RCD-Student-VK,,3,protocol3,mpjpe,0.07810986758686983,lower_better,,,yes,no,no,main_table,"Directly supports VK replacement, FSG, missing-modality robustness, or baseline comparison.",high
E:\Deskbook\Tea\HPE\outputs\eval\student_vk_missing_modality_summary.csv,csv,full_combination,VK-RCD-Student-VK,,3,protocol3,pa_mpjpe,0.0468401089511684,lower_better,,,yes,no,no,main_table,"Directly supports VK replacement, FSG, missing-modality robustness, or baseline comparison.",high
E:\Deskbook\Tea\HPE\outputs\eval\student_vk_missing_modality_summary.csv,csv,full_combination,VK-RCD-Student-VK,,4,protocol3,mse,0.009460226156513242,lower_better,,,yes,no,no,main_table,"Directly supports VK replacement, FSG, missing-modality robustness, or baseline comparison.",high
E:\Deskbook\Tea\HPE\outputs\eval\student_vk_missing_modality_summary.csv,csv,full_combination,VK-RCD-Student-VK,,4,protocol3,mpjpe,0.12472557024659772,lower_better,,,yes,no,no,main_table,"Directly supports VK replacement, FSG, missing-modality robustness, or baseline comparison.",high
E:\Deskbook\Tea\HPE\outputs\eval\student_vk_missing_modality_summary.csv,csv,full_combination,VK-RCD-Student-VK,,4,protocol3,pa_mpjpe,0.06800099807744027,lower_better,,,yes,no,no,main_table,"Directly supports VK replacement, FSG, missing-modality robustness, or baseline comparison.",high
E:\Deskbook\Tea\HPE\outputs\eval\student_vk_model_complexity.csv,csv,full_combination,VK-RMD Student-VK,,,,,,,,,yes,no,no,main_table,CSV parsed but no recognized metric column was found.,high
E:\Deskbook\Tea\HPE\outputs\eval\student_vk_noise_robustness.csv,csv,full_combination,VK-RCD-Student-VK,vk+depth+lidar+mmwave+wifi-csi,,,mse,0.0014590788163282586,lower_better,,,yes,no,no,main_table,"Directly supports VK replacement, FSG, missing-modality robustness, or baseline comparison.",high
E:\Deskbook\Tea\HPE\outputs\eval\student_vk_noise_robustness.csv,csv,full_combination,VK-RCD-Student-VK,vk+depth+lidar+mmwave+wifi-csi,,,mpjpe,0.050176355177133605,lower_better,,,yes,no,no,main_table,"Directly supports VK replacement, FSG, missing-modality robustness, or baseline comparison.",high
E:\Deskbook\Tea\HPE\outputs\eval\student_vk_noise_robustness.csv,csv,full_combination,VK-RCD-Student-VK,vk+depth+lidar+mmwave+wifi-csi,,,pa_mpjpe,0.033479746515280594,lower_better,,,yes,no,no,main_table,"Directly supports VK replacement, FSG, missing-modality robustness, or baseline comparison.",high
E:\Deskbook\Tea\HPE\outputs\eval\student_vk_noise_robustness.csv,csv,full_combination,VK-RCD-Student-VK,vk+depth+lidar+mmwave+wifi-csi,,,mse,0.0015710848316534925,lower_better,,,yes,no,no,main_table,"Directly supports VK replacement, FSG, missing-modality robustness, or baseline comparison.",high
E:\Deskbook\Tea\HPE\outputs\eval\student_vk_noise_robustness.csv,csv,full_combination,VK-RCD-Student-VK,vk+depth+lidar+mmwave+wifi-csi,,,mpjpe,0.052643491697829475,lower_better,,,yes,no,no,main_table,"Directly supports VK replacement, FSG, missing-modality robustness, or baseline comparison.",high
E:\Deskbook\Tea\HPE\outputs\eval\student_vk_noise_robustness.csv,csv,full_combination,VK-RCD-Student-VK,vk+depth+lidar+mmwave+wifi-csi,,,pa_mpjpe,0.03456873216758951,lower_better,,,yes,no,no,main_table,"Directly supports VK replacement, FSG, missing-modality robustness, or baseline comparison.",high
E:\Deskbook\Tea\HPE\outputs\eval\student_vk_noise_robustness.csv,csv,full_combination,VK-RCD-Student-VK,vk+depth+lidar+mmwave+wifi-csi,,,mse,0.0016379341990311823,lower_better,,,yes,no,no,main_table,"Directly supports VK replacement, FSG, missing-modality robustness, or baseline comparison.",high
E:\Deskbook\Tea\HPE\outputs\eval\student_vk_noise_robustness.csv,csv,full_combination,VK-RCD-Student-VK,vk+depth+lidar+mmwave+wifi-csi,,,mpjpe,0.05410481593208667,lower_better,,,yes,no,no,main_table,"Directly supports VK replacement, FSG, missing-modality robustness, or baseline comparison.",high
E:\Deskbook\Tea\HPE\outputs\eval\student_vk_noise_robustness.csv,csv,full_combination,VK-RCD-Student-VK,vk+depth+lidar+mmwave+wifi-csi,,,pa_mpjpe,0.03519283280854068,lower_better,,,yes,no,no,main_table,"Directly supports VK replacement, FSG, missing-modality robustness, or baseline comparison.",high
E:\Deskbook\Tea\HPE\outputs\eval\student_vk_noise_robustness.csv,csv,full_combination,VK-RCD-Student-VK,vk+depth+lidar+mmwave+wifi-csi,,,mse,0.0016690452336497448,lower_better,,,yes,no,no,main_table,"Directly supports VK replacement, FSG, missing-modality robustness, or baseline comparison.",high
E:\Deskbook\Tea\HPE\outputs\eval\student_vk_noise_robustness.csv,csv,full_combination,VK-RCD-Student-VK,vk+depth+lidar+mmwave+wifi-csi,,,mpjpe,0.054745267666453566,lower_better,,,yes,no,no,main_table,"Directly supports VK replacement, FSG, missing-modality robustness, or baseline comparison.",high
E:\Deskbook\Tea\HPE\outputs\eval\student_vk_noise_robustness.csv,csv,full_combination,VK-RCD-Student-VK,vk+depth+lidar+mmwave+wifi-csi,,,pa_mpjpe,0.03550166017187446,lower_better,,,yes,no,no,main_table,"Directly supports VK replacement, FSG, missing-modality robustness, or baseline comparison.",high
E:\Deskbook\Tea\HPE\outputs\eval\student_vk_noise_robustness.csv,csv,full_combination,VK-RCD-Student-VK,vk+depth+lidar+mmwave+wifi-csi,,,mse,0.001488102523395341,lower_better,,,yes,no,no,main_table,"Directly supports VK replacement, FSG, missing-modality robustness, or baseline comparison.",high
E:\Deskbook\Tea\HPE\outputs\eval\student_vk_noise_robustness.csv,csv,full_combination,VK-RCD-Student-VK,vk+depth+lidar+mmwave+wifi-csi,,,mpjpe,0.050876897283215254,lower_better,,,yes,no,no,main_table,"Directly supports VK replacement, FSG, missing-modality robustness, or baseline comparison.",high
E:\Deskbook\Tea\HPE\outputs\eval\student_vk_noise_robustness.csv,csv,full_combination,VK-RCD-Student-VK,vk+depth+lidar+mmwave+wifi-csi,,,pa_mpjpe,0.03392482274936885,lower_better,,,yes,no,no,main_table,"Directly supports VK replacement, FSG, missing-modality robustness, or baseline comparison.",high
E:\Deskbook\Tea\HPE\outputs\eval\student_vk_noise_robustness.csv,csv,full_combination,VK-RCD-Student-VK,vk+depth+lidar+mmwave+wifi-csi,,,mse,0.001581960488836217,lower_better,,,yes,no,no,main_table,"Directly supports VK replacement, FSG, missing-modality robustness, or baseline comparison.",high
E:\Deskbook\Tea\HPE\outputs\eval\student_vk_noise_robustness.csv,csv,full_combination,VK-RCD-Student-VK,vk+depth+lidar+mmwave+wifi-csi,,,mpjpe,0.05287696207682009,lower_better,,,yes,no,no,main_table,"Directly supports VK replacement, FSG, missing-modality robustness, or baseline comparison.",high
E:\Deskbook\Tea\HPE\outputs\eval\student_vk_noise_robustness.csv,csv,full_combination,VK-RCD-Student-VK,vk+depth+lidar+mmwave+wifi-csi,,,pa_mpjpe,0.034708920889684136,lower_better,,,yes,no,no,main_table,"Directly supports VK replacement, FSG, missing-modality robustness, or baseline comparison.",high
E:\Deskbook\Tea\HPE\outputs\eval\student_vk_noise_robustness.csv,csv,full_combination,VK-RCD-Student-VK,vk+depth+lidar+mmwave+wifi-csi,,,mse,0.0016401267167432682,lower_better,,,yes,no,no,main_table,"Directly supports VK replacement, FSG, missing-modality robustness, or baseline comparison.",high
E:\Deskbook\Tea\HPE\outputs\eval\student_vk_noise_robustness.csv,csv,full_combination,VK-RCD-Student-VK,vk+depth+lidar+mmwave+wifi-csi,,,mpjpe,0.05411605369975582,lower_better,,,yes,no,no,main_table,"Directly supports VK replacement, FSG, missing-modality robustness, or baseline comparison.",high
E:\Deskbook\Tea\HPE\outputs\eval\student_vk_noise_robustness.csv,csv,full_combination,VK-RCD-Student-VK,vk+depth+lidar+mmwave+wifi-csi,,,pa_mpjpe,0.03518595285083631,lower_better,,,yes,no,no,main_table,"Directly supports VK replacement, FSG, missing-modality robustness, or baseline comparison.",high
E:\Deskbook\Tea\HPE\outputs\eval\student_vk_noise_robustness.csv,csv,full_combination,VK-RCD-Student-VK,vk+depth+lidar+mmwave+wifi-csi,,,mse,0.0016697228733739478,lower_better,,,yes,no,no,main_table,"Directly supports VK replacement, FSG, missing-modality robustness, or baseline comparison.",high
E:\Deskbook\Tea\HPE\outputs\eval\student_vk_noise_robustness.csv,csv,full_combination,VK-RCD-Student-VK,vk+depth+lidar+mmwave+wifi-csi,,,mpjpe,0.05476401183042968,lower_better,,,yes,no,no,main_table,"Directly supports VK replacement, FSG, missing-modality robustness, or baseline comparison.",high
E:\Deskbook\Tea\HPE\outputs\eval\student_vk_noise_robustness.csv,csv,full_combination,VK-RCD-Student-VK,vk+depth+lidar+mmwave+wifi-csi,,,pa_mpjpe,0.03550198284092972,lower_better,,,yes,no,no,main_table,"Directly supports VK replacement, FSG, missing-modality robustness, or baseline comparison.",high
E:\Deskbook\Tea\HPE\outputs\eval\student_vk_noise_robustness.csv,csv,full_combination,VK-RCD-Student-VK,vk+depth+lidar+mmwave+wifi-csi,,,mse,0.001539294305564543,lower_better,,,yes,no,no,main_table,"Directly supports VK replacement, FSG, missing-modality robustness, or baseline comparison.",high
E:\Deskbook\Tea\HPE\outputs\eval\student_vk_noise_robustness.csv,csv,full_combination,VK-RCD-Student-VK,vk+depth+lidar+mmwave+wifi-csi,,,mpjpe,0.0520777138787893,lower_better,,,yes,no,no,main_table,"Directly supports VK replacement, FSG, missing-modality robustness, or baseline comparison.",high
E:\Deskbook\Tea\HPE\outputs\eval\student_vk_noise_robustness.csv,csv,full_combination,VK-RCD-Student-VK,vk+depth+lidar+mmwave+wifi-csi,,,pa_mpjpe,0.034568920084689536,lower_better,,,yes,no,no,main_table,"Directly supports VK replacement, FSG, missing-modality robustness, or baseline comparison.",high
E:\Deskbook\Tea\HPE\outputs\eval\student_vk_noise_robustness.csv,csv,full_combination,VK-RCD-Student-VK,vk+depth+lidar+mmwave+wifi-csi,,,mse,0.0015987949889641724,lower_better,,,yes,no,no,main_table,"Directly supports VK replacement, FSG, missing-modality robustness, or baseline comparison.",high
E:\Deskbook\Tea\HPE\outputs\eval\student_vk_noise_robustness.csv,csv,full_combination,VK-RCD-Student-VK,vk+depth+lidar+mmwave+wifi-csi,,,mpjpe,0.053262907062582965,lower_better,,,yes,no,no,main_table,"Directly supports VK replacement, FSG, missing-modality robustness, or baseline comparison.",high
E:\Deskbook\Tea\HPE\outputs\eval\student_vk_noise_robustness.csv,csv,full_combination,VK-RCD-Student-VK,vk+depth+lidar+mmwave+wifi-csi,,,pa_mpjpe,0.03492692394499929,lower_better,,,yes,no,no,main_table,"Directly supports VK replacement, FSG, missing-modality robustness, or baseline comparison.",high
E:\Deskbook\Tea\HPE\outputs\eval\student_vk_noise_robustness.csv,csv,full_combination,VK-RCD-Student-VK,vk+depth+lidar+mmwave+wifi-csi,,,mse,0.001638386860237358,lower_better,,,yes,no,no,main_table,"Directly supports VK replacement, FSG, missing-modality robustness, or baseline comparison.",high
E:\Deskbook\Tea\HPE\outputs\eval\student_vk_noise_robustness.csv,csv,full_combination,VK-RCD-Student-VK,vk+depth+lidar+mmwave+wifi-csi,,,mpjpe,0.05411954180905759,lower_better,,,yes,no,no,main_table,"Directly supports VK replacement, FSG, missing-modality robustness, or baseline comparison.",high
E:\Deskbook\Tea\HPE\outputs\eval\student_vk_noise_robustness.csv,csv,full_combination,VK-RCD-Student-VK,vk+depth+lidar+mmwave+wifi-csi,,,pa_mpjpe,0.035202758531772425,lower_better,,,yes,no,no,main_table,"Directly supports VK replacement, FSG, missing-modality robustness, or baseline comparison.",high
E:\Deskbook\Tea\HPE\outputs\eval\student_vk_noise_robustness.csv,csv,full_combination,VK-RCD-Student-VK,vk+depth+lidar+mmwave+wifi-csi,,,mse,0.0016693329612529602,lower_better,,,yes,no,no,main_table,"Directly supports VK replacement, FSG, missing-modality robustness, or baseline comparison.",high
E:\Deskbook\Tea\HPE\outputs\eval\student_vk_noise_robustness.csv,csv,full_combination,VK-RCD-Student-VK,vk+depth+lidar+mmwave+wifi-csi,,,mpjpe,0.05474203289361618,lower_better,,,yes,no,no,main_table,"Directly supports VK replacement, FSG, missing-modality robustness, or baseline comparison.",high
E:\Deskbook\Tea\HPE\outputs\eval\student_vk_noise_robustness.csv,csv,full_combination,VK-RCD-Student-VK,vk+depth+lidar+mmwave+wifi-csi,,,pa_mpjpe,0.03551971450513935,lower_better,,,yes,no,no,main_table,"Directly supports VK replacement, FSG, missing-modality robustness, or baseline comparison.",high
E:\Deskbook\Tea\HPE\outputs\eval\student_vk_noise_robustness.csv,csv,full_combination,VK-RCD-Student-VK,vk+depth+lidar+mmwave+wifi-csi,,,mse,0.001611003164998953,lower_better,,,yes,no,no,main_table,"Directly supports VK replacement, FSG, missing-modality robustness, or baseline comparison.",high
E:\Deskbook\Tea\HPE\outputs\eval\student_vk_noise_robustness.csv,csv,full_combination,VK-RCD-Student-VK,vk+depth+lidar+mmwave+wifi-csi,,,mpjpe,0.053631231445210106,lower_better,,,yes,no,no,main_table,"Directly supports VK replacement, FSG, missing-modality robustness, or baseline comparison.",high
E:\Deskbook\Tea\HPE\outputs\eval\student_vk_noise_robustness.csv,csv,full_combination,VK-RCD-Student-VK,vk+depth+lidar+mmwave+wifi-csi,,,pa_mpjpe,0.03519577929889569,lower_better,,,yes,no,no,main_table,"Directly supports VK replacement, FSG, missing-modality robustness, or baseline comparison.",high
E:\Deskbook\Tea\HPE\outputs\eval\student_vk_noise_robustness.csv,csv,full_combination,VK-RCD-Student-VK,vk+depth+lidar+mmwave+wifi-csi,,,mse,0.001621275579426224,lower_better,,,yes,no,no,main_table,"Directly supports VK replacement, FSG, missing-modality robustness, or baseline comparison.",high
E:\Deskbook\Tea\HPE\outputs\eval\student_vk_noise_robustness.csv,csv,full_combination,VK-RCD-Student-VK,vk+depth+lidar+mmwave+wifi-csi,,,mpjpe,0.0538456417459445,lower_better,,,yes,no,no,main_table,"Directly supports VK replacement, FSG, missing-modality robustness, or baseline comparison.",high
E:\Deskbook\Tea\HPE\outputs\eval\student_vk_noise_robustness.csv,csv,full_combination,VK-RCD-Student-VK,vk+depth+lidar+mmwave+wifi-csi,,,pa_mpjpe,0.035148136476227554,lower_better,,,yes,no,no,main_table,"Directly supports VK replacement, FSG, missing-modality robustness, or baseline comparison.",high
E:\Deskbook\Tea\HPE\outputs\eval\student_vk_noise_robustness.csv,csv,full_combination,VK-RCD-Student-VK,vk+depth+lidar+mmwave+wifi-csi,,,mse,0.0016435792571283744,lower_better,,,yes,no,no,main_table,"Directly supports VK replacement, FSG, missing-modality robustness, or baseline comparison.",high
E:\Deskbook\Tea\HPE\outputs\eval\student_vk_noise_robustness.csv,csv,full_combination,VK-RCD-Student-VK,vk+depth+lidar+mmwave+wifi-csi,,,mpjpe,0.05420943935964898,lower_better,,,yes,no,no,main_table,"Directly supports VK replacement, FSG, missing-modality robustness, or baseline comparison.",high
E:\Deskbook\Tea\HPE\outputs\eval\student_vk_noise_robustness.csv,csv,full_combination,VK-RCD-Student-VK,vk+depth+lidar+mmwave+wifi-csi,,,pa_mpjpe,0.035250653282976885,lower_better,,,yes,no,no,main_table,"Directly supports VK replacement, FSG, missing-modality robustness, or baseline comparison.",high
E:\Deskbook\Tea\HPE\outputs\eval\student_vk_noise_robustness.csv,csv,full_combination,VK-RCD-Student-VK,vk+depth+lidar+mmwave+wifi-csi,,,mse,0.0016701842608368845,lower_better,,,yes,no,no,main_table,"Directly supports VK replacement, FSG, missing-modality robustness, or baseline comparison.",high
E:\Deskbook\Tea\HPE\outputs\eval\student_vk_noise_robustness.csv,csv,full_combination,VK-RCD-Student-VK,vk+depth+lidar+mmwave+wifi-csi,,,mpjpe,0.054783189111549606,lower_better,,,yes,no,no,main_table,"Directly supports VK replacement, FSG, missing-modality robustness, or baseline comparison.",high
E:\Deskbook\Tea\HPE\outputs\eval\student_vk_noise_robustness.csv,csv,full_combination,VK-RCD-Student-VK,vk+depth+lidar+mmwave+wifi-csi,,,pa_mpjpe,0.035536594473903754,lower_better,,,yes,no,no,main_table,"Directly supports VK replacement, FSG, missing-modality robustness, or baseline comparison.",high
E:\Deskbook\Tea\HPE\outputs\eval\student_vk_random_all_combinations.csv,csv,full_combination,VK-RCD-Student-VK,vk,,protocol3,mse,0.0042037156161309,lower_better,,,yes,no,no,main_table,"Directly supports VK replacement, FSG, missing-modality robustness, or baseline comparison.",high
E:\Deskbook\Tea\HPE\outputs\eval\student_vk_random_all_combinations.csv,csv,full_combination,VK-RCD-Student-VK,vk,,protocol3,mpjpe,0.09265792634547657,lower_better,,,yes,no,no,main_table,"Directly supports VK replacement, FSG, missing-modality robustness, or baseline comparison.",high
E:\Deskbook\Tea\HPE\outputs\eval\student_vk_random_all_combinations.csv,csv,full_combination,VK-RCD-Student-VK,vk,,protocol3,pa_mpjpe,0.04260477659574138,lower_better,,,yes,no,no,main_table,"Directly supports VK replacement, FSG, missing-modality robustness, or baseline comparison.",high
E:\Deskbook\Tea\HPE\outputs\eval\student_vk_random_all_combinations.csv,csv,full_combination,VK-RCD-Student-VK,depth,,protocol3,mse,0.001654148517346479,lower_better,,,yes,no,no,main_table,"Directly supports VK replacement, FSG, missing-modality robustness, or baseline comparison.",high
E:\Deskbook\Tea\HPE\outputs\eval\student_vk_random_all_combinations.csv,csv,full_combination,VK-RCD-Student-VK,depth,,protocol3,mpjpe,0.05387680247762373,lower_better,,,yes,no,no,main_table,"Directly supports VK replacement, FSG, missing-modality robustness, or baseline comparison.",high
E:\Deskbook\Tea\HPE\outputs\eval\student_vk_random_all_combinations.csv,csv,full_combination,VK-RCD-Student-VK,depth,,protocol3,pa_mpjpe,0.035605148251710926,lower_better,,,yes,no,no,main_table,"Directly supports VK replacement, FSG, missing-modality robustness, or baseline comparison.",high
E:\Deskbook\Tea\HPE\outputs\eval\student_vk_random_all_combinations.csv,csv,full_combination,VK-RCD-Student-VK,lidar,,protocol3,mse,0.010243843823846945,lower_better,,,yes,no,no,main_table,"Directly supports VK replacement, FSG, missing-modality robustness, or baseline comparison.",high
E:\Deskbook\Tea\HPE\outputs\eval\student_vk_random_all_combinations.csv,csv,full_combination,VK-RCD-Student-VK,lidar,,protocol3,mpjpe,0.1401449831358021,lower_better,,,yes,no,no,main_table,"Directly supports VK replacement, FSG, missing-modality robustness, or baseline comparison.",high
E:\Deskbook\Tea\HPE\outputs\eval\student_vk_random_all_combinations.csv,csv,full_combination,VK-RCD-Student-VK,lidar,,protocol3,pa_mpjpe,0.09351575630813322,lower_better,,,yes,no,no,main_table,"Directly supports VK replacement, FSG, missing-modality robustness, or baseline comparison.",high
E:\Deskbook\Tea\HPE\outputs\eval\student_vk_random_all_combinations.csv,csv,full_combination,VK-RCD-Student-VK,mmwave,,protocol3,mse,0.006489229240137789,lower_better,,,yes,no,no,main_table,"Directly supports VK replacement, FSG, missing-modality robustness, or baseline comparison.",high
E:\Deskbook\Tea\HPE\outputs\eval\student_vk_random_all_combinations.csv,csv,full_combination,VK-RCD-Student-VK,mmwave,,protocol3,mpjpe,0.11497672817358903,lower_better,,,yes,no,no,main_table,"Directly supports VK replacement, FSG, missing-modality robustness, or baseline comparison.",high
E:\Deskbook\Tea\HPE\outputs\eval\student_vk_random_all_combinations.csv,csv,full_combination,VK-RCD-Student-VK,mmwave,,protocol3,pa_mpjpe,0.05813436628015609,lower_better,,,yes,no,no,main_table,"Directly supports VK replacement, FSG, missing-modality robustness, or baseline comparison.",high
E:\Deskbook\Tea\HPE\outputs\eval\student_vk_random_all_combinations.csv,csv,full_combination,VK-RCD-Student-VK,wifi-csi,,protocol3,mse,0.024730338693298756,lower_better,,,yes,no,no,main_table,"Directly supports VK replacement, FSG, missing-modality robustness, or baseline comparison.",high
E:\Deskbook\Tea\HPE\outputs\eval\student_vk_random_all_combinations.csv,csv,full_combination,VK-RCD-Student-VK,wifi-csi,,protocol3,mpjpe,0.22214030740616075,lower_better,,,yes,no,no,main_table,"Directly supports VK replacement, FSG, missing-modality robustness, or baseline comparison.",high
E:\Deskbook\Tea\HPE\outputs\eval\student_vk_random_all_combinations.csv,csv,full_combination,VK-RCD-Student-VK,wifi-csi,,protocol3,pa_mpjpe,0.11018826500361152,lower_better,,,yes,no,no,main_table,"Directly supports VK replacement, FSG, missing-modality robustness, or baseline comparison.",high
E:\Deskbook\Tea\HPE\outputs\eval\student_vk_random_all_combinations.csv,csv,full_combination,VK-RCD-Student-VK,vk+depth,,protocol3,mse,0.001546571292512143,lower_better,,,yes,no,no,main_table,"Directly supports VK replacement, FSG, missing-modality robustness, or baseline comparison.",high
E:\Deskbook\Tea\HPE\outputs\eval\student_vk_random_all_combinations.csv,csv,full_combination,VK-RCD-Student-VK,vk+depth,,protocol3,mpjpe,0.051651995646260836,lower_better,,,yes,no,no,main_table,"Directly supports VK replacement, FSG, missing-modality robustness, or baseline comparison.",high
E:\Deskbook\Tea\HPE\outputs\eval\student_vk_random_all_combinations.csv,csv,full_combination,VK-RCD-Student-VK,vk+depth,,protocol3,pa_mpjpe,0.03429480645149197,lower_better,,,yes,no,no,main_table,"Directly supports VK replacement, FSG, missing-modality robustness, or baseline comparison.",high
E:\Deskbook\Tea\HPE\outputs\eval\student_vk_random_all_combinations.csv,csv,full_combination,VK-RCD-Student-VK,vk+lidar,,protocol3,mse,0.00284866231915035,lower_better,,,yes,no,no,main_table,"Directly supports VK replacement, FSG, missing-modality robustness, or baseline comparison.",high
E:\Deskbook\Tea\HPE\outputs\eval\student_vk_random_all_combinations.csv,csv,full_combination,VK-RCD-Student-VK,vk+lidar,,protocol3,mpjpe,0.07318077670822105,lower_better,,,yes,no,no,main_table,"Directly supports VK replacement, FSG, missing-modality robustness, or baseline comparison.",high
E:\Deskbook\Tea\HPE\outputs\eval\student_vk_random_all_combinations.csv,csv,full_combination,VK-RCD-Student-VK,vk+lidar,,protocol3,pa_mpjpe,0.04191833647256917,lower_better,,,yes,no,no,main_table,"Directly supports VK replacement, FSG, missing-modality robustness, or baseline comparison.",high
E:\Deskbook\Tea\HPE\outputs\eval\student_vk_random_all_combinations.csv,csv,full_combination,VK-RCD-Student-VK,vk+mmwave,,protocol3,mse,0.0024974980529448593,lower_better,,,yes,no,no,main_table,"Directly supports VK replacement, FSG, missing-modality robustness, or baseline comparison.",high
E:\Deskbook\Tea\HPE\outputs\eval\student_vk_random_all_combinations.csv,csv,full_combination,VK-RCD-Student-VK,vk+mmwave,,protocol3,mpjpe,0.06893080177162113,lower_better,,,yes,no,no,main_table,"Directly supports VK replacement, FSG, missing-modality robustness, or baseline comparison.",high
E:\Deskbook\Tea\HPE\outputs\eval\student_vk_random_all_combinations.csv,csv,full_combination,VK-RCD-Student-VK,vk+mmwave,,protocol3,pa_mpjpe,0.038897730871313006,lower_better,,,yes,no,no,main_table,"Directly supports VK replacement, FSG, missing-modality robustness, or baseline comparison.",high
E:\Deskbook\Tea\HPE\outputs\eval\student_vk_random_all_combinations.csv,csv,full_combination,VK-RCD-Student-VK,vk+wifi-csi,,protocol3,mse,0.0038386925688665093,lower_better,,,yes,no,no,main_table,"Directly supports VK replacement, FSG, missing-modality robustness, or baseline comparison.",high
E:\Deskbook\Tea\HPE\outputs\eval\student_vk_random_all_combinations.csv,csv,full_combination,VK-RCD-Student-VK,vk+wifi-csi,,protocol3,mpjpe,0.08810980767030224,lower_better,,,yes,no,no,main_table,"Directly supports VK replacement, FSG, missing-modality robustness, or baseline comparison.",high
E:\Deskbook\Tea\HPE\outputs\eval\student_vk_random_all_combinations.csv,csv,full_combination,VK-RCD-Student-VK,vk+wifi-csi,,protocol3,pa_mpjpe,0.042303543912036314,lower_better,,,yes,no,no,main_table,"Directly supports VK replacement, FSG, missing-modality robustness, or baseline comparison.",high
E:\Deskbook\Tea\HPE\outputs\eval\student_vk_random_all_combinations.csv,csv,full_combination,VK-RCD-Student-VK,depth+lidar,,protocol3,mse,0.0016192525704980419,lower_better,,,yes,no,no,main_table,"Directly supports VK replacement, FSG, missing-modality robustness, or baseline comparison.",high
E:\Deskbook\Tea\HPE\outputs\eval\student_vk_random_all_combinations.csv,csv,full_combination,VK-RCD-Student-VK,depth+lidar,,protocol3,mpjpe,0.05300405515888145,lower_better,,,yes,no,no,main_table,"Directly supports VK replacement, FSG, missing-modality robustness, or baseline comparison.",high
E:\Deskbook\Tea\HPE\outputs\eval\student_vk_random_all_combinations.csv,csv,full_combination,VK-RCD-Student-VK,depth+lidar,,protocol3,pa_mpjpe,0.03535299535655991,lower_better,,,yes,no,no,main_table,"Directly supports VK replacement, FSG, missing-modality robustness, or baseline comparison.",high
E:\Deskbook\Tea\HPE\outputs\eval\student_vk_random_all_combinations.csv,csv,full_combination,VK-RCD-Student-VK,depth+mmwave,,protocol3,mse,0.0015442892750156647,lower_better,,,yes,no,no,main_table,"Directly supports VK replacement, FSG, missing-modality robustness, or baseline comparison.",high
E:\Deskbook\Tea\HPE\outputs\eval\student_vk_random_all_combinations.csv,csv,full_combination,VK-RCD-Student-VK,depth+mmwave,,protocol3,mpjpe,0.05231520150928541,lower_better,,,yes,no,no,main_table,"Directly supports VK replacement, FSG, missing-modality robustness, or baseline comparison.",high
E:\Deskbook\Tea\HPE\outputs\eval\student_vk_random_all_combinations.csv,csv,full_combination,VK-RCD-Student-VK,depth+mmwave,,protocol3,pa_mpjpe,0.03463931751309638,lower_better,,,yes,no,no,main_table,"Directly supports VK replacement, FSG, missing-modality robustness, or baseline comparison.",high
E:\Deskbook\Tea\HPE\outputs\eval\student_vk_random_all_combinations.csv,csv,full_combination,VK-RCD-Student-VK,depth+wifi-csi,,protocol3,mse,0.0016447879172968019,lower_better,,,yes,no,no,main_table,"Directly supports VK replacement, FSG, missing-modality robustness, or baseline comparison.",high
E:\Deskbook\Tea\HPE\outputs\eval\student_vk_random_all_combinations.csv,csv,full_combination,VK-RCD-Student-VK,depth+wifi-csi,,protocol3,mpjpe,0.05354213043870824,lower_better,,,yes,no,no,main_table,"Directly supports VK replacement, FSG, missing-modality robustness, or baseline comparison.",high
E:\Deskbook\Tea\HPE\outputs\eval\student_vk_random_all_combinations.csv,csv,full_combination,VK-RCD-Student-VK,depth+wifi-csi,,protocol3,pa_mpjpe,0.035520971858263306,lower_better,,,yes,no,no,main_table,"Directly supports VK replacement, FSG, missing-modality robustness, or baseline comparison.",high
E:\Deskbook\Tea\HPE\outputs\eval\student_vk_random_all_combinations.csv,csv,full_combination,VK-RCD-Student-VK,lidar+mmwave,,protocol3,mse,0.004704336054867717,lower_better,,,yes,no,no,main_table,"Directly supports VK replacement, FSG, missing-modality robustness, or baseline comparison.",high
E:\Deskbook\Tea\HPE\outputs\eval\student_vk_random_all_combinations.csv,csv,full_combination,VK-RCD-Student-VK,lidar+mmwave,,protocol3,mpjpe,0.09752471933345988,lower_better,,,yes,no,no,main_table,"Directly supports VK replacement, FSG, missing-modality robustness, or baseline comparison.",high
E:\Deskbook\Tea\HPE\outputs\eval\student_vk_random_all_combinations.csv,csv,full_combination,VK-RCD-Student-VK,lidar+mmwave,,protocol3,pa_mpjpe,0.055080816804069746,lower_better,,,yes,no,no,main_table,"Directly supports VK replacement, FSG, missing-modality robustness, or baseline comparison.",high
E:\Deskbook\Tea\HPE\outputs\eval\student_vk_random_all_combinations.csv,csv,full_combination,VK-RCD-Student-VK,lidar+wifi-csi,,protocol3,mse,0.00975890832528433,lower_better,,,yes,no,no,main_table,"Directly supports VK replacement, FSG, missing-modality robustness, or baseline comparison.",high
E:\Deskbook\Tea\HPE\outputs\eval\student_vk_random_all_combinations.csv,csv,full_combination,VK-RCD-Student-VK,lidar+wifi-csi,,protocol3,mpjpe,0.13415646832703443,lower_better,,,yes,no,no,main_table,"Directly supports VK replacement, FSG, missing-modality robustness, or baseline comparison.",high
E:\Deskbook\Tea\HPE\outputs\eval\student_vk_random_all_combinations.csv,csv,full_combination,VK-RCD-Student-VK,lidar+wifi-csi,,protocol3,pa_mpjpe,0.09317818387339087,lower_better,,,yes,no,no,main_table,"Directly supports VK replacement, FSG, missing-modality robustness, or baseline comparison.",high
E:\Deskbook\Tea\HPE\outputs\eval\student_vk_random_all_combinations.csv,csv,full_combination,VK-RCD-Student-VK,mmwave+wifi-csi,,protocol3,mse,0.005898957081251278,lower_better,,,yes,no,no,main_table,"Directly supports VK replacement, FSG, missing-modality robustness, or baseline comparison.",high
E:\Deskbook\Tea\HPE\outputs\eval\student_vk_random_all_combinations.csv,csv,full_combination,VK-RCD-Student-VK,mmwave+wifi-csi,,protocol3,mpjpe,0.10854143169079655,lower_better,,,yes,no,no,main_table,"Directly supports VK replacement, FSG, missing-modality robustness, or baseline comparison.",high
E:\Deskbook\Tea\HPE\outputs\eval\student_vk_random_all_combinations.csv,csv,full_combination,VK-RCD-Student-VK,mmwave+wifi-csi,,protocol3,pa_mpjpe,0.05726726742792757,lower_better,,,yes,no,no,main_table,"Directly supports VK replacement, FSG, missing-modality robustness, or baseline comparison.",high
E:\Deskbook\Tea\HPE\outputs\eval\student_vk_random_all_combinations.csv,csv,full_combination,VK-RCD-Student-VK,vk+depth+lidar,,protocol3,mse,0.0015225304774090164,lower_better,,,yes,no,no,main_table,"Directly supports VK replacement, FSG, missing-modality robustness, or baseline comparison.",high
E:\Deskbook\Tea\HPE\outputs\eval\student_vk_random_all_combinations.csv,csv,full_combination,VK-RCD-Student-VK,vk+depth+lidar,,protocol3,mpjpe,0.051096831663582656,lower_better,,,yes,no,no,main_table,"Directly supports VK replacement, FSG, missing-modality robustness, or baseline comparison.",high
E:\Deskbook\Tea\HPE\outputs\eval\student_vk_random_all_combinations.csv,csv,full_combination,VK-RCD-Student-VK,vk+depth+lidar,,protocol3,pa_mpjpe,0.03415563468977616,lower_better,,,yes,no,no,main_table,"Directly supports VK replacement, FSG, missing-modality robustness, or baseline comparison.",high
E:\Deskbook\Tea\HPE\outputs\eval\student_vk_random_all_combinations.csv,csv,full_combination,VK-RCD-Student-VK,vk+depth+mmwave,,protocol3,mse,0.0014688366100711562,lower_better,,,yes,no,no,main_table,"Directly supports VK replacement, FSG, missing-modality robustness, or baseline comparison.",high
E:\Deskbook\Tea\HPE\outputs\eval\student_vk_random_all_combinations.csv,csv,full_combination,VK-RCD-Student-VK,vk+depth+mmwave,,protocol3,mpjpe,0.05049858892909984,lower_better,,,yes,no,no,main_table,"Directly supports VK replacement, FSG, missing-modality robustness, or baseline comparison.",high
E:\Deskbook\Tea\HPE\outputs\eval\student_vk_random_all_combinations.csv,csv,full_combination,VK-RCD-Student-VK,vk+depth+mmwave,,protocol3,pa_mpjpe,0.03352493338257131,lower_better,,,yes,no,no,main_table,"Directly supports VK replacement, FSG, missing-modality robustness, or baseline comparison.",high
E:\Deskbook\Tea\HPE\outputs\eval\student_vk_random_all_combinations.csv,csv,full_combination,VK-RCD-Student-VK,vk+depth+wifi-csi,,protocol3,mse,0.0015463852831157576,lower_better,,,yes,no,no,main_table,"Directly supports VK replacement, FSG, missing-modality robustness, or baseline comparison.",high
E:\Deskbook\Tea\HPE\outputs\eval\student_vk_random_all_combinations.csv,csv,full_combination,VK-RCD-Student-VK,vk+depth+wifi-csi,,protocol3,mpjpe,0.05162977955446589,lower_better,,,yes,no,no,main_table,"Directly supports VK replacement, FSG, missing-modality robustness, or baseline comparison.",high
E:\Deskbook\Tea\HPE\outputs\eval\student_vk_random_all_combinations.csv,csv,full_combination,VK-RCD-Student-VK,vk+depth+wifi-csi,,protocol3,pa_mpjpe,0.03429365993499682,lower_better,,,yes,no,no,main_table,"Directly supports VK replacement, FSG, missing-modality robustness, or baseline comparison.",high
E:\Deskbook\Tea\HPE\outputs\eval\student_vk_random_all_combinations.csv,csv,full_combination,VK-RCD-Student-VK,vk+lidar+mmwave,,protocol3,mse,0.002356276053405461,lower_better,,,yes,no,no,main_table,"Directly supports VK replacement, FSG, missing-modality robustness, or baseline comparison.",high
E:\Deskbook\Tea\HPE\outputs\eval\student_vk_random_all_combinations.csv,csv,full_combination,VK-RCD-Student-VK,vk+lidar+mmwave,,protocol3,mpjpe,0.0660776827855551,lower_better,,,yes,no,no,main_table,"Directly supports VK replacement, FSG, missing-modality robustness, or baseline comparison.",high
E:\Deskbook\Tea\HPE\outputs\eval\student_vk_random_all_combinations.csv,csv,full_combination,VK-RCD-Student-VK,vk+lidar+mmwave,,protocol3,pa_mpjpe,0.03876692633328651,lower_better,,,yes,no,no,main_table,"Directly supports VK replacement, FSG, missing-modality robustness, or baseline comparison.",high
E:\Deskbook\Tea\HPE\outputs\eval\student_vk_random_all_combinations.csv,csv,full_combination,VK-RCD-Student-VK,vk+lidar+wifi-csi,,protocol3,mse,0.0026860283605687246,lower_better,,,yes,no,no,main_table,"Directly supports VK replacement, FSG, missing-modality robustness, or baseline comparison.",high
E:\Deskbook\Tea\HPE\outputs\eval\student_vk_random_all_combinations.csv,csv,full_combination,VK-RCD-Student-VK,vk+lidar+wifi-csi,,protocol3,mpjpe,0.07072817778333507,lower_better,,,yes,no,no,main_table,"Directly supports VK replacement, FSG, missing-modality robustness, or baseline comparison.",high
E:\Deskbook\Tea\HPE\outputs\eval\student_vk_random_all_combinations.csv,csv,full_combination,VK-RCD-Student-VK,vk+lidar+wifi-csi,,protocol3,pa_mpjpe,0.04175837361077297,lower_better,,,yes,no,no,main_table,"Directly supports VK replacement, FSG, missing-modality robustness, or baseline comparison.",high
E:\Deskbook\Tea\HPE\outputs\eval\student_vk_random_all_combinations.csv,csv,full_combination,VK-RCD-Student-VK,vk+mmwave+wifi-csi,,protocol3,mse,0.0023671148870710442,lower_better,,,yes,no,no,main_table,"Directly supports VK replacement, FSG, missing-modality robustness, or baseline comparison.",high
E:\Deskbook\Tea\HPE\outputs\eval\student_vk_random_all_combinations.csv,csv,full_combination,VK-RCD-Student-VK,vk+mmwave+wifi-csi,,protocol3,mpjpe,0.06669317765972281,lower_better,,,yes,no,no,main_table,"Directly supports VK replacement, FSG, missing-modality robustness, or baseline comparison.",high
E:\Deskbook\Tea\HPE\outputs\eval\student_vk_random_all_combinations.csv,csv,full_combination,VK-RCD-Student-VK,vk+mmwave+wifi-csi,,protocol3,pa_mpjpe,0.03879595749931614,lower_better,,,yes,no,no,main_table,"Directly supports VK replacement, FSG, missing-modality robustness, or baseline comparison.",high
E:\Deskbook\Tea\HPE\outputs\eval\student_vk_random_all_combinations.csv,csv,full_combination,VK-RCD-Student-VK,depth+lidar+mmwave,,protocol3,mse,0.0015312368864319164,lower_better,,,yes,no,no,main_table,"Directly supports VK replacement, FSG, missing-modality robustness, or baseline comparison.",high
E:\Deskbook\Tea\HPE\outputs\eval\student_vk_random_all_combinations.csv,csv,full_combination,VK-RCD-Student-VK,depth+lidar+mmwave,,protocol3,mpjpe,0.05191554738856013,lower_better,,,yes,no,no,main_table,"Directly supports VK replacement, FSG, missing-modality robustness, or baseline comparison.",high
E:\Deskbook\Tea\HPE\outputs\eval\student_vk_random_all_combinations.csv,csv,full_combination,VK-RCD-Student-VK,depth+lidar+mmwave,,protocol3,pa_mpjpe,0.03450231149427323,lower_better,,,yes,no,no,main_table,"Directly supports VK replacement, FSG, missing-modality robustness, or baseline comparison.",high
E:\Deskbook\Tea\HPE\outputs\eval\student_vk_random_all_combinations.csv,csv,full_combination,VK-RCD-Student-VK,depth+lidar+wifi-csi,,protocol3,mse,0.0016157357491297206,lower_better,,,yes,no,no,main_table,"Directly supports VK replacement, FSG, missing-modality robustness, or baseline comparison.",high
E:\Deskbook\Tea\HPE\outputs\eval\student_vk_random_all_combinations.csv,csv,full_combination,VK-RCD-Student-VK,depth+lidar+wifi-csi,,protocol3,mpjpe,0.052851675177455947,lower_better,,,yes,no,no,main_table,"Directly supports VK replacement, FSG, missing-modality robustness, or baseline comparison.",high
E:\Deskbook\Tea\HPE\outputs\eval\student_vk_random_all_combinations.csv,csv,full_combination,VK-RCD-Student-VK,depth+lidar+wifi-csi,,protocol3,pa_mpjpe,0.03538104488147404,lower_better,,,yes,no,no,main_table,"Directly supports VK replacement, FSG, missing-modality robustness, or baseline comparison.",high
E:\Deskbook\Tea\HPE\outputs\eval\student_vk_random_all_combinations.csv,csv,full_combination,VK-RCD-Student-VK,depth+mmwave+wifi-csi,,protocol3,mse,0.001540207419495854,lower_better,,,yes,no,no,main_table,"Directly supports VK replacement, FSG, missing-modality robustness, or baseline comparison.",high
E:\Deskbook\Tea\HPE\outputs\eval\student_vk_random_all_combinations.csv,csv,full_combination,VK-RCD-Student-VK,depth+mmwave+wifi-csi,,protocol3,mpjpe,0.05213063024170255,lower_better,,,yes,no,no,main_table,"Directly supports VK replacement, FSG, missing-modality robustness, or baseline comparison.",high
E:\Deskbook\Tea\HPE\outputs\eval\student_vk_random_all_combinations.csv,csv,full_combination,VK-RCD-Student-VK,depth+mmwave+wifi-csi,,protocol3,pa_mpjpe,0.03461726423344994,lower_better,,,yes,no,no,main_table,"Directly supports VK replacement, FSG, missing-modality robustness, or baseline comparison.",high
E:\Deskbook\Tea\HPE\outputs\eval\student_vk_random_all_combinations.csv,csv,full_combination,VK-RCD-Student-VK,lidar+mmwave+wifi-csi,,protocol3,mse,0.004466341360285042,lower_better,,,yes,no,no,main_table,"Directly supports VK replacement, FSG, missing-modality robustness, or baseline comparison.",high
E:\Deskbook\Tea\HPE\outputs\eval\student_vk_random_all_combinations.csv,csv,full_combination,VK-RCD-Student-VK,lidar+mmwave+wifi-csi,,protocol3,mpjpe,0.09416607600102654,lower_better,,,yes,no,no,main_table,"Directly supports VK replacement, FSG, missing-modality robustness, or baseline comparison.",high
E:\Deskbook\Tea\HPE\outputs\eval\student_vk_random_all_combinations.csv,csv,full_combination,VK-RCD-Student-VK,lidar+mmwave+wifi-csi,,protocol3,pa_mpjpe,0.05505324812103596,lower_better,,,yes,no,no,main_table,"Directly supports VK replacement, FSG, missing-modality robustness, or baseline comparison.",high
E:\Deskbook\Tea\HPE\outputs\eval\student_vk_random_all_combinations.csv,csv,full_combination,VK-RCD-Student-VK,vk+depth+lidar+mmwave,,protocol3,mse,0.001460376198698154,lower_better,,,yes,no,no,main_table,"Directly supports VK replacement, FSG, missing-modality robustness, or baseline comparison.",high
E:\Deskbook\Tea\HPE\outputs\eval\student_vk_random_all_combinations.csv,csv,full_combination,VK-RCD-Student-VK,vk+depth+lidar+mmwave,,protocol3,mpjpe,0.05024778772173848,lower_better,,,yes,no,no,main_table,"Directly supports VK replacement, FSG, missing-modality robustness, or baseline comparison.",high
E:\Deskbook\Tea\HPE\outputs\eval\student_vk_random_all_combinations.csv,csv,full_combination,VK-RCD-Student-VK,vk+depth+lidar+mmwave,,protocol3,pa_mpjpe,0.03344772763694086,lower_better,,,yes,no,no,main_table,"Directly supports VK replacement, FSG, missing-modality robustness, or baseline comparison.",high
E:\Deskbook\Tea\HPE\outputs\eval\student_vk_random_all_combinations.csv,csv,full_combination,VK-RCD-Student-VK,vk+depth+lidar+wifi-csi,,protocol3,mse,0.0015218786691653555,lower_better,,,yes,no,no,main_table,"Directly supports VK replacement, FSG, missing-modality robustness, or baseline comparison.",high
E:\Deskbook\Tea\HPE\outputs\eval\student_vk_random_all_combinations.csv,csv,full_combination,VK-RCD-Student-VK,vk+depth+lidar+wifi-csi,,protocol3,mpjpe,0.05104702214446429,lower_better,,,yes,no,no,main_table,"Directly supports VK replacement, FSG, missing-modality robustness, or baseline comparison.",high
E:\Deskbook\Tea\HPE\outputs\eval\student_vk_random_all_combinations.csv,csv,full_combination,VK-RCD-Student-VK,vk+depth+lidar+wifi-csi,,protocol3,pa_mpjpe,0.03418443617068948,lower_better,,,yes,no,no,main_table,"Directly supports VK replacement, FSG, missing-modality robustness, or baseline comparison.",high
E:\Deskbook\Tea\HPE\outputs\eval\student_vk_random_all_combinations.csv,csv,full_combination,VK-RCD-Student-VK,vk+depth+mmwave+wifi-csi,,protocol3,mse,0.0014668070756460835,lower_better,,,yes,no,no,main_table,"Directly supports VK replacement, FSG, missing-modality robustness, or baseline comparison.",high
E:\Deskbook\Tea\HPE\outputs\eval\student_vk_random_all_combinations.csv,csv,full_combination,VK-RCD-Student-VK,vk+depth+mmwave+wifi-csi,,protocol3,mpjpe,0.050412674096865555,lower_better,,,yes,no,no,main_table,"Directly supports VK replacement, FSG, missing-modality robustness, or baseline comparison.",high
E:\Deskbook\Tea\HPE\outputs\eval\student_vk_random_all_combinations.csv,csv,full_combination,VK-RCD-Student-VK,vk+depth+mmwave+wifi-csi,,protocol3,pa_mpjpe,0.03353525841963194,lower_better,,,yes,no,no,main_table,"Directly supports VK replacement, FSG, missing-modality robustness, or baseline comparison.",high
E:\Deskbook\Tea\HPE\outputs\eval\student_vk_random_all_combinations.csv,csv,full_combination,VK-RCD-Student-VK,vk+lidar+mmwave+wifi-csi,,protocol3,mse,0.002246707553078339,lower_better,,,yes,no,no,main_table,"Directly supports VK replacement, FSG, missing-modality robustness, or baseline comparison.",high
E:\Deskbook\Tea\HPE\outputs\eval\student_vk_random_all_combinations.csv,csv,full_combination,VK-RCD-Student-VK,vk+lidar+mmwave+wifi-csi,,protocol3,mpjpe,0.06424578081355128,lower_better,,,yes,no,no,main_table,"Directly supports VK replacement, FSG, missing-modality robustness, or baseline comparison.",high
E:\Deskbook\Tea\HPE\outputs\eval\student_vk_random_all_combinations.csv,csv,full_combination,VK-RCD-Student-VK,vk+lidar+mmwave+wifi-csi,,protocol3,pa_mpjpe,0.038753721364734345,lower_better,,,yes,no,no,main_table,"Directly supports VK replacement, FSG, missing-modality robustness, or baseline comparison.",high
E:\Deskbook\Tea\HPE\outputs\eval\student_vk_random_all_combinations.csv,csv,full_combination,VK-RCD-Student-VK,depth+lidar+mmwave+wifi-csi,,protocol3,mse,0.0015285952092717273,lower_better,,,yes,no,no,main_table,"Directly supports VK replacement, FSG, missing-modality robustness, or baseline comparison.",high
E:\Deskbook\Tea\HPE\outputs\eval\student_vk_random_all_combinations.csv,csv,full_combination,VK-RCD-Student-VK,depth+lidar+mmwave+wifi-csi,,protocol3,mpjpe,0.051776448620104894,lower_better,,,yes,no,no,main_table,"Directly supports VK replacement, FSG, missing-modality robustness, or baseline comparison.",high
E:\Deskbook\Tea\HPE\outputs\eval\student_vk_random_all_combinations.csv,csv,full_combination,VK-RCD-Student-VK,depth+lidar+mmwave+wifi-csi,,protocol3,pa_mpjpe,0.03454013590700214,lower_better,,,yes,no,no,main_table,"Directly supports VK replacement, FSG, missing-modality robustness, or baseline comparison.",high
E:\Deskbook\Tea\HPE\outputs\eval\student_vk_random_all_combinations.csv,csv,full_combination,VK-RCD-Student-VK,vk+depth+lidar+mmwave+wifi-csi,,protocol3,mse,0.0014590754113252694,lower_better,,,yes,no,no,main_table,"Directly supports VK replacement, FSG, missing-modality robustness, or baseline comparison.",high
E:\Deskbook\Tea\HPE\outputs\eval\student_vk_random_all_combinations.csv,csv,full_combination,VK-RCD-Student-VK,vk+depth+lidar+mmwave+wifi-csi,,protocol3,mpjpe,0.05017110667421286,lower_better,,,yes,no,no,main_table,"Directly supports VK replacement, FSG, missing-modality robustness, or baseline comparison.",high
E:\Deskbook\Tea\HPE\outputs\eval\student_vk_random_all_combinations.csv,csv,full_combination,VK-RCD-Student-VK,vk+depth+lidar+mmwave+wifi-csi,,protocol3,pa_mpjpe,0.03348148443386075,lower_better,,,yes,no,no,main_table,"Directly supports VK replacement, FSG, missing-modality robustness, or baseline comparison.",high
E:\Deskbook\Tea\HPE\outputs\eval\student_vk_reliability_weights.csv,csv,reliability,VK-RMD Student-VK,,,,,,,,,yes,no,no,figure,CSV parsed but no recognized metric column was found.,high
E:\Deskbook\Tea\HPE\outputs\eval\teacher_all_combinations.csv,csv,HPE,VK-RCD-Teacher,vk,,protocol3,mse,0.08846354111703884,lower_better,,,yes,no,no,main_table,"Directly supports VK replacement, FSG, missing-modality robustness, or baseline comparison.",high
E:\Deskbook\Tea\HPE\outputs\eval\teacher_all_combinations.csv,csv,HPE,VK-RCD-Teacher,vk,,protocol3,mpjpe,0.48799281183703164,lower_better,,,yes,no,no,main_table,"Directly supports VK replacement, FSG, missing-modality robustness, or baseline comparison.",high
E:\Deskbook\Tea\HPE\outputs\eval\teacher_all_combinations.csv,csv,HPE,VK-RCD-Teacher,vk,,protocol3,pa_mpjpe,0.13935465572873706,lower_better,,,yes,no,no,main_table,"Directly supports VK replacement, FSG, missing-modality robustness, or baseline comparison.",high
E:\Deskbook\Tea\HPE\outputs\eval\teacher_all_combinations.csv,csv,HPE,VK-RCD-Teacher,depth,,protocol3,mse,0.01989380092618954,lower_better,,,yes,no,no,main_table,"Directly supports VK replacement, FSG, missing-modality robustness, or baseline comparison.",high
E:\Deskbook\Tea\HPE\outputs\eval\teacher_all_combinations.csv,csv,HPE,VK-RCD-Teacher,depth,,protocol3,mpjpe,0.23447502257372319,lower_better,,,yes,no,no,main_table,"Directly supports VK replacement, FSG, missing-modality robustness, or baseline comparison.",high
E:\Deskbook\Tea\HPE\outputs\eval\teacher_all_combinations.csv,csv,HPE,VK-RCD-Teacher,depth,,protocol3,pa_mpjpe,0.08459814852031765,lower_better,,,yes,no,no,main_table,"Directly supports VK replacement, FSG, missing-modality robustness, or baseline comparison.",high
E:\Deskbook\Tea\HPE\outputs\eval\teacher_all_combinations.csv,csv,HPE,VK-RCD-Teacher,lidar,,protocol3,mse,0.9460804780636483,lower_better,,,yes,no,no,main_table,"Directly supports VK replacement, FSG, missing-modality robustness, or baseline comparison.",high
E:\Deskbook\Tea\HPE\outputs\eval\teacher_all_combinations.csv,csv,HPE,VK-RCD-Teacher,lidar,,protocol3,mpjpe,1.615415304598182,lower_better,,,yes,no,no,main_table,"Directly supports VK replacement, FSG, missing-modality robustness, or baseline comparison.",high
E:\Deskbook\Tea\HPE\outputs\eval\teacher_all_combinations.csv,csv,HPE,VK-RCD-Teacher,lidar,,protocol3,pa_mpjpe,0.38732573692649497,lower_better,,,yes,no,no,main_table,"Directly supports VK replacement, FSG, missing-modality robustness, or baseline comparison.",high
E:\Deskbook\Tea\HPE\outputs\eval\teacher_all_combinations.csv,csv,HPE,VK-RCD-Teacher,mmwave,,protocol3,mse,5.893579201472937,lower_better,,,yes,no,no,main_table,"Directly supports VK replacement, FSG, missing-modality robustness, or baseline comparison.",high
E:\Deskbook\Tea\HPE\outputs\eval\teacher_all_combinations.csv,csv,HPE,VK-RCD-Teacher,mmwave,,protocol3,mpjpe,4.196635189013583,lower_better,,,yes,no,no,main_table,"Directly supports VK replacement, FSG, missing-modality robustness, or baseline comparison.",high
E:\Deskbook\Tea\HPE\outputs\eval\teacher_all_combinations.csv,csv,HPE,VK-RCD-Teacher,mmwave,,protocol3,pa_mpjpe,0.29872159567445167,lower_better,,,yes,no,no,main_table,"Directly supports VK replacement, FSG, missing-modality robustness, or baseline comparison.",high
E:\Deskbook\Tea\HPE\outputs\eval\teacher_all_combinations.csv,csv,HPE,VK-RCD-Teacher,wifi-csi,,protocol3,mse,5.820227632916231,lower_better,,,yes,no,no,main_table,"Directly supports VK replacement, FSG, missing-modality robustness, or baseline comparison.",high
E:\Deskbook\Tea\HPE\outputs\eval\teacher_all_combinations.csv,csv,HPE,VK-RCD-Teacher,wifi-csi,,protocol3,mpjpe,4.17332913890743,lower_better,,,yes,no,no,main_table,"Directly supports VK replacement, FSG, missing-modality robustness, or baseline comparison.",high
E:\Deskbook\Tea\HPE\outputs\eval\teacher_all_combinations.csv,csv,HPE,VK-RCD-Teacher,wifi-csi,,protocol3,pa_mpjpe,0.3782217479929086,lower_better,,,yes,no,no,main_table,"Directly supports VK replacement, FSG, missing-modality robustness, or baseline comparison.",high
E:\Deskbook\Tea\HPE\outputs\eval\teacher_all_combinations.csv,csv,HPE,VK-RCD-Teacher,vk+depth,,protocol3,mse,0.049302469547371094,lower_better,,,yes,no,no,main_table,"Directly supports VK replacement, FSG, missing-modality robustness, or baseline comparison.",high
E:\Deskbook\Tea\HPE\outputs\eval\teacher_all_combinations.csv,csv,HPE,VK-RCD-Teacher,vk+depth,,protocol3,mpjpe,0.36912335103282695,lower_better,,,yes,no,no,main_table,"Directly supports VK replacement, FSG, missing-modality robustness, or baseline comparison.",high
E:\Deskbook\Tea\HPE\outputs\eval\teacher_all_combinations.csv,csv,HPE,VK-RCD-Teacher,vk+depth,,protocol3,pa_mpjpe,0.09731329860808777,lower_better,,,yes,no,no,main_table,"Directly supports VK replacement, FSG, missing-modality robustness, or baseline comparison.",high
E:\Deskbook\Tea\HPE\outputs\eval\teacher_all_combinations.csv,csv,HPE,VK-RCD-Teacher,vk+lidar,,protocol3,mse,0.41708323204141257,lower_better,,,yes,no,no,main_table,"Directly supports VK replacement, FSG, missing-modality robustness, or baseline comparison.",high
E:\Deskbook\Tea\HPE\outputs\eval\teacher_all_combinations.csv,csv,HPE,VK-RCD-Teacher,vk+lidar,,protocol3,mpjpe,1.0727424838177535,lower_better,,,yes,no,no,main_table,"Directly supports VK replacement, FSG, missing-modality robustness, or baseline comparison.",high
E:\Deskbook\Tea\HPE\outputs\eval\teacher_all_combinations.csv,csv,HPE,VK-RCD-Teacher,vk+lidar,,protocol3,pa_mpjpe,0.21307209827929618,lower_better,,,yes,no,no,main_table,"Directly supports VK replacement, FSG, missing-modality robustness, or baseline comparison.",high
E:\Deskbook\Tea\HPE\outputs\eval\teacher_all_combinations.csv,csv,HPE,VK-RCD-Teacher,vk+mmwave,,protocol3,mse,0.3121150505549816,lower_better,,,yes,no,no,main_table,"Directly supports VK replacement, FSG, missing-modality robustness, or baseline comparison.",high
E:\Deskbook\Tea\HPE\outputs\eval\teacher_all_combinations.csv,csv,HPE,VK-RCD-Teacher,vk+mmwave,,protocol3,mpjpe,0.814710099124183,lower_better,,,yes,no,no,main_table,"Directly supports VK replacement, FSG, missing-modality robustness, or baseline comparison.",high
E:\Deskbook\Tea\HPE\outputs\eval\teacher_all_combinations.csv,csv,HPE,VK-RCD-Teacher,vk+mmwave,,protocol3,pa_mpjpe,0.1740519186384718,lower_better,,,yes,no,no,main_table,"Directly supports VK replacement, FSG, missing-modality robustness, or baseline comparison.",high
E:\Deskbook\Tea\HPE\outputs\eval\teacher_all_combinations.csv,csv,HPE,VK-RCD-Teacher,vk+wifi-csi,,protocol3,mse,2.8392692032724356,lower_better,,,yes,no,no,main_table,"Directly supports VK replacement, FSG, missing-modality robustness, or baseline comparison.",high
E:\Deskbook\Tea\HPE\outputs\eval\teacher_all_combinations.csv,csv,HPE,VK-RCD-Teacher,vk+wifi-csi,,protocol3,mpjpe,2.4918345560797404,lower_better,,,yes,no,no,main_table,"Directly supports VK replacement, FSG, missing-modality robustness, or baseline comparison.",high
E:\Deskbook\Tea\HPE\outputs\eval\teacher_all_combinations.csv,csv,HPE,VK-RCD-Teacher,vk+wifi-csi,,protocol3,pa_mpjpe,0.33519859968947596,lower_better,,,yes,no,no,main_table,"Directly supports VK replacement, FSG, missing-modality robustness, or baseline comparison.",high
E:\Deskbook\Tea\HPE\outputs\eval\teacher_all_combinations.csv,csv,HPE,VK-RCD-Teacher,depth+lidar,,protocol3,mse,0.02932575000523183,lower_better,,,yes,no,no,main_table,"Directly supports VK replacement, FSG, missing-modality robustness, or baseline comparison.",high
E:\Deskbook\Tea\HPE\outputs\eval\teacher_all_combinations.csv,csv,HPE,VK-RCD-Teacher,depth+lidar,,protocol3,mpjpe,0.28580189637411474,lower_better,,,yes,no,no,main_table,"Directly supports VK replacement, FSG, missing-modality robustness, or baseline comparison.",high
E:\Deskbook\Tea\HPE\outputs\eval\teacher_all_combinations.csv,csv,HPE,VK-RCD-Teacher,depth+lidar,,protocol3,pa_mpjpe,0.08746702763726924,lower_better,,,yes,no,no,main_table,"Directly supports VK replacement, FSG, missing-modality robustness, or baseline comparison.",high
E:\Deskbook\Tea\HPE\outputs\eval\teacher_all_combinations.csv,csv,HPE,VK-RCD-Teacher,depth+mmwave,,protocol3,mse,0.011874410948048418,lower_better,,,yes,no,no,main_table,"Directly supports VK replacement, FSG, missing-modality robustness, or baseline comparison.",high
E:\Deskbook\Tea\HPE\outputs\eval\teacher_all_combinations.csv,csv,HPE,VK-RCD-Teacher,depth+mmwave,,protocol3,mpjpe,0.17886933056824164,lower_better,,,yes,no,no,main_table,"Directly supports VK replacement, FSG, missing-modality robustness, or baseline comparison.",high
E:\Deskbook\Tea\HPE\outputs\eval\teacher_all_combinations.csv,csv,HPE,VK-RCD-Teacher,depth+mmwave,,protocol3,pa_mpjpe,0.06555854197503268,lower_better,,,yes,no,no,main_table,"Directly supports VK replacement, FSG, missing-modality robustness, or baseline comparison.",high
E:\Deskbook\Tea\HPE\outputs\eval\teacher_all_combinations.csv,csv,HPE,VK-RCD-Teacher,depth+wifi-csi,,protocol3,mse,0.014318254093166517,lower_better,,,yes,no,no,main_table,"Directly supports VK replacement, FSG, missing-modality robustness, or baseline comparison.",high
E:\Deskbook\Tea\HPE\outputs\eval\teacher_all_combinations.csv,csv,HPE,VK-RCD-Teacher,depth+wifi-csi,,protocol3,mpjpe,0.1976085263905434,lower_better,,,yes,no,no,main_table,"Directly supports VK replacement, FSG, missing-modality robustness, or baseline comparison.",high
E:\Deskbook\Tea\HPE\outputs\eval\teacher_all_combinations.csv,csv,HPE,VK-RCD-Teacher,depth+wifi-csi,,protocol3,pa_mpjpe,0.07406937558009381,lower_better,,,yes,no,no,main_table,"Directly supports VK replacement, FSG, missing-modality robustness, or baseline comparison.",high
E:\Deskbook\Tea\HPE\outputs\eval\teacher_all_combinations.csv,csv,HPE,VK-RCD-Teacher,lidar+mmwave,,protocol3,mse,1.82581274813288,lower_better,,,yes,no,no,main_table,"Directly supports VK replacement, FSG, missing-modality robustness, or baseline comparison.",high
E:\Deskbook\Tea\HPE\outputs\eval\teacher_all_combinations.csv,csv,HPE,VK-RCD-Teacher,lidar+mmwave,,protocol3,mpjpe,2.1571356699285045,lower_better,,,yes,no,no,main_table,"Directly supports VK replacement, FSG, missing-modality robustness, or baseline comparison.",high
E:\Deskbook\Tea\HPE\outputs\eval\teacher_all_combinations.csv,csv,HPE,VK-RCD-Teacher,lidar+mmwave,,protocol3,pa_mpjpe,0.3876547780032461,lower_better,,,yes,no,no,main_table,"Directly supports VK replacement, FSG, missing-modality robustness, or baseline comparison.",high
E:\Deskbook\Tea\HPE\outputs\eval\teacher_all_combinations.csv,csv,HPE,VK-RCD-Teacher,lidar+wifi-csi,,protocol3,mse,5.366974504054343,lower_better,,,yes,no,no,main_table,"Directly supports VK replacement, FSG, missing-modality robustness, or baseline comparison.",high
E:\Deskbook\Tea\HPE\outputs\eval\teacher_all_combinations.csv,csv,HPE,VK-RCD-Teacher,lidar+wifi-csi,,protocol3,mpjpe,4.007079321274601,lower_better,,,yes,no,no,main_table,"Directly supports VK replacement, FSG, missing-modality robustness, or baseline comparison.",high
E:\Deskbook\Tea\HPE\outputs\eval\teacher_all_combinations.csv,csv,HPE,VK-RCD-Teacher,lidar+wifi-csi,,protocol3,pa_mpjpe,0.38412595515543413,lower_better,,,yes,no,no,main_table,"Directly supports VK replacement, FSG, missing-modality robustness, or baseline comparison.",high
E:\Deskbook\Tea\HPE\outputs\eval\teacher_all_combinations.csv,csv,HPE,VK-RCD-Teacher,mmwave+wifi-csi,,protocol3,mse,7.296543766634915,lower_better,,,yes,no,no,main_table,"Directly supports VK replacement, FSG, missing-modality robustness, or baseline comparison.",high
E:\Deskbook\Tea\HPE\outputs\eval\teacher_all_combinations.csv,csv,HPE,VK-RCD-Teacher,mmwave+wifi-csi,,protocol3,mpjpe,4.675907676007953,lower_better,,,yes,no,no,main_table,"Directly supports VK replacement, FSG, missing-modality robustness, or baseline comparison.",high
E:\Deskbook\Tea\HPE\outputs\eval\teacher_all_combinations.csv,csv,HPE,VK-RCD-Teacher,mmwave+wifi-csi,,protocol3,pa_mpjpe,0.27315048806526904,lower_better,,,yes,no,no,main_table,"Directly supports VK replacement, FSG, missing-modality robustness, or baseline comparison.",high
E:\Deskbook\Tea\HPE\outputs\eval\teacher_all_combinations.csv,csv,HPE,VK-RCD-Teacher,vk+depth+lidar,,protocol3,mse,0.14036201675168028,lower_better,,,yes,no,no,main_table,"Directly supports VK replacement, FSG, missing-modality robustness, or baseline comparison.",high
E:\Deskbook\Tea\HPE\outputs\eval\teacher_all_combinations.csv,csv,HPE,VK-RCD-Teacher,vk+depth+lidar,,protocol3,mpjpe,0.6345993040178554,lower_better,,,yes,no,no,main_table,"Directly supports VK replacement, FSG, missing-modality robustness, or baseline comparison.",high
E:\Deskbook\Tea\HPE\outputs\eval\teacher_all_combinations.csv,csv,HPE,VK-RCD-Teacher,vk+depth+lidar,,protocol3,pa_mpjpe,0.11226923611722767,lower_better,,,yes,no,no,main_table,"Directly supports VK replacement, FSG, missing-modality robustness, or baseline comparison.",high
E:\Deskbook\Tea\HPE\outputs\eval\teacher_all_combinations.csv,csv,HPE,VK-RCD-Teacher,vk+depth+mmwave,,protocol3,mse,0.07770745418728892,lower_better,,,yes,no,no,main_table,"Directly supports VK replacement, FSG, missing-modality robustness, or baseline comparison.",high
E:\Deskbook\Tea\HPE\outputs\eval\teacher_all_combinations.csv,csv,HPE,VK-RCD-Teacher,vk+depth+mmwave,,protocol3,mpjpe,0.4651572894821115,lower_better,,,yes,no,no,main_table,"Directly supports VK replacement, FSG, missing-modality robustness, or baseline comparison.",high
E:\Deskbook\Tea\HPE\outputs\eval\teacher_all_combinations.csv,csv,HPE,VK-RCD-Teacher,vk+depth+mmwave,,protocol3,pa_mpjpe,0.08645078476926417,lower_better,,,yes,no,no,main_table,"Directly supports VK replacement, FSG, missing-modality robustness, or baseline comparison.",high
E:\Deskbook\Tea\HPE\outputs\eval\teacher_all_combinations.csv,csv,HPE,VK-RCD-Teacher,vk+depth+wifi-csi,,protocol3,mse,0.00536758761073916,lower_better,,,yes,no,no,main_table,"Directly supports VK replacement, FSG, missing-modality robustness, or baseline comparison.",high
E:\Deskbook\Tea\HPE\outputs\eval\teacher_all_combinations.csv,csv,HPE,VK-RCD-Teacher,vk+depth+wifi-csi,,protocol3,mpjpe,0.10070795095339279,lower_better,,,yes,no,no,main_table,"Directly supports VK replacement, FSG, missing-modality robustness, or baseline comparison.",high
E:\Deskbook\Tea\HPE\outputs\eval\teacher_all_combinations.csv,csv,HPE,VK-RCD-Teacher,vk+depth+wifi-csi,,protocol3,pa_mpjpe,0.05146892534745212,lower_better,,,yes,no,no,main_table,"Directly supports VK replacement, FSG, missing-modality robustness, or baseline comparison.",high
E:\Deskbook\Tea\HPE\outputs\eval\teacher_all_combinations.csv,csv,HPE,VK-RCD-Teacher,vk+lidar+mmwave,,protocol3,mse,0.4296913642433014,lower_better,,,yes,no,no,main_table,"Directly supports VK replacement, FSG, missing-modality robustness, or baseline comparison.",high
E:\Deskbook\Tea\HPE\outputs\eval\teacher_all_combinations.csv,csv,HPE,VK-RCD-Teacher,vk+lidar+mmwave,,protocol3,mpjpe,1.0350498325109094,lower_better,,,yes,no,no,main_table,"Directly supports VK replacement, FSG, missing-modality robustness, or baseline comparison.",high
E:\Deskbook\Tea\HPE\outputs\eval\teacher_all_combinations.csv,csv,HPE,VK-RCD-Teacher,vk+lidar+mmwave,,protocol3,pa_mpjpe,0.2379539531515697,lower_better,,,yes,no,no,main_table,"Directly supports VK replacement, FSG, missing-modality robustness, or baseline comparison.",high
E:\Deskbook\Tea\HPE\outputs\eval\teacher_all_combinations.csv,csv,HPE,VK-RCD-Teacher,vk+lidar+wifi-csi,,protocol3,mse,7.48701559794129,lower_better,,,yes,no,no,main_table,"Directly supports VK replacement, FSG, missing-modality robustness, or baseline comparison.",high
E:\Deskbook\Tea\HPE\outputs\eval\teacher_all_combinations.csv,csv,HPE,VK-RCD-Teacher,vk+lidar+wifi-csi,,protocol3,mpjpe,4.7361068503787385,lower_better,,,yes,no,no,main_table,"Directly supports VK replacement, FSG, missing-modality robustness, or baseline comparison.",high
E:\Deskbook\Tea\HPE\outputs\eval\teacher_all_combinations.csv,csv,HPE,VK-RCD-Teacher,vk+lidar+wifi-csi,,protocol3,pa_mpjpe,0.2712312005516412,lower_better,,,yes,no,no,main_table,"Directly supports VK replacement, FSG, missing-modality robustness, or baseline comparison.",high
E:\Deskbook\Tea\HPE\outputs\eval\teacher_all_combinations.csv,csv,HPE,VK-RCD-Teacher,vk+mmwave+wifi-csi,,protocol3,mse,7.622347192970025,lower_better,,,yes,no,no,main_table,"Directly supports VK replacement, FSG, missing-modality robustness, or baseline comparison.",high
E:\Deskbook\Tea\HPE\outputs\eval\teacher_all_combinations.csv,csv,HPE,VK-RCD-Teacher,vk+mmwave+wifi-csi,,protocol3,mpjpe,4.769712428675579,lower_better,,,yes,no,no,main_table,"Directly supports VK replacement, FSG, missing-modality robustness, or baseline comparison.",high
E:\Deskbook\Tea\HPE\outputs\eval\teacher_all_combinations.csv,csv,HPE,VK-RCD-Teacher,vk+mmwave+wifi-csi,,protocol3,pa_mpjpe,0.255977158323122,lower_better,,,yes,no,no,main_table,"Directly supports VK replacement, FSG, missing-modality robustness, or baseline comparison.",high
E:\Deskbook\Tea\HPE\outputs\eval\teacher_all_combinations.csv,csv,HPE,VK-RCD-Teacher,depth+lidar+mmwave,,protocol3,mse,0.039447231912849094,lower_better,,,yes,no,no,main_table,"Directly supports VK replacement, FSG, missing-modality robustness, or baseline comparison.",high
E:\Deskbook\Tea\HPE\outputs\eval\teacher_all_combinations.csv,csv,HPE,VK-RCD-Teacher,depth+lidar+mmwave,,protocol3,mpjpe,0.3104881154957934,lower_better,,,yes,no,no,main_table,"Directly supports VK replacement, FSG, missing-modality robustness, or baseline comparison.",high
E:\Deskbook\Tea\HPE\outputs\eval\teacher_all_combinations.csv,csv,HPE,VK-RCD-Teacher,depth+lidar+mmwave,,protocol3,pa_mpjpe,0.07591874086067292,lower_better,,,yes,no,no,main_table,"Directly supports VK replacement, FSG, missing-modality robustness, or baseline comparison.",high
E:\Deskbook\Tea\HPE\outputs\eval\teacher_all_combinations.csv,csv,HPE,VK-RCD-Teacher,depth+lidar+wifi-csi,,protocol3,mse,0.011648921137702354,lower_better,,,yes,no,no,main_table,"Directly supports VK replacement, FSG, missing-modality robustness, or baseline comparison.",high
E:\Deskbook\Tea\HPE\outputs\eval\teacher_all_combinations.csv,csv,HPE,VK-RCD-Teacher,depth+lidar+wifi-csi,,protocol3,mpjpe,0.17740294484630428,lower_better,,,yes,no,no,main_table,"Directly supports VK replacement, FSG, missing-modality robustness, or baseline comparison.",high
E:\Deskbook\Tea\HPE\outputs\eval\teacher_all_combinations.csv,csv,HPE,VK-RCD-Teacher,depth+lidar+wifi-csi,,protocol3,pa_mpjpe,0.06698090243952082,lower_better,,,yes,no,no,main_table,"Directly supports VK replacement, FSG, missing-modality robustness, or baseline comparison.",high
E:\Deskbook\Tea\HPE\outputs\eval\teacher_all_combinations.csv,csv,HPE,VK-RCD-Teacher,depth+mmwave+wifi-csi,,protocol3,mse,0.006008416650343414,lower_better,,,yes,no,no,main_table,"Directly supports VK replacement, FSG, missing-modality robustness, or baseline comparison.",high
E:\Deskbook\Tea\HPE\outputs\eval\teacher_all_combinations.csv,csv,HPE,VK-RCD-Teacher,depth+mmwave+wifi-csi,,protocol3,mpjpe,0.12188431277010771,lower_better,,,yes,no,no,main_table,"Directly supports VK replacement, FSG, missing-modality robustness, or baseline comparison.",high
E:\Deskbook\Tea\HPE\outputs\eval\teacher_all_combinations.csv,csv,HPE,VK-RCD-Teacher,depth+mmwave+wifi-csi,,protocol3,pa_mpjpe,0.0548264037667494,lower_better,,,yes,no,no,main_table,"Directly supports VK replacement, FSG, missing-modality robustness, or baseline comparison.",high
E:\Deskbook\Tea\HPE\outputs\eval\teacher_all_combinations.csv,csv,HPE,VK-RCD-Teacher,lidar+mmwave+wifi-csi,,protocol3,mse,6.34731392022573,lower_better,,,yes,no,no,main_table,"Directly supports VK replacement, FSG, missing-modality robustness, or baseline comparison.",high
E:\Deskbook\Tea\HPE\outputs\eval\teacher_all_combinations.csv,csv,HPE,VK-RCD-Teacher,lidar+mmwave+wifi-csi,,protocol3,mpjpe,4.36044647670146,lower_better,,,yes,no,no,main_table,"Directly supports VK replacement, FSG, missing-modality robustness, or baseline comparison.",high
E:\Deskbook\Tea\HPE\outputs\eval\teacher_all_combinations.csv,csv,HPE,VK-RCD-Teacher,lidar+mmwave+wifi-csi,,protocol3,pa_mpjpe,0.3222650948480844,lower_better,,,yes,no,no,main_table,"Directly supports VK replacement, FSG, missing-modality robustness, or baseline comparison.",high
E:\Deskbook\Tea\HPE\outputs\eval\teacher_all_combinations.csv,csv,HPE,VK-RCD-Teacher,vk+depth+lidar+mmwave,,protocol3,mse,0.12695664386861355,lower_better,,,yes,no,no,main_table,"Directly supports VK replacement, FSG, missing-modality robustness, or baseline comparison.",high
E:\Deskbook\Tea\HPE\outputs\eval\teacher_all_combinations.csv,csv,HPE,VK-RCD-Teacher,vk+depth+lidar+mmwave,,protocol3,mpjpe,0.5933369489504908,lower_better,,,yes,no,no,main_table,"Directly supports VK replacement, FSG, missing-modality robustness, or baseline comparison.",high
E:\Deskbook\Tea\HPE\outputs\eval\teacher_all_combinations.csv,csv,HPE,VK-RCD-Teacher,vk+depth+lidar+mmwave,,protocol3,pa_mpjpe,0.09323989183553284,lower_better,,,yes,no,no,main_table,"Directly supports VK replacement, FSG, missing-modality robustness, or baseline comparison.",high
E:\Deskbook\Tea\HPE\outputs\eval\teacher_all_combinations.csv,csv,HPE,VK-RCD-Teacher,vk+depth+lidar+wifi-csi,,protocol3,mse,0.00233092133305021,lower_better,,,yes,no,no,main_table,"Directly supports VK replacement, FSG, missing-modality robustness, or baseline comparison.",high
E:\Deskbook\Tea\HPE\outputs\eval\teacher_all_combinations.csv,csv,HPE,VK-RCD-Teacher,vk+depth+lidar+wifi-csi,,protocol3,mpjpe,0.06789305956490929,lower_better,,,yes,no,no,main_table,"Directly supports VK replacement, FSG, missing-modality robustness, or baseline comparison.",high
E:\Deskbook\Tea\HPE\outputs\eval\teacher_all_combinations.csv,csv,HPE,VK-RCD-Teacher,vk+depth+lidar+wifi-csi,,protocol3,pa_mpjpe,0.0405292328140966,lower_better,,,yes,no,no,main_table,"Directly supports VK replacement, FSG, missing-modality robustness, or baseline comparison.",high
E:\Deskbook\Tea\HPE\outputs\eval\teacher_all_combinations.csv,csv,HPE,VK-RCD-Teacher,vk+depth+mmwave+wifi-csi,,protocol3,mse,0.002743487190079487,lower_better,,,yes,no,no,main_table,"Directly supports VK replacement, FSG, missing-modality robustness, or baseline comparison.",high
E:\Deskbook\Tea\HPE\outputs\eval\teacher_all_combinations.csv,csv,HPE,VK-RCD-Teacher,vk+depth+mmwave+wifi-csi,,protocol3,mpjpe,0.07126634316557229,lower_better,,,yes,no,no,main_table,"Directly supports VK replacement, FSG, missing-modality robustness, or baseline comparison.",high
E:\Deskbook\Tea\HPE\outputs\eval\teacher_all_combinations.csv,csv,HPE,VK-RCD-Teacher,vk+depth+mmwave+wifi-csi,,protocol3,pa_mpjpe,0.03891397661943606,lower_better,,,yes,no,no,main_table,"Directly supports VK replacement, FSG, missing-modality robustness, or baseline comparison.",high
E:\Deskbook\Tea\HPE\outputs\eval\teacher_all_combinations.csv,csv,HPE,VK-RCD-Teacher,vk+lidar+mmwave+wifi-csi,,protocol3,mse,7.933218282510967,lower_better,,,yes,no,no,main_table,"Directly supports VK replacement, FSG, missing-modality robustness, or baseline comparison.",high
E:\Deskbook\Tea\HPE\outputs\eval\teacher_all_combinations.csv,csv,HPE,VK-RCD-Teacher,vk+lidar+mmwave+wifi-csi,,protocol3,mpjpe,4.876083343994411,lower_better,,,yes,no,no,main_table,"Directly supports VK replacement, FSG, missing-modality robustness, or baseline comparison.",high
E:\Deskbook\Tea\HPE\outputs\eval\teacher_all_combinations.csv,csv,HPE,VK-RCD-Teacher,vk+lidar+mmwave+wifi-csi,,protocol3,pa_mpjpe,0.239180338109774,lower_better,,,yes,no,no,main_table,"Directly supports VK replacement, FSG, missing-modality robustness, or baseline comparison.",high
E:\Deskbook\Tea\HPE\outputs\eval\teacher_all_combinations.csv,csv,HPE,VK-RCD-Teacher,depth+lidar+mmwave+wifi-csi,,protocol3,mse,0.0052520804960117596,lower_better,,,yes,no,no,main_table,"Directly supports VK replacement, FSG, missing-modality robustness, or baseline comparison.",high
E:\Deskbook\Tea\HPE\outputs\eval\teacher_all_combinations.csv,csv,HPE,VK-RCD-Teacher,depth+lidar+mmwave+wifi-csi,,protocol3,mpjpe,0.11299135309251143,lower_better,,,yes,no,no,main_table,"Directly supports VK replacement, FSG, missing-modality robustness, or baseline comparison.",high
E:\Deskbook\Tea\HPE\outputs\eval\teacher_all_combinations.csv,csv,HPE,VK-RCD-Teacher,depth+lidar+mmwave+wifi-csi,,protocol3,pa_mpjpe,0.05072462253835534,lower_better,,,yes,no,no,main_table,"Directly supports VK replacement, FSG, missing-modality robustness, or baseline comparison.",high
E:\Deskbook\Tea\HPE\outputs\eval\teacher_all_combinations.csv,csv,HPE,VK-RCD-Teacher,vk+depth+lidar+mmwave+wifi-csi,,protocol3,mse,0.0013922071280619596,lower_better,,,yes,no,no,main_table,"Directly supports VK replacement, FSG, missing-modality robustness, or baseline comparison.",high
E:\Deskbook\Tea\HPE\outputs\eval\teacher_all_combinations.csv,csv,HPE,VK-RCD-Teacher,vk+depth+lidar+mmwave+wifi-csi,,protocol3,mpjpe,0.04844930886103634,lower_better,,,yes,no,no,main_table,"Directly supports VK replacement, FSG, missing-modality robustness, or baseline comparison.",high
E:\Deskbook\Tea\HPE\outputs\eval\teacher_all_combinations.csv,csv,HPE,VK-RCD-Teacher,vk+depth+lidar+mmwave+wifi-csi,,protocol3,pa_mpjpe,0.03306278159224667,lower_better,,,yes,no,no,main_table,"Directly supports VK replacement, FSG, missing-modality robustness, or baseline comparison.",high
E:\Deskbook\Tea\HPE\outputs\eval\teacher_cross_scene_all_combinations.csv,csv,cross_scene,VK-RCD-Teacher,vk,,protocol3,mse,0.20049240745121827,lower_better,,,yes,no,no,discussion,Parsed but not central to the main story.,high
E:\Deskbook\Tea\HPE\outputs\eval\teacher_cross_scene_all_combinations.csv,csv,cross_scene,VK-RCD-Teacher,vk,,protocol3,mpjpe,0.7552534423395945,lower_better,,,yes,no,no,discussion,Parsed but not central to the main story.,high
E:\Deskbook\Tea\HPE\outputs\eval\teacher_cross_scene_all_combinations.csv,csv,cross_scene,VK-RCD-Teacher,vk,,protocol3,pa_mpjpe,0.13639034491063953,lower_better,,,yes,no,no,discussion,Parsed but not central to the main story.,high
E:\Deskbook\Tea\HPE\outputs\eval\teacher_cross_scene_all_combinations.csv,csv,cross_scene,VK-RCD-Teacher,depth,,protocol3,mse,0.07058209044530603,lower_better,,,yes,no,no,discussion,Parsed but not central to the main story.,high
E:\Deskbook\Tea\HPE\outputs\eval\teacher_cross_scene_all_combinations.csv,csv,cross_scene,VK-RCD-Teacher,depth,,protocol3,mpjpe,0.41938211217769766,lower_better,,,yes,no,no,discussion,Parsed but not central to the main story.,high
E:\Deskbook\Tea\HPE\outputs\eval\teacher_cross_scene_all_combinations.csv,csv,cross_scene,VK-RCD-Teacher,depth,,protocol3,pa_mpjpe,0.16184607843425974,lower_better,,,yes,no,no,discussion,Parsed but not central to the main story.,high
E:\Deskbook\Tea\HPE\outputs\eval\teacher_cross_scene_all_combinations.csv,csv,cross_scene,VK-RCD-Teacher,lidar,,protocol3,mse,1.738034314442668,lower_better,,,yes,no,no,discussion,Parsed but not central to the main story.,high
E:\Deskbook\Tea\HPE\outputs\eval\teacher_cross_scene_all_combinations.csv,csv,cross_scene,VK-RCD-Teacher,lidar,,protocol3,mpjpe,2.2734555155607454,lower_better,,,yes,no,no,discussion,Parsed but not central to the main story.,high
E:\Deskbook\Tea\HPE\outputs\eval\teacher_cross_scene_all_combinations.csv,csv,cross_scene,VK-RCD-Teacher,lidar,,protocol3,pa_mpjpe,0.3807459343605977,lower_better,,,yes,no,no,discussion,Parsed but not central to the main story.,high
E:\Deskbook\Tea\HPE\outputs\eval\teacher_cross_scene_all_combinations.csv,csv,cross_scene,VK-RCD-Teacher,mmwave,,protocol3,mse,0.24381201609714562,lower_better,,,yes,no,no,discussion,Parsed but not central to the main story.,high
E:\Deskbook\Tea\HPE\outputs\eval\teacher_cross_scene_all_combinations.csv,csv,cross_scene,VK-RCD-Teacher,mmwave,,protocol3,mpjpe,0.8384202500072883,lower_better,,,yes,no,no,discussion,Parsed but not central to the main story.,high
E:\Deskbook\Tea\HPE\outputs\eval\teacher_cross_scene_all_combinations.csv,csv,cross_scene,VK-RCD-Teacher,mmwave,,protocol3,pa_mpjpe,0.21635984969422875,lower_better,,,yes,no,no,discussion,Parsed but not central to the main story.,high
E:\Deskbook\Tea\HPE\outputs\eval\teacher_cross_scene_all_combinations.csv,csv,cross_scene,VK-RCD-Teacher,wifi-csi,,protocol3,mse,0.21115468013931768,lower_better,,,yes,no,no,discussion,Parsed but not central to the main story.,high
E:\Deskbook\Tea\HPE\outputs\eval\teacher_cross_scene_all_combinations.csv,csv,cross_scene,VK-RCD-Teacher,wifi-csi,,protocol3,mpjpe,0.7752951487651681,lower_better,,,yes,no,no,discussion,Parsed but not central to the main story.,high
E:\Deskbook\Tea\HPE\outputs\eval\teacher_cross_scene_all_combinations.csv,csv,cross_scene,VK-RCD-Teacher,wifi-csi,,protocol3,pa_mpjpe,0.26790963965670095,lower_better,,,yes,no,no,discussion,Parsed but not central to the main story.,high
E:\Deskbook\Tea\HPE\outputs\eval\teacher_cross_scene_all_combinations.csv,csv,cross_scene,VK-RCD-Teacher,vk+depth,,protocol3,mse,0.052519268160661506,lower_better,,,yes,no,no,discussion,Parsed but not central to the main story.,high
E:\Deskbook\Tea\HPE\outputs\eval\teacher_cross_scene_all_combinations.csv,csv,cross_scene,VK-RCD-Teacher,vk+depth,,protocol3,mpjpe,0.37773312117812907,lower_better,,,yes,no,no,discussion,Parsed but not central to the main story.,high
E:\Deskbook\Tea\HPE\outputs\eval\teacher_cross_scene_all_combinations.csv,csv,cross_scene,VK-RCD-Teacher,vk+depth,,protocol3,pa_mpjpe,0.09301377567446499,lower_better,,,yes,no,no,discussion,Parsed but not central to the main story.,high
E:\Deskbook\Tea\HPE\outputs\eval\teacher_cross_scene_all_combinations.csv,csv,cross_scene,VK-RCD-Teacher,vk+lidar,,protocol3,mse,0.17411841074120213,lower_better,,,yes,no,no,discussion,Parsed but not central to the main story.,high
E:\Deskbook\Tea\HPE\outputs\eval\teacher_cross_scene_all_combinations.csv,csv,cross_scene,VK-RCD-Teacher,vk+lidar,,protocol3,mpjpe,0.7080686998257302,lower_better,,,yes,no,no,discussion,Parsed but not central to the main story.,high
E:\Deskbook\Tea\HPE\outputs\eval\teacher_cross_scene_all_combinations.csv,csv,cross_scene,VK-RCD-Teacher,vk+lidar,,protocol3,pa_mpjpe,0.13162005245117495,lower_better,,,yes,no,no,discussion,Parsed but not central to the main story.,high
E:\Deskbook\Tea\HPE\outputs\eval\teacher_cross_scene_all_combinations.csv,csv,cross_scene,VK-RCD-Teacher,vk+mmwave,,protocol3,mse,0.028600146562141632,lower_better,,,yes,no,no,discussion,Parsed but not central to the main story.,high
E:\Deskbook\Tea\HPE\outputs\eval\teacher_cross_scene_all_combinations.csv,csv,cross_scene,VK-RCD-Teacher,vk+mmwave,,protocol3,mpjpe,0.2636022537088198,lower_better,,,yes,no,no,discussion,Parsed but not central to the main story.,high
E:\Deskbook\Tea\HPE\outputs\eval\teacher_cross_scene_all_combinations.csv,csv,cross_scene,VK-RCD-Teacher,vk+mmwave,,protocol3,pa_mpjpe,0.14962535063720242,lower_better,,,yes,no,no,discussion,Parsed but not central to the main story.,high
E:\Deskbook\Tea\HPE\outputs\eval\teacher_cross_scene_all_combinations.csv,csv,cross_scene,VK-RCD-Teacher,vk+wifi-csi,,protocol3,mse,0.1728116943594196,lower_better,,,yes,no,no,discussion,Parsed but not central to the main story.,high
E:\Deskbook\Tea\HPE\outputs\eval\teacher_cross_scene_all_combinations.csv,csv,cross_scene,VK-RCD-Teacher,vk+wifi-csi,,protocol3,mpjpe,0.7047826675022462,lower_better,,,yes,no,no,discussion,Parsed but not central to the main story.,high
E:\Deskbook\Tea\HPE\outputs\eval\teacher_cross_scene_all_combinations.csv,csv,cross_scene,VK-RCD-Teacher,vk+wifi-csi,,protocol3,pa_mpjpe,0.13767446714763895,lower_better,,,yes,no,no,discussion,Parsed but not central to the main story.,high
E:\Deskbook\Tea\HPE\outputs\eval\teacher_cross_scene_all_combinations.csv,csv,cross_scene,VK-RCD-Teacher,depth+lidar,,protocol3,mse,0.04336468732816752,lower_better,,,yes,no,no,discussion,Parsed but not central to the main story.,high
E:\Deskbook\Tea\HPE\outputs\eval\teacher_cross_scene_all_combinations.csv,csv,cross_scene,VK-RCD-Teacher,depth+lidar,,protocol3,mpjpe,0.3487668416203964,lower_better,,,yes,no,no,discussion,Parsed but not central to the main story.,high
E:\Deskbook\Tea\HPE\outputs\eval\teacher_cross_scene_all_combinations.csv,csv,cross_scene,VK-RCD-Teacher,depth+lidar,,protocol3,pa_mpjpe,0.08582172475624969,lower_better,,,yes,no,no,discussion,Parsed but not central to the main story.,high
E:\Deskbook\Tea\HPE\outputs\eval\teacher_cross_scene_all_combinations.csv,csv,cross_scene,VK-RCD-Teacher,depth+mmwave,,protocol3,mse,0.014766790415285207,lower_better,,,yes,no,no,discussion,Parsed but not central to the main story.,high
E:\Deskbook\Tea\HPE\outputs\eval\teacher_cross_scene_all_combinations.csv,csv,cross_scene,VK-RCD-Teacher,depth+mmwave,,protocol3,mpjpe,0.18646174025648565,lower_better,,,yes,no,no,discussion,Parsed but not central to the main story.,high
E:\Deskbook\Tea\HPE\outputs\eval\teacher_cross_scene_all_combinations.csv,csv,cross_scene,VK-RCD-Teacher,depth+mmwave,,protocol3,pa_mpjpe,0.11152426850775125,lower_better,,,yes,no,no,discussion,Parsed but not central to the main story.,high
E:\Deskbook\Tea\HPE\outputs\eval\teacher_cross_scene_all_combinations.csv,csv,cross_scene,VK-RCD-Teacher,depth+wifi-csi,,protocol3,mse,0.03617012468197426,lower_better,,,yes,no,no,discussion,Parsed but not central to the main story.,high
E:\Deskbook\Tea\HPE\outputs\eval\teacher_cross_scene_all_combinations.csv,csv,cross_scene,VK-RCD-Teacher,depth+wifi-csi,,protocol3,mpjpe,0.31701029902429767,lower_better,,,yes,no,no,discussion,Parsed but not central to the main story.,high
E:\Deskbook\Tea\HPE\outputs\eval\teacher_cross_scene_all_combinations.csv,csv,cross_scene,VK-RCD-Teacher,depth+wifi-csi,,protocol3,pa_mpjpe,0.08303526222861386,lower_better,,,yes,no,no,discussion,Parsed but not central to the main story.,high
E:\Deskbook\Tea\HPE\outputs\eval\teacher_cross_scene_all_combinations.csv,csv,cross_scene,VK-RCD-Teacher,lidar+mmwave,,protocol3,mse,0.25371696254249404,lower_better,,,yes,no,no,discussion,Parsed but not central to the main story.,high
E:\Deskbook\Tea\HPE\outputs\eval\teacher_cross_scene_all_combinations.csv,csv,cross_scene,VK-RCD-Teacher,lidar+mmwave,,protocol3,mpjpe,0.8580241406762195,lower_better,,,yes,no,no,discussion,Parsed but not central to the main story.,high
E:\Deskbook\Tea\HPE\outputs\eval\teacher_cross_scene_all_combinations.csv,csv,cross_scene,VK-RCD-Teacher,lidar+mmwave,,protocol3,pa_mpjpe,0.21017422464051252,lower_better,,,yes,no,no,discussion,Parsed but not central to the main story.,high
E:\Deskbook\Tea\HPE\outputs\eval\teacher_cross_scene_all_combinations.csv,csv,cross_scene,VK-RCD-Teacher,lidar+wifi-csi,,protocol3,mse,1.4600094502607566,lower_better,,,yes,no,no,discussion,Parsed but not central to the main story.,high
E:\Deskbook\Tea\HPE\outputs\eval\teacher_cross_scene_all_combinations.csv,csv,cross_scene,VK-RCD-Teacher,lidar+wifi-csi,,protocol3,mpjpe,2.084498535526826,lower_better,,,yes,no,no,discussion,Parsed but not central to the main story.,high
E:\Deskbook\Tea\HPE\outputs\eval\teacher_cross_scene_all_combinations.csv,csv,cross_scene,VK-RCD-Teacher,lidar+wifi-csi,,protocol3,pa_mpjpe,0.37004364994248085,lower_better,,,yes,no,no,discussion,Parsed but not central to the main story.,high
E:\Deskbook\Tea\HPE\outputs\eval\teacher_cross_scene_all_combinations.csv,csv,cross_scene,VK-RCD-Teacher,mmwave+wifi-csi,,protocol3,mse,0.1575145463003811,lower_better,,,yes,no,no,discussion,Parsed but not central to the main story.,high
E:\Deskbook\Tea\HPE\outputs\eval\teacher_cross_scene_all_combinations.csv,csv,cross_scene,VK-RCD-Teacher,mmwave+wifi-csi,,protocol3,mpjpe,0.6694178524004252,lower_better,,,yes,no,no,discussion,Parsed but not central to the main story.,high
E:\Deskbook\Tea\HPE\outputs\eval\teacher_cross_scene_all_combinations.csv,csv,cross_scene,VK-RCD-Teacher,mmwave+wifi-csi,,protocol3,pa_mpjpe,0.20061970485077577,lower_better,,,yes,no,no,discussion,Parsed but not central to the main story.,high
E:\Deskbook\Tea\HPE\outputs\eval\teacher_cross_scene_all_combinations.csv,csv,cross_scene,VK-RCD-Teacher,vk+depth+lidar,,protocol3,mse,0.006389374627990383,lower_better,,,yes,no,no,discussion,Parsed but not central to the main story.,high
E:\Deskbook\Tea\HPE\outputs\eval\teacher_cross_scene_all_combinations.csv,csv,cross_scene,VK-RCD-Teacher,vk+depth+lidar,,protocol3,mpjpe,0.12769444776634606,lower_better,,,yes,no,no,discussion,Parsed but not central to the main story.,high
E:\Deskbook\Tea\HPE\outputs\eval\teacher_cross_scene_all_combinations.csv,csv,cross_scene,VK-RCD-Teacher,vk+depth+lidar,,protocol3,pa_mpjpe,0.05861026580741727,lower_better,,,yes,no,no,discussion,Parsed but not central to the main story.,high
E:\Deskbook\Tea\HPE\outputs\eval\teacher_cross_scene_all_combinations.csv,csv,cross_scene,VK-RCD-Teacher,vk+depth+mmwave,,protocol3,mse,0.021110062496133883,lower_better,,,yes,no,no,discussion,Parsed but not central to the main story.,high
E:\Deskbook\Tea\HPE\outputs\eval\teacher_cross_scene_all_combinations.csv,csv,cross_scene,VK-RCD-Teacher,vk+depth+mmwave,,protocol3,mpjpe,0.23694213196098218,lower_better,,,yes,no,no,discussion,Parsed but not central to the main story.,high
E:\Deskbook\Tea\HPE\outputs\eval\teacher_cross_scene_all_combinations.csv,csv,cross_scene,VK-RCD-Teacher,vk+depth+mmwave,,protocol3,pa_mpjpe,0.07490077501502725,lower_better,,,yes,no,no,discussion,Parsed but not central to the main story.,high
E:\Deskbook\Tea\HPE\outputs\eval\teacher_cross_scene_all_combinations.csv,csv,cross_scene,VK-RCD-Teacher,vk+depth+wifi-csi,,protocol3,mse,0.014312305090866945,lower_better,,,yes,no,no,discussion,Parsed but not central to the main story.,high
E:\Deskbook\Tea\HPE\outputs\eval\teacher_cross_scene_all_combinations.csv,csv,cross_scene,VK-RCD-Teacher,vk+depth+wifi-csi,,protocol3,mpjpe,0.19265830761767308,lower_better,,,yes,no,no,discussion,Parsed but not central to the main story.,high
E:\Deskbook\Tea\HPE\outputs\eval\teacher_cross_scene_all_combinations.csv,csv,cross_scene,VK-RCD-Teacher,vk+depth+wifi-csi,,protocol3,pa_mpjpe,0.06314593933944662,lower_better,,,yes,no,no,discussion,Parsed but not central to the main story.,high
E:\Deskbook\Tea\HPE\outputs\eval\teacher_cross_scene_all_combinations.csv,csv,cross_scene,VK-RCD-Teacher,vk+lidar+mmwave,,protocol3,mse,0.1954570545863594,lower_better,,,yes,no,no,discussion,Parsed but not central to the main story.,high
E:\Deskbook\Tea\HPE\outputs\eval\teacher_cross_scene_all_combinations.csv,csv,cross_scene,VK-RCD-Teacher,vk+lidar+mmwave,,protocol3,mpjpe,0.7517009568788239,lower_better,,,yes,no,no,discussion,Parsed but not central to the main story.,high
E:\Deskbook\Tea\HPE\outputs\eval\teacher_cross_scene_all_combinations.csv,csv,cross_scene,VK-RCD-Teacher,vk+lidar+mmwave,,protocol3,pa_mpjpe,0.1464329531392543,lower_better,,,yes,no,no,discussion,Parsed but not central to the main story.,high
E:\Deskbook\Tea\HPE\outputs\eval\teacher_cross_scene_all_combinations.csv,csv,cross_scene,VK-RCD-Teacher,vk+lidar+wifi-csi,,protocol3,mse,0.2769253768496032,lower_better,,,yes,no,no,discussion,Parsed but not central to the main story.,high
E:\Deskbook\Tea\HPE\outputs\eval\teacher_cross_scene_all_combinations.csv,csv,cross_scene,VK-RCD-Teacher,vk+lidar+wifi-csi,,protocol3,mpjpe,0.8992763945892545,lower_better,,,yes,no,no,discussion,Parsed but not central to the main story.,high
E:\Deskbook\Tea\HPE\outputs\eval\teacher_cross_scene_all_combinations.csv,csv,cross_scene,VK-RCD-Teacher,vk+lidar+wifi-csi,,protocol3,pa_mpjpe,0.14559703942025895,lower_better,,,yes,no,no,discussion,Parsed but not central to the main story.,high
E:\Deskbook\Tea\HPE\outputs\eval\teacher_cross_scene_all_combinations.csv,csv,cross_scene,VK-RCD-Teacher,vk+mmwave+wifi-csi,,protocol3,mse,0.1482652742823084,lower_better,,,yes,no,no,discussion,Parsed but not central to the main story.,high
E:\Deskbook\Tea\HPE\outputs\eval\teacher_cross_scene_all_combinations.csv,csv,cross_scene,VK-RCD-Teacher,vk+mmwave+wifi-csi,,protocol3,mpjpe,0.6507218774632484,lower_better,,,yes,no,no,discussion,Parsed but not central to the main story.,high
E:\Deskbook\Tea\HPE\outputs\eval\teacher_cross_scene_all_combinations.csv,csv,cross_scene,VK-RCD-Teacher,vk+mmwave+wifi-csi,,protocol3,pa_mpjpe,0.14815024686061343,lower_better,,,yes,no,no,discussion,Parsed but not central to the main story.,high
E:\Deskbook\Tea\HPE\outputs\eval\teacher_cross_scene_all_combinations.csv,csv,cross_scene,VK-RCD-Teacher,depth+lidar+mmwave,,protocol3,mse,0.026904158971851597,lower_better,,,yes,no,no,discussion,Parsed but not central to the main story.,high
E:\Deskbook\Tea\HPE\outputs\eval\teacher_cross_scene_all_combinations.csv,csv,cross_scene,VK-RCD-Teacher,depth+lidar+mmwave,,protocol3,mpjpe,0.27596083039029723,lower_better,,,yes,no,no,discussion,Parsed but not central to the main story.,high
E:\Deskbook\Tea\HPE\outputs\eval\teacher_cross_scene_all_combinations.csv,csv,cross_scene,VK-RCD-Teacher,depth+lidar+mmwave,,protocol3,pa_mpjpe,0.06953163975522955,lower_better,,,yes,no,no,discussion,Parsed but not central to the main story.,high
E:\Deskbook\Tea\HPE\outputs\eval\teacher_cross_scene_all_combinations.csv,csv,cross_scene,VK-RCD-Teacher,depth+lidar+wifi-csi,,protocol3,mse,0.04862745005717776,lower_better,,,yes,no,no,discussion,Parsed but not central to the main story.,high
E:\Deskbook\Tea\HPE\outputs\eval\teacher_cross_scene_all_combinations.csv,csv,cross_scene,VK-RCD-Teacher,depth+lidar+wifi-csi,,protocol3,mpjpe,0.3699440507092579,lower_better,,,yes,no,no,discussion,Parsed but not central to the main story.,high
E:\Deskbook\Tea\HPE\outputs\eval\teacher_cross_scene_all_combinations.csv,csv,cross_scene,VK-RCD-Teacher,depth+lidar+wifi-csi,,protocol3,pa_mpjpe,0.07718864038773335,lower_better,,,yes,no,no,discussion,Parsed but not central to the main story.,high
E:\Deskbook\Tea\HPE\outputs\eval\teacher_cross_scene_all_combinations.csv,csv,cross_scene,VK-RCD-Teacher,depth+mmwave+wifi-csi,,protocol3,mse,0.022289026279222163,lower_better,,,yes,no,no,discussion,Parsed but not central to the main story.,high
E:\Deskbook\Tea\HPE\outputs\eval\teacher_cross_scene_all_combinations.csv,csv,cross_scene,VK-RCD-Teacher,depth+mmwave+wifi-csi,,protocol3,mpjpe,0.2508637549005582,lower_better,,,yes,no,no,discussion,Parsed but not central to the main story.,high
E:\Deskbook\Tea\HPE\outputs\eval\teacher_cross_scene_all_combinations.csv,csv,cross_scene,VK-RCD-Teacher,depth+mmwave+wifi-csi,,protocol3,pa_mpjpe,0.06872124515089977,lower_better,,,yes,no,no,discussion,Parsed but not central to the main story.,high
E:\Deskbook\Tea\HPE\outputs\eval\teacher_cross_scene_all_combinations.csv,csv,cross_scene,VK-RCD-Teacher,lidar+mmwave+wifi-csi,,protocol3,mse,0.3030417688596961,lower_better,,,yes,no,no,discussion,Parsed but not central to the main story.,high
E:\Deskbook\Tea\HPE\outputs\eval\teacher_cross_scene_all_combinations.csv,csv,cross_scene,VK-RCD-Teacher,lidar+mmwave+wifi-csi,,protocol3,mpjpe,0.9395086234964803,lower_better,,,yes,no,no,discussion,Parsed but not central to the main story.,high
E:\Deskbook\Tea\HPE\outputs\eval\teacher_cross_scene_all_combinations.csv,csv,cross_scene,VK-RCD-Teacher,lidar+mmwave+wifi-csi,,protocol3,pa_mpjpe,0.22398264268744597,lower_better,,,yes,no,no,discussion,Parsed but not central to the main story.,high
E:\Deskbook\Tea\HPE\outputs\eval\teacher_cross_scene_all_combinations.csv,csv,cross_scene,VK-RCD-Teacher,vk+depth+lidar+mmwave,,protocol3,mse,0.0024980709566857257,lower_better,,,yes,no,no,discussion,Parsed but not central to the main story.,high
E:\Deskbook\Tea\HPE\outputs\eval\teacher_cross_scene_all_combinations.csv,csv,cross_scene,VK-RCD-Teacher,vk+depth+lidar+mmwave,,protocol3,mpjpe,0.07585543635733215,lower_better,,,yes,no,no,discussion,Parsed but not central to the main story.,high
E:\Deskbook\Tea\HPE\outputs\eval\teacher_cross_scene_all_combinations.csv,csv,cross_scene,VK-RCD-Teacher,vk+depth+lidar+mmwave,,protocol3,pa_mpjpe,0.03889815273691948,lower_better,,,yes,no,no,discussion,Parsed but not central to the main story.,high
E:\Deskbook\Tea\HPE\outputs\eval\teacher_cross_scene_all_combinations.csv,csv,cross_scene,VK-RCD-Teacher,vk+depth+lidar+wifi-csi,,protocol3,mse,0.017008190488259047,lower_better,,,yes,no,no,discussion,Parsed but not central to the main story.,high
E:\Deskbook\Tea\HPE\outputs\eval\teacher_cross_scene_all_combinations.csv,csv,cross_scene,VK-RCD-Teacher,vk+depth+lidar+wifi-csi,,protocol3,mpjpe,0.212141093920927,lower_better,,,yes,no,no,discussion,Parsed but not central to the main story.,high
E:\Deskbook\Tea\HPE\outputs\eval\teacher_cross_scene_all_combinations.csv,csv,cross_scene,VK-RCD-Teacher,vk+depth+lidar+wifi-csi,,protocol3,pa_mpjpe,0.05734795083222798,lower_better,,,yes,no,no,discussion,Parsed but not central to the main story.,high
E:\Deskbook\Tea\HPE\outputs\eval\teacher_cross_scene_all_combinations.csv,csv,cross_scene,VK-RCD-Teacher,vk+depth+mmwave+wifi-csi,,protocol3,mse,0.002911892643634823,lower_better,,,yes,no,no,discussion,Parsed but not central to the main story.,high
E:\Deskbook\Tea\HPE\outputs\eval\teacher_cross_scene_all_combinations.csv,csv,cross_scene,VK-RCD-Teacher,vk+depth+mmwave+wifi-csi,,protocol3,mpjpe,0.08226345570560316,lower_better,,,yes,no,no,discussion,Parsed but not central to the main story.,high
E:\Deskbook\Tea\HPE\outputs\eval\teacher_cross_scene_all_combinations.csv,csv,cross_scene,VK-RCD-Teacher,vk+depth+mmwave+wifi-csi,,protocol3,pa_mpjpe,0.03955923532962808,lower_better,,,yes,no,no,discussion,Parsed but not central to the main story.,high
E:\Deskbook\Tea\HPE\outputs\eval\teacher_cross_scene_all_combinations.csv,csv,cross_scene,VK-RCD-Teacher,vk+lidar+mmwave+wifi-csi,,protocol3,mse,0.2324629318559537,lower_better,,,yes,no,no,discussion,Parsed but not central to the main story.,high
E:\Deskbook\Tea\HPE\outputs\eval\teacher_cross_scene_all_combinations.csv,csv,cross_scene,VK-RCD-Teacher,vk+lidar+mmwave+wifi-csi,,protocol3,mpjpe,0.8210615097963538,lower_better,,,yes,no,no,discussion,Parsed but not central to the main story.,high
E:\Deskbook\Tea\HPE\outputs\eval\teacher_cross_scene_all_combinations.csv,csv,cross_scene,VK-RCD-Teacher,vk+lidar+mmwave+wifi-csi,,protocol3,pa_mpjpe,0.16709692272584326,lower_better,,,yes,no,no,discussion,Parsed but not central to the main story.,high
E:\Deskbook\Tea\HPE\outputs\eval\teacher_cross_scene_all_combinations.csv,csv,cross_scene,VK-RCD-Teacher,depth+lidar+mmwave+wifi-csi,,protocol3,mse,0.029499810927609418,lower_better,,,yes,no,no,discussion,Parsed but not central to the main story.,high
E:\Deskbook\Tea\HPE\outputs\eval\teacher_cross_scene_all_combinations.csv,csv,cross_scene,VK-RCD-Teacher,depth+lidar+mmwave+wifi-csi,,protocol3,mpjpe,0.2907541606005238,lower_better,,,yes,no,no,discussion,Parsed but not central to the main story.,high
E:\Deskbook\Tea\HPE\outputs\eval\teacher_cross_scene_all_combinations.csv,csv,cross_scene,VK-RCD-Teacher,depth+lidar+mmwave+wifi-csi,,protocol3,pa_mpjpe,0.06572331830068626,lower_better,,,yes,no,no,discussion,Parsed but not central to the main story.,high
E:\Deskbook\Tea\HPE\outputs\eval\teacher_cross_scene_all_combinations.csv,csv,cross_scene,VK-RCD-Teacher,vk+depth+lidar+mmwave+wifi-csi,,protocol3,mse,0.0025013729792589066,lower_better,,,yes,no,no,discussion,Parsed but not central to the main story.,high
E:\Deskbook\Tea\HPE\outputs\eval\teacher_cross_scene_all_combinations.csv,csv,cross_scene,VK-RCD-Teacher,vk+depth+lidar+mmwave+wifi-csi,,protocol3,mpjpe,0.07605954898252558,lower_better,,,yes,no,no,discussion,Parsed but not central to the main story.,high
E:\Deskbook\Tea\HPE\outputs\eval\teacher_cross_scene_all_combinations.csv,csv,cross_scene,VK-RCD-Teacher,vk+depth+lidar+mmwave+wifi-csi,,protocol3,pa_mpjpe,0.03789066943420306,lower_better,,,yes,no,no,discussion,Parsed but not central to the main story.,high
E:\Deskbook\Tea\HPE\outputs\eval\teacher_cross_subject_all_combinations.csv,csv,cross_subject,VK-RCD-Teacher,vk,,protocol3,mse,0.029405788621736415,lower_better,,,yes,no,no,discussion,Parsed but not central to the main story.,high
E:\Deskbook\Tea\HPE\outputs\eval\teacher_cross_subject_all_combinations.csv,csv,cross_subject,VK-RCD-Teacher,vk,,protocol3,mpjpe,0.27429735726706034,lower_better,,,yes,no,no,discussion,Parsed but not central to the main story.,high
E:\Deskbook\Tea\HPE\outputs\eval\teacher_cross_subject_all_combinations.csv,csv,cross_subject,VK-RCD-Teacher,vk,,protocol3,pa_mpjpe,0.10992484967956816,lower_better,,,yes,no,no,discussion,Parsed but not central to the main story.,high
E:\Deskbook\Tea\HPE\outputs\eval\teacher_cross_subject_all_combinations.csv,csv,cross_subject,VK-RCD-Teacher,depth,,protocol3,mse,0.013205266140867315,lower_better,,,yes,no,no,discussion,Parsed but not central to the main story.,high
E:\Deskbook\Tea\HPE\outputs\eval\teacher_cross_subject_all_combinations.csv,csv,cross_subject,VK-RCD-Teacher,depth,,protocol3,mpjpe,0.17639845990974093,lower_better,,,yes,no,no,discussion,Parsed but not central to the main story.,high
E:\Deskbook\Tea\HPE\outputs\eval\teacher_cross_subject_all_combinations.csv,csv,cross_subject,VK-RCD-Teacher,depth,,protocol3,pa_mpjpe,0.09116104001822557,lower_better,,,yes,no,no,discussion,Parsed but not central to the main story.,high
E:\Deskbook\Tea\HPE\outputs\eval\teacher_cross_subject_all_combinations.csv,csv,cross_subject,VK-RCD-Teacher,lidar,,protocol3,mse,0.033296676659925216,lower_better,,,yes,no,no,discussion,Parsed but not central to the main story.,high
E:\Deskbook\Tea\HPE\outputs\eval\teacher_cross_subject_all_combinations.csv,csv,cross_subject,VK-RCD-Teacher,lidar,,protocol3,mpjpe,0.27869028236179494,lower_better,,,yes,no,no,discussion,Parsed but not central to the main story.,high
E:\Deskbook\Tea\HPE\outputs\eval\teacher_cross_subject_all_combinations.csv,csv,cross_subject,VK-RCD-Teacher,lidar,,protocol3,pa_mpjpe,0.1651488118094615,lower_better,,,yes,no,no,discussion,Parsed but not central to the main story.,high
E:\Deskbook\Tea\HPE\outputs\eval\teacher_cross_subject_all_combinations.csv,csv,cross_subject,VK-RCD-Teacher,mmwave,,protocol3,mse,0.09622492826755007,lower_better,,,yes,no,no,discussion,Parsed but not central to the main story.,high
E:\Deskbook\Tea\HPE\outputs\eval\teacher_cross_subject_all_combinations.csv,csv,cross_subject,VK-RCD-Teacher,mmwave,,protocol3,mpjpe,0.5183519125913857,lower_better,,,yes,no,no,discussion,Parsed but not central to the main story.,high
E:\Deskbook\Tea\HPE\outputs\eval\teacher_cross_subject_all_combinations.csv,csv,cross_subject,VK-RCD-Teacher,mmwave,,protocol3,pa_mpjpe,0.15947287470970614,lower_better,,,yes,no,no,discussion,Parsed but not central to the main story.,high
E:\Deskbook\Tea\HPE\outputs\eval\teacher_cross_subject_all_combinations.csv,csv,cross_subject,VK-RCD-Teacher,wifi-csi,,protocol3,mse,0.037953659374564644,lower_better,,,yes,no,no,discussion,Parsed but not central to the main story.,high
E:\Deskbook\Tea\HPE\outputs\eval\teacher_cross_subject_all_combinations.csv,csv,cross_subject,VK-RCD-Teacher,wifi-csi,,protocol3,mpjpe,0.2970369232832189,lower_better,,,yes,no,no,discussion,Parsed but not central to the main story.,high
E:\Deskbook\Tea\HPE\outputs\eval\teacher_cross_subject_all_combinations.csv,csv,cross_subject,VK-RCD-Teacher,wifi-csi,,protocol3,pa_mpjpe,0.1442739387960649,lower_better,,,yes,no,no,discussion,Parsed but not central to the main story.,high
E:\Deskbook\Tea\HPE\outputs\eval\teacher_cross_subject_all_combinations.csv,csv,cross_subject,VK-RCD-Teacher,vk+depth,,protocol3,mse,0.005230647323982706,lower_better,,,yes,no,no,discussion,Parsed but not central to the main story.,high
E:\Deskbook\Tea\HPE\outputs\eval\teacher_cross_subject_all_combinations.csv,csv,cross_subject,VK-RCD-Teacher,vk+depth,,protocol3,mpjpe,0.11479359025453627,lower_better,,,yes,no,no,discussion,Parsed but not central to the main story.,high
E:\Deskbook\Tea\HPE\outputs\eval\teacher_cross_subject_all_combinations.csv,csv,cross_subject,VK-RCD-Teacher,vk+depth,,protocol3,pa_mpjpe,0.0555915405735766,lower_better,,,yes,no,no,discussion,Parsed but not central to the main story.,high
E:\Deskbook\Tea\HPE\outputs\eval\teacher_cross_subject_all_combinations.csv,csv,cross_subject,VK-RCD-Teacher,vk+lidar,,protocol3,mse,0.020335732733551843,lower_better,,,yes,no,no,discussion,Parsed but not central to the main story.,high
E:\Deskbook\Tea\HPE\outputs\eval\teacher_cross_subject_all_combinations.csv,csv,cross_subject,VK-RCD-Teacher,vk+lidar,,protocol3,mpjpe,0.2156575011640642,lower_better,,,yes,no,no,discussion,Parsed but not central to the main story.,high
E:\Deskbook\Tea\HPE\outputs\eval\teacher_cross_subject_all_combinations.csv,csv,cross_subject,VK-RCD-Teacher,vk+lidar,,protocol3,pa_mpjpe,0.11075476391133943,lower_better,,,yes,no,no,discussion,Parsed but not central to the main story.,high
E:\Deskbook\Tea\HPE\outputs\eval\teacher_cross_subject_all_combinations.csv,csv,cross_subject,VK-RCD-Teacher,vk+mmwave,,protocol3,mse,0.022266996383152726,lower_better,,,yes,no,no,discussion,Parsed but not central to the main story.,high
E:\Deskbook\Tea\HPE\outputs\eval\teacher_cross_subject_all_combinations.csv,csv,cross_subject,VK-RCD-Teacher,vk+mmwave,,protocol3,mpjpe,0.22059054067677758,lower_better,,,yes,no,no,discussion,Parsed but not central to the main story.,high
E:\Deskbook\Tea\HPE\outputs\eval\teacher_cross_subject_all_combinations.csv,csv,cross_subject,VK-RCD-Teacher,vk+mmwave,,protocol3,pa_mpjpe,0.11625909434849585,lower_better,,,yes,no,no,discussion,Parsed but not central to the main story.,high
E:\Deskbook\Tea\HPE\outputs\eval\teacher_cross_subject_all_combinations.csv,csv,cross_subject,VK-RCD-Teacher,vk+wifi-csi,,protocol3,mse,0.019713941233854892,lower_better,,,yes,no,no,discussion,Parsed but not central to the main story.,high
E:\Deskbook\Tea\HPE\outputs\eval\teacher_cross_subject_all_combinations.csv,csv,cross_subject,VK-RCD-Teacher,vk+wifi-csi,,protocol3,mpjpe,0.2130048961591982,lower_better,,,yes,no,no,discussion,Parsed but not central to the main story.,high
E:\Deskbook\Tea\HPE\outputs\eval\teacher_cross_subject_all_combinations.csv,csv,cross_subject,VK-RCD-Teacher,vk+wifi-csi,,protocol3,pa_mpjpe,0.10635577493592123,lower_better,,,yes,no,no,discussion,Parsed but not central to the main story.,high
E:\Deskbook\Tea\HPE\outputs\eval\teacher_cross_subject_all_combinations.csv,csv,cross_subject,VK-RCD-Teacher,depth+lidar,,protocol3,mse,0.006030561252402367,lower_better,,,yes,no,no,discussion,Parsed but not central to the main story.,high
E:\Deskbook\Tea\HPE\outputs\eval\teacher_cross_subject_all_combinations.csv,csv,cross_subject,VK-RCD-Teacher,depth+lidar,,protocol3,mpjpe,0.12037206339054177,lower_better,,,yes,no,no,discussion,Parsed but not central to the main story.,high
E:\Deskbook\Tea\HPE\outputs\eval\teacher_cross_subject_all_combinations.csv,csv,cross_subject,VK-RCD-Teacher,depth+lidar,,protocol3,pa_mpjpe,0.06767001747030303,lower_better,,,yes,no,no,discussion,Parsed but not central to the main story.,high
E:\Deskbook\Tea\HPE\outputs\eval\teacher_cross_subject_all_combinations.csv,csv,cross_subject,VK-RCD-Teacher,depth+mmwave,,protocol3,mse,0.026476715679309145,lower_better,,,yes,no,no,discussion,Parsed but not central to the main story.,high
E:\Deskbook\Tea\HPE\outputs\eval\teacher_cross_subject_all_combinations.csv,csv,cross_subject,VK-RCD-Teacher,depth+mmwave,,protocol3,mpjpe,0.2698307803911318,lower_better,,,yes,no,no,discussion,Parsed but not central to the main story.,high
E:\Deskbook\Tea\HPE\outputs\eval\teacher_cross_subject_all_combinations.csv,csv,cross_subject,VK-RCD-Teacher,depth+mmwave,,protocol3,pa_mpjpe,0.06996708848059795,lower_better,,,yes,no,no,discussion,Parsed but not central to the main story.,high
E:\Deskbook\Tea\HPE\outputs\eval\teacher_cross_subject_all_combinations.csv,csv,cross_subject,VK-RCD-Teacher,depth+wifi-csi,,protocol3,mse,0.009197779505999419,lower_better,,,yes,no,no,discussion,Parsed but not central to the main story.,high
E:\Deskbook\Tea\HPE\outputs\eval\teacher_cross_subject_all_combinations.csv,csv,cross_subject,VK-RCD-Teacher,depth+wifi-csi,,protocol3,mpjpe,0.150325103330633,lower_better,,,yes,no,no,discussion,Parsed but not central to the main story.,high
E:\Deskbook\Tea\HPE\outputs\eval\teacher_cross_subject_all_combinations.csv,csv,cross_subject,VK-RCD-Teacher,depth+wifi-csi,,protocol3,pa_mpjpe,0.07726614629661285,lower_better,,,yes,no,no,discussion,Parsed but not central to the main story.,high
E:\Deskbook\Tea\HPE\outputs\eval\teacher_cross_subject_all_combinations.csv,csv,cross_subject,VK-RCD-Teacher,lidar+mmwave,,protocol3,mse,0.03506139181912027,lower_better,,,yes,no,no,discussion,Parsed but not central to the main story.,high
E:\Deskbook\Tea\HPE\outputs\eval\teacher_cross_subject_all_combinations.csv,csv,cross_subject,VK-RCD-Teacher,lidar+mmwave,,protocol3,mpjpe,0.28918564237848393,lower_better,,,yes,no,no,discussion,Parsed but not central to the main story.,high
E:\Deskbook\Tea\HPE\outputs\eval\teacher_cross_subject_all_combinations.csv,csv,cross_subject,VK-RCD-Teacher,lidar+mmwave,,protocol3,pa_mpjpe,0.1280561957175053,lower_better,,,yes,no,no,discussion,Parsed but not central to the main story.,high
E:\Deskbook\Tea\HPE\outputs\eval\teacher_cross_subject_all_combinations.csv,csv,cross_subject,VK-RCD-Teacher,lidar+wifi-csi,,protocol3,mse,0.031110916952650763,lower_better,,,yes,no,no,discussion,Parsed but not central to the main story.,high
E:\Deskbook\Tea\HPE\outputs\eval\teacher_cross_subject_all_combinations.csv,csv,cross_subject,VK-RCD-Teacher,lidar+wifi-csi,,protocol3,mpjpe,0.27078797715696434,lower_better,,,yes,no,no,discussion,Parsed but not central to the main story.,high
E:\Deskbook\Tea\HPE\outputs\eval\teacher_cross_subject_all_combinations.csv,csv,cross_subject,VK-RCD-Teacher,lidar+wifi-csi,,protocol3,pa_mpjpe,0.14400086289068872,lower_better,,,yes,no,no,discussion,Parsed but not central to the main story.,high
E:\Deskbook\Tea\HPE\outputs\eval\teacher_cross_subject_all_combinations.csv,csv,cross_subject,VK-RCD-Teacher,mmwave+wifi-csi,,protocol3,mse,0.032386089979878484,lower_better,,,yes,no,no,discussion,Parsed but not central to the main story.,high
E:\Deskbook\Tea\HPE\outputs\eval\teacher_cross_subject_all_combinations.csv,csv,cross_subject,VK-RCD-Teacher,mmwave+wifi-csi,,protocol3,mpjpe,0.27173066485967257,lower_better,,,yes,no,no,discussion,Parsed but not central to the main story.,high
E:\Deskbook\Tea\HPE\outputs\eval\teacher_cross_subject_all_combinations.csv,csv,cross_subject,VK-RCD-Teacher,mmwave+wifi-csi,,protocol3,pa_mpjpe,0.11604172337986556,lower_better,,,yes,no,no,discussion,Parsed but not central to the main story.,high
E:\Deskbook\Tea\HPE\outputs\eval\teacher_cross_subject_all_combinations.csv,csv,cross_subject,VK-RCD-Teacher,vk+depth+lidar,,protocol3,mse,0.0041760068630627995,lower_better,,,yes,no,no,discussion,Parsed but not central to the main story.,high
E:\Deskbook\Tea\HPE\outputs\eval\teacher_cross_subject_all_combinations.csv,csv,cross_subject,VK-RCD-Teacher,vk+depth+lidar,,protocol3,mpjpe,0.1025021323960445,lower_better,,,yes,no,no,discussion,Parsed but not central to the main story.,high
E:\Deskbook\Tea\HPE\outputs\eval\teacher_cross_subject_all_combinations.csv,csv,cross_subject,VK-RCD-Teacher,vk+depth+lidar,,protocol3,pa_mpjpe,0.05039398635951145,lower_better,,,yes,no,no,discussion,Parsed but not central to the main story.,high
E:\Deskbook\Tea\HPE\outputs\eval\teacher_cross_subject_all_combinations.csv,csv,cross_subject,VK-RCD-Teacher,vk+depth+mmwave,,protocol3,mse,0.0025371197817647606,lower_better,,,yes,no,no,discussion,Parsed but not central to the main story.,high
E:\Deskbook\Tea\HPE\outputs\eval\teacher_cross_subject_all_combinations.csv,csv,cross_subject,VK-RCD-Teacher,vk+depth+mmwave,,protocol3,mpjpe,0.07537329287472279,lower_better,,,yes,no,no,discussion,Parsed but not central to the main story.,high
E:\Deskbook\Tea\HPE\outputs\eval\teacher_cross_subject_all_combinations.csv,csv,cross_subject,VK-RCD-Teacher,vk+depth+mmwave,,protocol3,pa_mpjpe,0.040864596432231,lower_better,,,yes,no,no,discussion,Parsed but not central to the main story.,high
E:\Deskbook\Tea\HPE\outputs\eval\teacher_cross_subject_all_combinations.csv,csv,cross_subject,VK-RCD-Teacher,vk+depth+wifi-csi,,protocol3,mse,0.0061691899446001475,lower_better,,,yes,no,no,discussion,Parsed but not central to the main story.,high
E:\Deskbook\Tea\HPE\outputs\eval\teacher_cross_subject_all_combinations.csv,csv,cross_subject,VK-RCD-Teacher,vk+depth+wifi-csi,,protocol3,mpjpe,0.12531047006124776,lower_better,,,yes,no,no,discussion,Parsed but not central to the main story.,high
E:\Deskbook\Tea\HPE\outputs\eval\teacher_cross_subject_all_combinations.csv,csv,cross_subject,VK-RCD-Teacher,vk+depth+wifi-csi,,protocol3,pa_mpjpe,0.05510146977637346,lower_better,,,yes,no,no,discussion,Parsed but not central to the main story.,high
E:\Deskbook\Tea\HPE\outputs\eval\teacher_cross_subject_all_combinations.csv,csv,cross_subject,VK-RCD-Teacher,vk+lidar+mmwave,,protocol3,mse,0.02227205207158163,lower_better,,,yes,no,no,discussion,Parsed but not central to the main story.,high
E:\Deskbook\Tea\HPE\outputs\eval\teacher_cross_subject_all_combinations.csv,csv,cross_subject,VK-RCD-Teacher,vk+lidar+mmwave,,protocol3,mpjpe,0.22341605661731212,lower_better,,,yes,no,no,discussion,Parsed but not central to the main story.,high
E:\Deskbook\Tea\HPE\outputs\eval\teacher_cross_subject_all_combinations.csv,csv,cross_subject,VK-RCD-Teacher,vk+lidar+mmwave,,protocol3,pa_mpjpe,0.1055605885440057,lower_better,,,yes,no,no,discussion,Parsed but not central to the main story.,high
E:\Deskbook\Tea\HPE\outputs\eval\teacher_cross_subject_all_combinations.csv,csv,cross_subject,VK-RCD-Teacher,vk+lidar+wifi-csi,,protocol3,mse,0.017569259534206568,lower_better,,,yes,no,no,discussion,Parsed but not central to the main story.,high
E:\Deskbook\Tea\HPE\outputs\eval\teacher_cross_subject_all_combinations.csv,csv,cross_subject,VK-RCD-Teacher,vk+lidar+wifi-csi,,protocol3,mpjpe,0.19923461989090469,lower_better,,,yes,no,no,discussion,Parsed but not central to the main story.,high
E:\Deskbook\Tea\HPE\outputs\eval\teacher_cross_subject_all_combinations.csv,csv,cross_subject,VK-RCD-Teacher,vk+lidar+wifi-csi,,protocol3,pa_mpjpe,0.10429209306393569,lower_better,,,yes,no,no,discussion,Parsed but not central to the main story.,high
E:\Deskbook\Tea\HPE\outputs\eval\teacher_cross_subject_all_combinations.csv,csv,cross_subject,VK-RCD-Teacher,vk+mmwave+wifi-csi,,protocol3,mse,0.022599902360261413,lower_better,,,yes,no,no,discussion,Parsed but not central to the main story.,high
E:\Deskbook\Tea\HPE\outputs\eval\teacher_cross_subject_all_combinations.csv,csv,cross_subject,VK-RCD-Teacher,vk+mmwave+wifi-csi,,protocol3,mpjpe,0.2257305549269291,lower_better,,,yes,no,no,discussion,Parsed but not central to the main story.,high
E:\Deskbook\Tea\HPE\outputs\eval\teacher_cross_subject_all_combinations.csv,csv,cross_subject,VK-RCD-Teacher,vk+mmwave+wifi-csi,,protocol3,pa_mpjpe,0.10108812642650172,lower_better,,,yes,no,no,discussion,Parsed but not central to the main story.,high
E:\Deskbook\Tea\HPE\outputs\eval\teacher_cross_subject_all_combinations.csv,csv,cross_subject,VK-RCD-Teacher,depth+lidar+mmwave,,protocol3,mse,0.005808952919848371,lower_better,,,yes,no,no,discussion,Parsed but not central to the main story.,high
E:\Deskbook\Tea\HPE\outputs\eval\teacher_cross_subject_all_combinations.csv,csv,cross_subject,VK-RCD-Teacher,depth+lidar+mmwave,,protocol3,mpjpe,0.11872460939150853,lower_better,,,yes,no,no,discussion,Parsed but not central to the main story.,high
E:\Deskbook\Tea\HPE\outputs\eval\teacher_cross_subject_all_combinations.csv,csv,cross_subject,VK-RCD-Teacher,depth+lidar+mmwave,,protocol3,pa_mpjpe,0.04975741709134794,lower_better,,,yes,no,no,discussion,Parsed but not central to the main story.,high
E:\Deskbook\Tea\HPE\outputs\eval\teacher_cross_subject_all_combinations.csv,csv,cross_subject,VK-RCD-Teacher,depth+lidar+wifi-csi,,protocol3,mse,0.007768396206626587,lower_better,,,yes,no,no,discussion,Parsed but not central to the main story.,high
E:\Deskbook\Tea\HPE\outputs\eval\teacher_cross_subject_all_combinations.csv,csv,cross_subject,VK-RCD-Teacher,depth+lidar+wifi-csi,,protocol3,mpjpe,0.13833175869111572,lower_better,,,yes,no,no,discussion,Parsed but not central to the main story.,high
E:\Deskbook\Tea\HPE\outputs\eval\teacher_cross_subject_all_combinations.csv,csv,cross_subject,VK-RCD-Teacher,depth+lidar+wifi-csi,,protocol3,pa_mpjpe,0.06837945587158531,lower_better,,,yes,no,no,discussion,Parsed but not central to the main story.,high
E:\Deskbook\Tea\HPE\outputs\eval\teacher_cross_subject_all_combinations.csv,csv,cross_subject,VK-RCD-Teacher,depth+mmwave+wifi-csi,,protocol3,mse,0.0045956438354458435,lower_better,,,yes,no,no,discussion,Parsed but not central to the main story.,high
E:\Deskbook\Tea\HPE\outputs\eval\teacher_cross_subject_all_combinations.csv,csv,cross_subject,VK-RCD-Teacher,depth+mmwave+wifi-csi,,protocol3,mpjpe,0.10308247582304284,lower_better,,,yes,no,no,discussion,Parsed but not central to the main story.,high
E:\Deskbook\Tea\HPE\outputs\eval\teacher_cross_subject_all_combinations.csv,csv,cross_subject,VK-RCD-Teacher,depth+mmwave+wifi-csi,,protocol3,pa_mpjpe,0.04810104130878793,lower_better,,,yes,no,no,discussion,Parsed but not central to the main story.,high
E:\Deskbook\Tea\HPE\outputs\eval\teacher_cross_subject_all_combinations.csv,csv,cross_subject,VK-RCD-Teacher,lidar+mmwave+wifi-csi,,protocol3,mse,0.03421733097591027,lower_better,,,yes,no,no,discussion,Parsed but not central to the main story.,high
E:\Deskbook\Tea\HPE\outputs\eval\teacher_cross_subject_all_combinations.csv,csv,cross_subject,VK-RCD-Teacher,lidar+mmwave+wifi-csi,,protocol3,mpjpe,0.28523050155153834,lower_better,,,yes,no,no,discussion,Parsed but not central to the main story.,high
E:\Deskbook\Tea\HPE\outputs\eval\teacher_cross_subject_all_combinations.csv,csv,cross_subject,VK-RCD-Teacher,lidar+mmwave+wifi-csi,,protocol3,pa_mpjpe,0.11431915353916317,lower_better,,,yes,no,no,discussion,Parsed but not central to the main story.,high
E:\Deskbook\Tea\HPE\outputs\eval\teacher_cross_subject_all_combinations.csv,csv,cross_subject,VK-RCD-Teacher,vk+depth+lidar+mmwave,,protocol3,mse,0.0014533426641708527,lower_better,,,yes,no,no,discussion,Parsed but not central to the main story.,high
E:\Deskbook\Tea\HPE\outputs\eval\teacher_cross_subject_all_combinations.csv,csv,cross_subject,VK-RCD-Teacher,vk+depth+lidar+mmwave,,protocol3,mpjpe,0.055164929551831623,lower_better,,,yes,no,no,discussion,Parsed but not central to the main story.,high
E:\Deskbook\Tea\HPE\outputs\eval\teacher_cross_subject_all_combinations.csv,csv,cross_subject,VK-RCD-Teacher,vk+depth+lidar+mmwave,,protocol3,pa_mpjpe,0.036332107050563174,lower_better,,,yes,no,no,discussion,Parsed but not central to the main story.,high
E:\Deskbook\Tea\HPE\outputs\eval\teacher_cross_subject_all_combinations.csv,csv,cross_subject,VK-RCD-Teacher,vk+depth+lidar+wifi-csi,,protocol3,mse,0.005212722155572699,lower_better,,,yes,no,no,discussion,Parsed but not central to the main story.,high
E:\Deskbook\Tea\HPE\outputs\eval\teacher_cross_subject_all_combinations.csv,csv,cross_subject,VK-RCD-Teacher,vk+depth+lidar+wifi-csi,,protocol3,mpjpe,0.11505979045060437,lower_better,,,yes,no,no,discussion,Parsed but not central to the main story.,high
E:\Deskbook\Tea\HPE\outputs\eval\teacher_cross_subject_all_combinations.csv,csv,cross_subject,VK-RCD-Teacher,vk+depth+lidar+wifi-csi,,protocol3,pa_mpjpe,0.0509964995061285,lower_better,,,yes,no,no,discussion,Parsed but not central to the main story.,high
E:\Deskbook\Tea\HPE\outputs\eval\teacher_cross_subject_all_combinations.csv,csv,cross_subject,VK-RCD-Teacher,vk+depth+mmwave+wifi-csi,,protocol3,mse,0.0013996123484173709,lower_better,,,yes,no,no,discussion,Parsed but not central to the main story.,high
E:\Deskbook\Tea\HPE\outputs\eval\teacher_cross_subject_all_combinations.csv,csv,cross_subject,VK-RCD-Teacher,vk+depth+mmwave+wifi-csi,,protocol3,mpjpe,0.05439680852232869,lower_better,,,yes,no,no,discussion,Parsed but not central to the main story.,high
E:\Deskbook\Tea\HPE\outputs\eval\teacher_cross_subject_all_combinations.csv,csv,cross_subject,VK-RCD-Teacher,vk+depth+mmwave+wifi-csi,,protocol3,pa_mpjpe,0.0346395880461219,lower_better,,,yes,no,no,discussion,Parsed but not central to the main story.,high
E:\Deskbook\Tea\HPE\outputs\eval\teacher_cross_subject_all_combinations.csv,csv,cross_subject,VK-RCD-Teacher,vk+lidar+mmwave+wifi-csi,,protocol3,mse,0.02434617348036446,lower_better,,,yes,no,no,discussion,Parsed but not central to the main story.,high
E:\Deskbook\Tea\HPE\outputs\eval\teacher_cross_subject_all_combinations.csv,csv,cross_subject,VK-RCD-Teacher,vk+lidar+mmwave+wifi-csi,,protocol3,mpjpe,0.23930511870301266,lower_better,,,yes,no,no,discussion,Parsed but not central to the main story.,high
E:\Deskbook\Tea\HPE\outputs\eval\teacher_cross_subject_all_combinations.csv,csv,cross_subject,VK-RCD-Teacher,vk+lidar+mmwave+wifi-csi,,protocol3,pa_mpjpe,0.09733212069117847,lower_better,,,yes,no,no,discussion,Parsed but not central to the main story.,high
E:\Deskbook\Tea\HPE\outputs\eval\teacher_cross_subject_all_combinations.csv,csv,cross_subject,VK-RCD-Teacher,depth+lidar+mmwave+wifi-csi,,protocol3,mse,0.003711852215881775,lower_better,,,yes,no,no,discussion,Parsed but not central to the main story.,high
E:\Deskbook\Tea\HPE\outputs\eval\teacher_cross_subject_all_combinations.csv,csv,cross_subject,VK-RCD-Teacher,depth+lidar+mmwave+wifi-csi,,protocol3,mpjpe,0.09261239686111424,lower_better,,,yes,no,no,discussion,Parsed but not central to the main story.,high
E:\Deskbook\Tea\HPE\outputs\eval\teacher_cross_subject_all_combinations.csv,csv,cross_subject,VK-RCD-Teacher,depth+lidar+mmwave+wifi-csi,,protocol3,pa_mpjpe,0.04368355658605746,lower_better,,,yes,no,no,discussion,Parsed but not central to the main story.,high
E:\Deskbook\Tea\HPE\outputs\eval\teacher_cross_subject_all_combinations.csv,csv,cross_subject,VK-RCD-Teacher,vk+depth+lidar+mmwave+wifi-csi,,protocol3,mse,0.0012795424265745195,lower_better,,,yes,no,no,discussion,Parsed but not central to the main story.,high
E:\Deskbook\Tea\HPE\outputs\eval\teacher_cross_subject_all_combinations.csv,csv,cross_subject,VK-RCD-Teacher,vk+depth+lidar+mmwave+wifi-csi,,protocol3,mpjpe,0.0510831472368323,lower_better,,,yes,no,no,discussion,Parsed but not central to the main story.,high
E:\Deskbook\Tea\HPE\outputs\eval\teacher_cross_subject_all_combinations.csv,csv,cross_subject,VK-RCD-Teacher,vk+depth+lidar+mmwave+wifi-csi,,protocol3,pa_mpjpe,0.03239601222237155,lower_better,,,yes,no,no,discussion,Parsed but not central to the main story.,high
E:\Deskbook\Tea\HPE\outputs\eval\teacher_full_model_complexity.csv,csv,HPE,full-modality teacher,,,,,,,,,yes,no,no,main_table,CSV parsed but no recognized metric column was found.,high
E:\Deskbook\Tea\HPE\outputs\eval\teacher_missing_modality_summary.csv,csv,HPE,VK-RCD-Teacher,,0,protocol3,mse,0.001392293848827958,lower_better,,,yes,no,no,main_table,"Directly supports VK replacement, FSG, missing-modality robustness, or baseline comparison.",high
E:\Deskbook\Tea\HPE\outputs\eval\teacher_missing_modality_summary.csv,csv,HPE,VK-RCD-Teacher,,0,protocol3,mpjpe,0.04845229743301965,lower_better,,,yes,no,no,main_table,"Directly supports VK replacement, FSG, missing-modality robustness, or baseline comparison.",high
E:\Deskbook\Tea\HPE\outputs\eval\teacher_missing_modality_summary.csv,csv,HPE,VK-RCD-Teacher,,0,protocol3,pa_mpjpe,0.03306331608853349,lower_better,,,yes,no,no,main_table,"Directly supports VK replacement, FSG, missing-modality robustness, or baseline comparison.",high
E:\Deskbook\Tea\HPE\outputs\eval\teacher_missing_modality_summary.csv,csv,HPE,VK-RCD-Teacher,,1,protocol3,mse,1.6141204196269416,lower_better,,,yes,no,no,main_table,"Directly supports VK replacement, FSG, missing-modality robustness, or baseline comparison.",high
E:\Deskbook\Tea\HPE\outputs\eval\teacher_missing_modality_summary.csv,csv,HPE,VK-RCD-Teacher,,1,protocol3,mpjpe,1.1443536307289686,lower_better,,,yes,no,no,main_table,"Directly supports VK replacement, FSG, missing-modality robustness, or baseline comparison.",high
E:\Deskbook\Tea\HPE\outputs\eval\teacher_missing_modality_summary.csv,csv,HPE,VK-RCD-Teacher,,1,protocol3,pa_mpjpe,0.0925206681695501,lower_better,,,yes,no,no,main_table,"Directly supports VK replacement, FSG, missing-modality robustness, or baseline comparison.",high
E:\Deskbook\Tea\HPE\outputs\eval\teacher_missing_modality_summary.csv,csv,HPE,VK-RCD-Teacher,,2,protocol3,mse,2.2166804540296217,lower_better,,,yes,no,no,main_table,"Directly supports VK replacement, FSG, missing-modality robustness, or baseline comparison.",high
E:\Deskbook\Tea\HPE\outputs\eval\teacher_missing_modality_summary.csv,csv,HPE,VK-RCD-Teacher,,2,protocol3,mpjpe,1.6711239360001584,lower_better,,,yes,no,no,main_table,"Directly supports VK replacement, FSG, missing-modality robustness, or baseline comparison.",high
E:\Deskbook\Tea\HPE\outputs\eval\teacher_missing_modality_summary.csv,csv,HPE,VK-RCD-Teacher,,2,protocol3,pa_mpjpe,0.15353510933019715,lower_better,,,yes,no,no,main_table,"Directly supports VK replacement, FSG, missing-modality robustness, or baseline comparison.",high
E:\Deskbook\Tea\HPE\outputs\eval\teacher_missing_modality_summary.csv,csv,HPE,VK-RCD-Teacher,,3,protocol3,mse,1.8162638126404669,lower_better,,,yes,no,no,main_table,"Directly supports VK replacement, FSG, missing-modality robustness, or baseline comparison.",high
E:\Deskbook\Tea\HPE\outputs\eval\teacher_missing_modality_summary.csv,csv,HPE,VK-RCD-Teacher,,3,protocol3,mpjpe,1.625062784317322,lower_better,,,yes,no,no,main_table,"Directly supports VK replacement, FSG, missing-modality robustness, or baseline comparison.",high
E:\Deskbook\Tea\HPE\outputs\eval\teacher_missing_modality_summary.csv,csv,HPE,VK-RCD-Teacher,,3,protocol3,pa_mpjpe,0.20917455170317262,lower_better,,,yes,no,no,main_table,"Directly supports VK replacement, FSG, missing-modality robustness, or baseline comparison.",high
E:\Deskbook\Tea\HPE\outputs\eval\teacher_missing_modality_summary.csv,csv,HPE,VK-RCD-Teacher,,4,protocol3,mse,2.5540013625517752,lower_better,,,yes,no,no,main_table,"Directly supports VK replacement, FSG, missing-modality robustness, or baseline comparison.",high
E:\Deskbook\Tea\HPE\outputs\eval\teacher_missing_modality_summary.csv,csv,HPE,VK-RCD-Teacher,,4,protocol3,mpjpe,2.1419745519357756,lower_better,,,yes,no,no,main_table,"Directly supports VK replacement, FSG, missing-modality robustness, or baseline comparison.",high
E:\Deskbook\Tea\HPE\outputs\eval\teacher_missing_modality_summary.csv,csv,HPE,VK-RCD-Teacher,,4,protocol3,pa_mpjpe,0.2576586554500159,lower_better,,,yes,no,no,main_table,"Directly supports VK replacement, FSG, missing-modality robustness, or baseline comparison.",high
E:\Deskbook\Tea\HPE\outputs\eval\teacher_random_all_combinations.csv,csv,HPE,VK-RCD-Teacher,vk,,protocol3,mse,0.08846354111703884,lower_better,,,yes,no,no,main_table,"Directly supports VK replacement, FSG, missing-modality robustness, or baseline comparison.",high
E:\Deskbook\Tea\HPE\outputs\eval\teacher_random_all_combinations.csv,csv,HPE,VK-RCD-Teacher,vk,,protocol3,mpjpe,0.48799281183703164,lower_better,,,yes,no,no,main_table,"Directly supports VK replacement, FSG, missing-modality robustness, or baseline comparison.",high
E:\Deskbook\Tea\HPE\outputs\eval\teacher_random_all_combinations.csv,csv,HPE,VK-RCD-Teacher,vk,,protocol3,pa_mpjpe,0.13935465572873706,lower_better,,,yes,no,no,main_table,"Directly supports VK replacement, FSG, missing-modality robustness, or baseline comparison.",high
E:\Deskbook\Tea\HPE\outputs\eval\teacher_random_all_combinations.csv,csv,HPE,VK-RCD-Teacher,depth,,protocol3,mse,0.01989380092618954,lower_better,,,yes,no,no,main_table,"Directly supports VK replacement, FSG, missing-modality robustness, or baseline comparison.",high
E:\Deskbook\Tea\HPE\outputs\eval\teacher_random_all_combinations.csv,csv,HPE,VK-RCD-Teacher,depth,,protocol3,mpjpe,0.23447502257372319,lower_better,,,yes,no,no,main_table,"Directly supports VK replacement, FSG, missing-modality robustness, or baseline comparison.",high
E:\Deskbook\Tea\HPE\outputs\eval\teacher_random_all_combinations.csv,csv,HPE,VK-RCD-Teacher,depth,,protocol3,pa_mpjpe,0.08459814852031765,lower_better,,,yes,no,no,main_table,"Directly supports VK replacement, FSG, missing-modality robustness, or baseline comparison.",high
E:\Deskbook\Tea\HPE\outputs\eval\teacher_random_all_combinations.csv,csv,HPE,VK-RCD-Teacher,lidar,,protocol3,mse,0.9463025576932454,lower_better,,,yes,no,no,main_table,"Directly supports VK replacement, FSG, missing-modality robustness, or baseline comparison.",high
E:\Deskbook\Tea\HPE\outputs\eval\teacher_random_all_combinations.csv,csv,HPE,VK-RCD-Teacher,lidar,,protocol3,mpjpe,1.615859238178835,lower_better,,,yes,no,no,main_table,"Directly supports VK replacement, FSG, missing-modality robustness, or baseline comparison.",high
E:\Deskbook\Tea\HPE\outputs\eval\teacher_random_all_combinations.csv,csv,HPE,VK-RCD-Teacher,lidar,,protocol3,pa_mpjpe,0.387346732235023,lower_better,,,yes,no,no,main_table,"Directly supports VK replacement, FSG, missing-modality robustness, or baseline comparison.",high
E:\Deskbook\Tea\HPE\outputs\eval\teacher_random_all_combinations.csv,csv,HPE,VK-RCD-Teacher,mmwave,,protocol3,mse,5.893579201472937,lower_better,,,yes,no,no,main_table,"Directly supports VK replacement, FSG, missing-modality robustness, or baseline comparison.",high
E:\Deskbook\Tea\HPE\outputs\eval\teacher_random_all_combinations.csv,csv,HPE,VK-RCD-Teacher,mmwave,,protocol3,mpjpe,4.196635189013583,lower_better,,,yes,no,no,main_table,"Directly supports VK replacement, FSG, missing-modality robustness, or baseline comparison.",high
E:\Deskbook\Tea\HPE\outputs\eval\teacher_random_all_combinations.csv,csv,HPE,VK-RCD-Teacher,mmwave,,protocol3,pa_mpjpe,0.29872159567445167,lower_better,,,yes,no,no,main_table,"Directly supports VK replacement, FSG, missing-modality robustness, or baseline comparison.",high
E:\Deskbook\Tea\HPE\outputs\eval\teacher_random_all_combinations.csv,csv,HPE,VK-RCD-Teacher,wifi-csi,,protocol3,mse,5.820227632916231,lower_better,,,yes,no,no,main_table,"Directly supports VK replacement, FSG, missing-modality robustness, or baseline comparison.",high
E:\Deskbook\Tea\HPE\outputs\eval\teacher_random_all_combinations.csv,csv,HPE,VK-RCD-Teacher,wifi-csi,,protocol3,mpjpe,4.17332913890743,lower_better,,,yes,no,no,main_table,"Directly supports VK replacement, FSG, missing-modality robustness, or baseline comparison.",high
E:\Deskbook\Tea\HPE\outputs\eval\teacher_random_all_combinations.csv,csv,HPE,VK-RCD-Teacher,wifi-csi,,protocol3,pa_mpjpe,0.3782217479929086,lower_better,,,yes,no,no,main_table,"Directly supports VK replacement, FSG, missing-modality robustness, or baseline comparison.",high
E:\Deskbook\Tea\HPE\outputs\eval\teacher_random_all_combinations.csv,csv,HPE,VK-RCD-Teacher,vk+depth,,protocol3,mse,0.049302469547371094,lower_better,,,yes,no,no,main_table,"Directly supports VK replacement, FSG, missing-modality robustness, or baseline comparison.",high
E:\Deskbook\Tea\HPE\outputs\eval\teacher_random_all_combinations.csv,csv,HPE,VK-RCD-Teacher,vk+depth,,protocol3,mpjpe,0.36912335103282695,lower_better,,,yes,no,no,main_table,"Directly supports VK replacement, FSG, missing-modality robustness, or baseline comparison.",high
E:\Deskbook\Tea\HPE\outputs\eval\teacher_random_all_combinations.csv,csv,HPE,VK-RCD-Teacher,vk+depth,,protocol3,pa_mpjpe,0.09731329860808777,lower_better,,,yes,no,no,main_table,"Directly supports VK replacement, FSG, missing-modality robustness, or baseline comparison.",high
E:\Deskbook\Tea\HPE\outputs\eval\teacher_random_all_combinations.csv,csv,HPE,VK-RCD-Teacher,vk+lidar,,protocol3,mse,0.4170876521171663,lower_better,,,yes,no,no,main_table,"Directly supports VK replacement, FSG, missing-modality robustness, or baseline comparison.",high
E:\Deskbook\Tea\HPE\outputs\eval\teacher_random_all_combinations.csv,csv,HPE,VK-RCD-Teacher,vk+lidar,,protocol3,mpjpe,1.0727292445401981,lower_better,,,yes,no,no,main_table,"Directly supports VK replacement, FSG, missing-modality robustness, or baseline comparison.",high
E:\Deskbook\Tea\HPE\outputs\eval\teacher_random_all_combinations.csv,csv,HPE,VK-RCD-Teacher,vk+lidar,,protocol3,pa_mpjpe,0.2131289496110775,lower_better,,,yes,no,no,main_table,"Directly supports VK replacement, FSG, missing-modality robustness, or baseline comparison.",high
E:\Deskbook\Tea\HPE\outputs\eval\teacher_random_all_combinations.csv,csv,HPE,VK-RCD-Teacher,vk+mmwave,,protocol3,mse,0.3121150505549816,lower_better,,,yes,no,no,main_table,"Directly supports VK replacement, FSG, missing-modality robustness, or baseline comparison.",high
E:\Deskbook\Tea\HPE\outputs\eval\teacher_random_all_combinations.csv,csv,HPE,VK-RCD-Teacher,vk+mmwave,,protocol3,mpjpe,0.814710099124183,lower_better,,,yes,no,no,main_table,"Directly supports VK replacement, FSG, missing-modality robustness, or baseline comparison.",high
E:\Deskbook\Tea\HPE\outputs\eval\teacher_random_all_combinations.csv,csv,HPE,VK-RCD-Teacher,vk+mmwave,,protocol3,pa_mpjpe,0.1740519186384718,lower_better,,,yes,no,no,main_table,"Directly supports VK replacement, FSG, missing-modality robustness, or baseline comparison.",high
E:\Deskbook\Tea\HPE\outputs\eval\teacher_random_all_combinations.csv,csv,HPE,VK-RCD-Teacher,vk+wifi-csi,,protocol3,mse,2.8392692032724356,lower_better,,,yes,no,no,main_table,"Directly supports VK replacement, FSG, missing-modality robustness, or baseline comparison.",high
E:\Deskbook\Tea\HPE\outputs\eval\teacher_random_all_combinations.csv,csv,HPE,VK-RCD-Teacher,vk+wifi-csi,,protocol3,mpjpe,2.4918345560797404,lower_better,,,yes,no,no,main_table,"Directly supports VK replacement, FSG, missing-modality robustness, or baseline comparison.",high
E:\Deskbook\Tea\HPE\outputs\eval\teacher_random_all_combinations.csv,csv,HPE,VK-RCD-Teacher,vk+wifi-csi,,protocol3,pa_mpjpe,0.33519859968947596,lower_better,,,yes,no,no,main_table,"Directly supports VK replacement, FSG, missing-modality robustness, or baseline comparison.",high
E:\Deskbook\Tea\HPE\outputs\eval\teacher_random_all_combinations.csv,csv,HPE,VK-RCD-Teacher,depth+lidar,,protocol3,mse,0.029340097639806804,lower_better,,,yes,no,no,main_table,"Directly supports VK replacement, FSG, missing-modality robustness, or baseline comparison.",high
E:\Deskbook\Tea\HPE\outputs\eval\teacher_random_all_combinations.csv,csv,HPE,VK-RCD-Teacher,depth+lidar,,protocol3,mpjpe,0.28588291303053626,lower_better,,,yes,no,no,main_table,"Directly supports VK replacement, FSG, missing-modality robustness, or baseline comparison.",high
E:\Deskbook\Tea\HPE\outputs\eval\teacher_random_all_combinations.csv,csv,HPE,VK-RCD-Teacher,depth+lidar,,protocol3,pa_mpjpe,0.08747677424255718,lower_better,,,yes,no,no,main_table,"Directly supports VK replacement, FSG, missing-modality robustness, or baseline comparison.",high
E:\Deskbook\Tea\HPE\outputs\eval\teacher_random_all_combinations.csv,csv,HPE,VK-RCD-Teacher,depth+mmwave,,protocol3,mse,0.011874410948048418,lower_better,,,yes,no,no,main_table,"Directly supports VK replacement, FSG, missing-modality robustness, or baseline comparison.",high
E:\Deskbook\Tea\HPE\outputs\eval\teacher_random_all_combinations.csv,csv,HPE,VK-RCD-Teacher,depth+mmwave,,protocol3,mpjpe,0.17886933056824164,lower_better,,,yes,no,no,main_table,"Directly supports VK replacement, FSG, missing-modality robustness, or baseline comparison.",high
E:\Deskbook\Tea\HPE\outputs\eval\teacher_random_all_combinations.csv,csv,HPE,VK-RCD-Teacher,depth+mmwave,,protocol3,pa_mpjpe,0.06555854197503268,lower_better,,,yes,no,no,main_table,"Directly supports VK replacement, FSG, missing-modality robustness, or baseline comparison.",high
E:\Deskbook\Tea\HPE\outputs\eval\teacher_random_all_combinations.csv,csv,HPE,VK-RCD-Teacher,depth+wifi-csi,,protocol3,mse,0.014318254093166517,lower_better,,,yes,no,no,main_table,"Directly supports VK replacement, FSG, missing-modality robustness, or baseline comparison.",high
E:\Deskbook\Tea\HPE\outputs\eval\teacher_random_all_combinations.csv,csv,HPE,VK-RCD-Teacher,depth+wifi-csi,,protocol3,mpjpe,0.1976085263905434,lower_better,,,yes,no,no,main_table,"Directly supports VK replacement, FSG, missing-modality robustness, or baseline comparison.",high
E:\Deskbook\Tea\HPE\outputs\eval\teacher_random_all_combinations.csv,csv,HPE,VK-RCD-Teacher,depth+wifi-csi,,protocol3,pa_mpjpe,0.07406937558009381,lower_better,,,yes,no,no,main_table,"Directly supports VK replacement, FSG, missing-modality robustness, or baseline comparison.",high
E:\Deskbook\Tea\HPE\outputs\eval\teacher_random_all_combinations.csv,csv,HPE,VK-RCD-Teacher,lidar+mmwave,,protocol3,mse,1.8276758756456508,lower_better,,,yes,no,no,main_table,"Directly supports VK replacement, FSG, missing-modality robustness, or baseline comparison.",high
E:\Deskbook\Tea\HPE\outputs\eval\teacher_random_all_combinations.csv,csv,HPE,VK-RCD-Teacher,lidar+mmwave,,protocol3,mpjpe,2.158389442950238,lower_better,,,yes,no,no,main_table,"Directly supports VK replacement, FSG, missing-modality robustness, or baseline comparison.",high
E:\Deskbook\Tea\HPE\outputs\eval\teacher_random_all_combinations.csv,csv,HPE,VK-RCD-Teacher,lidar+mmwave,,protocol3,pa_mpjpe,0.3877441032547845,lower_better,,,yes,no,no,main_table,"Directly supports VK replacement, FSG, missing-modality robustness, or baseline comparison.",high
E:\Deskbook\Tea\HPE\outputs\eval\teacher_random_all_combinations.csv,csv,HPE,VK-RCD-Teacher,lidar+wifi-csi,,protocol3,mse,5.367118320614936,lower_better,,,yes,no,no,main_table,"Directly supports VK replacement, FSG, missing-modality robustness, or baseline comparison.",high
E:\Deskbook\Tea\HPE\outputs\eval\teacher_random_all_combinations.csv,csv,HPE,VK-RCD-Teacher,lidar+wifi-csi,,protocol3,mpjpe,4.007138710364482,lower_better,,,yes,no,no,main_table,"Directly supports VK replacement, FSG, missing-modality robustness, or baseline comparison.",high
E:\Deskbook\Tea\HPE\outputs\eval\teacher_random_all_combinations.csv,csv,HPE,VK-RCD-Teacher,lidar+wifi-csi,,protocol3,pa_mpjpe,0.38412134587893776,lower_better,,,yes,no,no,main_table,"Directly supports VK replacement, FSG, missing-modality robustness, or baseline comparison.",high
E:\Deskbook\Tea\HPE\outputs\eval\teacher_random_all_combinations.csv,csv,HPE,VK-RCD-Teacher,mmwave+wifi-csi,,protocol3,mse,7.296543766634915,lower_better,,,yes,no,no,main_table,"Directly supports VK replacement, FSG, missing-modality robustness, or baseline comparison.",high
E:\Deskbook\Tea\HPE\outputs\eval\teacher_random_all_combinations.csv,csv,HPE,VK-RCD-Teacher,mmwave+wifi-csi,,protocol3,mpjpe,4.675907676007953,lower_better,,,yes,no,no,main_table,"Directly supports VK replacement, FSG, missing-modality robustness, or baseline comparison.",high
E:\Deskbook\Tea\HPE\outputs\eval\teacher_random_all_combinations.csv,csv,HPE,VK-RCD-Teacher,mmwave+wifi-csi,,protocol3,pa_mpjpe,0.27315048806526904,lower_better,,,yes,no,no,main_table,"Directly supports VK replacement, FSG, missing-modality robustness, or baseline comparison.",high
E:\Deskbook\Tea\HPE\outputs\eval\teacher_random_all_combinations.csv,csv,HPE,VK-RCD-Teacher,vk+depth+lidar,,protocol3,mse,0.1403994502181245,lower_better,,,yes,no,no,main_table,"Directly supports VK replacement, FSG, missing-modality robustness, or baseline comparison.",high
E:\Deskbook\Tea\HPE\outputs\eval\teacher_random_all_combinations.csv,csv,HPE,VK-RCD-Teacher,vk+depth+lidar,,protocol3,mpjpe,0.6347112025699052,lower_better,,,yes,no,no,main_table,"Directly supports VK replacement, FSG, missing-modality robustness, or baseline comparison.",high
E:\Deskbook\Tea\HPE\outputs\eval\teacher_random_all_combinations.csv,csv,HPE,VK-RCD-Teacher,vk+depth+lidar,,protocol3,pa_mpjpe,0.1122783961607204,lower_better,,,yes,no,no,main_table,"Directly supports VK replacement, FSG, missing-modality robustness, or baseline comparison.",high
E:\Deskbook\Tea\HPE\outputs\eval\teacher_random_all_combinations.csv,csv,HPE,VK-RCD-Teacher,vk+depth+mmwave,,protocol3,mse,0.07770745418728892,lower_better,,,yes,no,no,main_table,"Directly supports VK replacement, FSG, missing-modality robustness, or baseline comparison.",high
E:\Deskbook\Tea\HPE\outputs\eval\teacher_random_all_combinations.csv,csv,HPE,VK-RCD-Teacher,vk+depth+mmwave,,protocol3,mpjpe,0.4651572894821115,lower_better,,,yes,no,no,main_table,"Directly supports VK replacement, FSG, missing-modality robustness, or baseline comparison.",high
E:\Deskbook\Tea\HPE\outputs\eval\teacher_random_all_combinations.csv,csv,HPE,VK-RCD-Teacher,vk+depth+mmwave,,protocol3,pa_mpjpe,0.08645078476926417,lower_better,,,yes,no,no,main_table,"Directly supports VK replacement, FSG, missing-modality robustness, or baseline comparison.",high
E:\Deskbook\Tea\HPE\outputs\eval\teacher_random_all_combinations.csv,csv,HPE,VK-RCD-Teacher,vk+depth+wifi-csi,,protocol3,mse,0.00536758761073916,lower_better,,,yes,no,no,main_table,"Directly supports VK replacement, FSG, missing-modality robustness, or baseline comparison.",high
E:\Deskbook\Tea\HPE\outputs\eval\teacher_random_all_combinations.csv,csv,HPE,VK-RCD-Teacher,vk+depth+wifi-csi,,protocol3,mpjpe,0.10070795095339279,lower_better,,,yes,no,no,main_table,"Directly supports VK replacement, FSG, missing-modality robustness, or baseline comparison.",high
E:\Deskbook\Tea\HPE\outputs\eval\teacher_random_all_combinations.csv,csv,HPE,VK-RCD-Teacher,vk+depth+wifi-csi,,protocol3,pa_mpjpe,0.05146892534745212,lower_better,,,yes,no,no,main_table,"Directly supports VK replacement, FSG, missing-modality robustness, or baseline comparison.",high
E:\Deskbook\Tea\HPE\outputs\eval\teacher_random_all_combinations.csv,csv,HPE,VK-RCD-Teacher,vk+lidar+mmwave,,protocol3,mse,0.4293818489387901,lower_better,,,yes,no,no,main_table,"Directly supports VK replacement, FSG, missing-modality robustness, or baseline comparison.",high
E:\Deskbook\Tea\HPE\outputs\eval\teacher_random_all_combinations.csv,csv,HPE,VK-RCD-Teacher,vk+lidar+mmwave,,protocol3,mpjpe,1.034387605849429,lower_better,,,yes,no,no,main_table,"Directly supports VK replacement, FSG, missing-modality robustness, or baseline comparison.",high
E:\Deskbook\Tea\HPE\outputs\eval\teacher_random_all_combinations.csv,csv,HPE,VK-RCD-Teacher,vk+lidar+mmwave,,protocol3,pa_mpjpe,0.23791026756237935,lower_better,,,yes,no,no,main_table,"Directly supports VK replacement, FSG, missing-modality robustness, or baseline comparison.",high
E:\Deskbook\Tea\HPE\outputs\eval\teacher_random_all_combinations.csv,csv,HPE,VK-RCD-Teacher,vk+lidar+wifi-csi,,protocol3,mse,7.487022136598323,lower_better,,,yes,no,no,main_table,"Directly supports VK replacement, FSG, missing-modality robustness, or baseline comparison.",high
E:\Deskbook\Tea\HPE\outputs\eval\teacher_random_all_combinations.csv,csv,HPE,VK-RCD-Teacher,vk+lidar+wifi-csi,,protocol3,mpjpe,4.736109538006358,lower_better,,,yes,no,no,main_table,"Directly supports VK replacement, FSG, missing-modality robustness, or baseline comparison.",high
E:\Deskbook\Tea\HPE\outputs\eval\teacher_random_all_combinations.csv,csv,HPE,VK-RCD-Teacher,vk+lidar+wifi-csi,,protocol3,pa_mpjpe,0.2712316472337748,lower_better,,,yes,no,no,main_table,"Directly supports VK replacement, FSG, missing-modality robustness, or baseline comparison.",high
E:\Deskbook\Tea\HPE\outputs\eval\teacher_random_all_combinations.csv,csv,HPE,VK-RCD-Teacher,vk+mmwave+wifi-csi,,protocol3,mse,7.622347192970025,lower_better,,,yes,no,no,main_table,"Directly supports VK replacement, FSG, missing-modality robustness, or baseline comparison.",high
E:\Deskbook\Tea\HPE\outputs\eval\teacher_random_all_combinations.csv,csv,HPE,VK-RCD-Teacher,vk+mmwave+wifi-csi,,protocol3,mpjpe,4.769712428675579,lower_better,,,yes,no,no,main_table,"Directly supports VK replacement, FSG, missing-modality robustness, or baseline comparison.",high
E:\Deskbook\Tea\HPE\outputs\eval\teacher_random_all_combinations.csv,csv,HPE,VK-RCD-Teacher,vk+mmwave+wifi-csi,,protocol3,pa_mpjpe,0.255977158323122,lower_better,,,yes,no,no,main_table,"Directly supports VK replacement, FSG, missing-modality robustness, or baseline comparison.",high
E:\Deskbook\Tea\HPE\outputs\eval\teacher_random_all_combinations.csv,csv,HPE,VK-RCD-Teacher,depth+lidar+mmwave,,protocol3,mse,0.03942169040610612,lower_better,,,yes,no,no,main_table,"Directly supports VK replacement, FSG, missing-modality robustness, or baseline comparison.",high
E:\Deskbook\Tea\HPE\outputs\eval\teacher_random_all_combinations.csv,csv,HPE,VK-RCD-Teacher,depth+lidar+mmwave,,protocol3,mpjpe,0.310471664762494,lower_better,,,yes,no,no,main_table,"Directly supports VK replacement, FSG, missing-modality robustness, or baseline comparison.",high
E:\Deskbook\Tea\HPE\outputs\eval\teacher_random_all_combinations.csv,csv,HPE,VK-RCD-Teacher,depth+lidar+mmwave,,protocol3,pa_mpjpe,0.07591703121152549,lower_better,,,yes,no,no,main_table,"Directly supports VK replacement, FSG, missing-modality robustness, or baseline comparison.",high
E:\Deskbook\Tea\HPE\outputs\eval\teacher_random_all_combinations.csv,csv,HPE,VK-RCD-Teacher,depth+lidar+wifi-csi,,protocol3,mse,0.011649103919426236,lower_better,,,yes,no,no,main_table,"Directly supports VK replacement, FSG, missing-modality robustness, or baseline comparison.",high
E:\Deskbook\Tea\HPE\outputs\eval\teacher_random_all_combinations.csv,csv,HPE,VK-RCD-Teacher,depth+lidar+wifi-csi,,protocol3,mpjpe,0.17740351369752894,lower_better,,,yes,no,no,main_table,"Directly supports VK replacement, FSG, missing-modality robustness, or baseline comparison.",high
E:\Deskbook\Tea\HPE\outputs\eval\teacher_random_all_combinations.csv,csv,HPE,VK-RCD-Teacher,depth+lidar+wifi-csi,,protocol3,pa_mpjpe,0.06698069407492412,lower_better,,,yes,no,no,main_table,"Directly supports VK replacement, FSG, missing-modality robustness, or baseline comparison.",high
E:\Deskbook\Tea\HPE\outputs\eval\teacher_random_all_combinations.csv,csv,HPE,VK-RCD-Teacher,depth+mmwave+wifi-csi,,protocol3,mse,0.006008416650343414,lower_better,,,yes,no,no,main_table,"Directly supports VK replacement, FSG, missing-modality robustness, or baseline comparison.",high
E:\Deskbook\Tea\HPE\outputs\eval\teacher_random_all_combinations.csv,csv,HPE,VK-RCD-Teacher,depth+mmwave+wifi-csi,,protocol3,mpjpe,0.12188431277010771,lower_better,,,yes,no,no,main_table,"Directly supports VK replacement, FSG, missing-modality robustness, or baseline comparison.",high
E:\Deskbook\Tea\HPE\outputs\eval\teacher_random_all_combinations.csv,csv,HPE,VK-RCD-Teacher,depth+mmwave+wifi-csi,,protocol3,pa_mpjpe,0.0548264037667494,lower_better,,,yes,no,no,main_table,"Directly supports VK replacement, FSG, missing-modality robustness, or baseline comparison.",high
E:\Deskbook\Tea\HPE\outputs\eval\teacher_random_all_combinations.csv,csv,HPE,VK-RCD-Teacher,lidar+mmwave+wifi-csi,,protocol3,mse,6.3470556858784395,lower_better,,,yes,no,no,main_table,"Directly supports VK replacement, FSG, missing-modality robustness, or baseline comparison.",high
E:\Deskbook\Tea\HPE\outputs\eval\teacher_random_all_combinations.csv,csv,HPE,VK-RCD-Teacher,lidar+mmwave+wifi-csi,,protocol3,mpjpe,4.360358057867664,lower_better,,,yes,no,no,main_table,"Directly supports VK replacement, FSG, missing-modality robustness, or baseline comparison.",high
E:\Deskbook\Tea\HPE\outputs\eval\teacher_random_all_combinations.csv,csv,HPE,VK-RCD-Teacher,lidar+mmwave+wifi-csi,,protocol3,pa_mpjpe,0.3222721174997738,lower_better,,,yes,no,no,main_table,"Directly supports VK replacement, FSG, missing-modality robustness, or baseline comparison.",high
E:\Deskbook\Tea\HPE\outputs\eval\teacher_random_all_combinations.csv,csv,HPE,VK-RCD-Teacher,vk+depth+lidar+mmwave,,protocol3,mse,0.12698234450840892,lower_better,,,yes,no,no,main_table,"Directly supports VK replacement, FSG, missing-modality robustness, or baseline comparison.",high
E:\Deskbook\Tea\HPE\outputs\eval\teacher_random_all_combinations.csv,csv,HPE,VK-RCD-Teacher,vk+depth+lidar+mmwave,,protocol3,mpjpe,0.5933997101328262,lower_better,,,yes,no,no,main_table,"Directly supports VK replacement, FSG, missing-modality robustness, or baseline comparison.",high
E:\Deskbook\Tea\HPE\outputs\eval\teacher_random_all_combinations.csv,csv,HPE,VK-RCD-Teacher,vk+depth+lidar+mmwave,,protocol3,pa_mpjpe,0.09324757217794168,lower_better,,,yes,no,no,main_table,"Directly supports VK replacement, FSG, missing-modality robustness, or baseline comparison.",high
E:\Deskbook\Tea\HPE\outputs\eval\teacher_random_all_combinations.csv,csv,HPE,VK-RCD-Teacher,vk+depth+lidar+wifi-csi,,protocol3,mse,0.002330822617568209,lower_better,,,yes,no,no,main_table,"Directly supports VK replacement, FSG, missing-modality robustness, or baseline comparison.",high
E:\Deskbook\Tea\HPE\outputs\eval\teacher_random_all_combinations.csv,csv,HPE,VK-RCD-Teacher,vk+depth+lidar+wifi-csi,,protocol3,mpjpe,0.06789274410636054,lower_better,,,yes,no,no,main_table,"Directly supports VK replacement, FSG, missing-modality robustness, or baseline comparison.",high
E:\Deskbook\Tea\HPE\outputs\eval\teacher_random_all_combinations.csv,csv,HPE,VK-RCD-Teacher,vk+depth+lidar+wifi-csi,,protocol3,pa_mpjpe,0.04052985537719833,lower_better,,,yes,no,no,main_table,"Directly supports VK replacement, FSG, missing-modality robustness, or baseline comparison.",high
E:\Deskbook\Tea\HPE\outputs\eval\teacher_random_all_combinations.csv,csv,HPE,VK-RCD-Teacher,vk+depth+mmwave+wifi-csi,,protocol3,mse,0.002743487190079487,lower_better,,,yes,no,no,main_table,"Directly supports VK replacement, FSG, missing-modality robustness, or baseline comparison.",high
E:\Deskbook\Tea\HPE\outputs\eval\teacher_random_all_combinations.csv,csv,HPE,VK-RCD-Teacher,vk+depth+mmwave+wifi-csi,,protocol3,mpjpe,0.07126634316557229,lower_better,,,yes,no,no,main_table,"Directly supports VK replacement, FSG, missing-modality robustness, or baseline comparison.",high
E:\Deskbook\Tea\HPE\outputs\eval\teacher_random_all_combinations.csv,csv,HPE,VK-RCD-Teacher,vk+depth+mmwave+wifi-csi,,protocol3,pa_mpjpe,0.03891397661943606,lower_better,,,yes,no,no,main_table,"Directly supports VK replacement, FSG, missing-modality robustness, or baseline comparison.",high
E:\Deskbook\Tea\HPE\outputs\eval\teacher_random_all_combinations.csv,csv,HPE,VK-RCD-Teacher,vk+lidar+mmwave+wifi-csi,,protocol3,mse,7.933243864387449,lower_better,,,yes,no,no,main_table,"Directly supports VK replacement, FSG, missing-modality robustness, or baseline comparison.",high
E:\Deskbook\Tea\HPE\outputs\eval\teacher_random_all_combinations.csv,csv,HPE,VK-RCD-Teacher,vk+lidar+mmwave+wifi-csi,,protocol3,mpjpe,4.8760908235411256,lower_better,,,yes,no,no,main_table,"Directly supports VK replacement, FSG, missing-modality robustness, or baseline comparison.",high
E:\Deskbook\Tea\HPE\outputs\eval\teacher_random_all_combinations.csv,csv,HPE,VK-RCD-Teacher,vk+lidar+mmwave+wifi-csi,,protocol3,pa_mpjpe,0.23918173318669564,lower_better,,,yes,no,no,main_table,"Directly supports VK replacement, FSG, missing-modality robustness, or baseline comparison.",high
E:\Deskbook\Tea\HPE\outputs\eval\teacher_random_all_combinations.csv,csv,HPE,VK-RCD-Teacher,depth+lidar+mmwave+wifi-csi,,protocol3,mse,0.005251674388471096,lower_better,,,yes,no,no,main_table,"Directly supports VK replacement, FSG, missing-modality robustness, or baseline comparison.",high
E:\Deskbook\Tea\HPE\outputs\eval\teacher_random_all_combinations.csv,csv,HPE,VK-RCD-Teacher,depth+lidar+mmwave+wifi-csi,,protocol3,mpjpe,0.11298781280127201,lower_better,,,yes,no,no,main_table,"Directly supports VK replacement, FSG, missing-modality robustness, or baseline comparison.",high
E:\Deskbook\Tea\HPE\outputs\eval\teacher_random_all_combinations.csv,csv,HPE,VK-RCD-Teacher,depth+lidar+mmwave+wifi-csi,,protocol3,pa_mpjpe,0.05072389237585598,lower_better,,,yes,no,no,main_table,"Directly supports VK replacement, FSG, missing-modality robustness, or baseline comparison.",high
E:\Deskbook\Tea\HPE\outputs\eval\teacher_random_all_combinations.csv,csv,HPE,VK-RCD-Teacher,vk+depth+lidar+mmwave+wifi-csi,,protocol3,mse,0.0013921370519177814,lower_better,,,yes,no,no,main_table,"Directly supports VK replacement, FSG, missing-modality robustness, or baseline comparison.",high
E:\Deskbook\Tea\HPE\outputs\eval\teacher_random_all_combinations.csv,csv,HPE,VK-RCD-Teacher,vk+depth+lidar+mmwave+wifi-csi,,protocol3,mpjpe,0.0484482432918955,lower_better,,,yes,no,no,main_table,"Directly supports VK replacement, FSG, missing-modality robustness, or baseline comparison.",high
E:\Deskbook\Tea\HPE\outputs\eval\teacher_random_all_combinations.csv,csv,HPE,VK-RCD-Teacher,vk+depth+lidar+mmwave+wifi-csi,,protocol3,pa_mpjpe,0.033063298412469286,lower_better,,,yes,no,no,main_table,"Directly supports VK replacement, FSG, missing-modality robustness, or baseline comparison.",high
E:\Deskbook\Tea\HPE\outputs\student_nv_missing\dependencies.txt,txt,student_vk_nv,VK-RMD Student-NV,,,,,,,,,yes,no,no,main_table,Text/log parsed but no recognized metric pattern was found.,medium
E:\Deskbook\Tea\HPE\outputs\student_nv_missing\epoch_history.csv,csv,student_vk_nv,VK-RMD Student-NV,,,,,,,,,yes,no,no,main_table,CSV parsed but no recognized metric column was found.,high
E:\Deskbook\Tea\HPE\outputs\student_nv_missing\experiment_info.json,json,student_vk_nv,VK-RMD Student-NV,,,,,,,,,yes,no,no,main_table,JSON parsed but no recognized metric key was found.,high
E:\Deskbook\Tea\HPE\outputs\student_nv_missing\final_eval.csv,csv,student_vk_nv,VK-RCD-Student-NV,depth+lidar+mmwave+wifi-csi,,protocol3,mse,0.001492933899674691,lower_better,,,yes,no,no,main_table,"Directly supports VK replacement, FSG, missing-modality robustness, or baseline comparison.",high
E:\Deskbook\Tea\HPE\outputs\student_nv_missing\final_eval.csv,csv,student_vk_nv,VK-RCD-Student-NV,depth+lidar+mmwave+wifi-csi,,protocol3,mpjpe,0.051028348584007274,lower_better,,,yes,no,no,main_table,"Directly supports VK replacement, FSG, missing-modality robustness, or baseline comparison.",high
E:\Deskbook\Tea\HPE\outputs\student_nv_missing\final_eval.csv,csv,student_vk_nv,VK-RCD-Student-NV,depth+lidar+mmwave+wifi-csi,,protocol3,pa_mpjpe,0.03569465755627706,lower_better,,,yes,no,no,main_table,"Directly supports VK replacement, FSG, missing-modality robustness, or baseline comparison.",high
E:\Deskbook\Tea\HPE\outputs\student_nv_missing\final_eval.md,md,student_vk_nv,VK-RMD Student-NV,,,,,,,,,yes,no,no,main_table,Text/log parsed but no recognized metric pattern was found.,medium
E:\Deskbook\Tea\HPE\outputs\student_nv_missing\final_summary.json,json,student_vk_nv,VK-RMD Student-NV,,,,mse,0.001492933899674691,lower_better,,,yes,no,no,main_table,"Directly supports VK replacement, FSG, missing-modality robustness, or baseline comparison.",high
E:\Deskbook\Tea\HPE\outputs\student_nv_missing\final_summary.json,json,student_vk_nv,VK-RMD Student-NV,,,,mpjpe,0.051028348584007274,lower_better,,,yes,no,no,main_table,"Directly supports VK replacement, FSG, missing-modality robustness, or baseline comparison.",high
E:\Deskbook\Tea\HPE\outputs\student_nv_missing\final_summary.json,json,student_vk_nv,VK-RMD Student-NV,,,,pa_mpjpe,0.03569465755627706,lower_better,,,yes,no,no,main_table,"Directly supports VK replacement, FSG, missing-modality robustness, or baseline comparison.",high
E:\Deskbook\Tea\HPE\outputs\student_nv_missing_cross_subject\dependencies.txt,txt,cross_subject,VK-RMD Student-NV,,,cross-subject,,,,,,yes,no,no,discussion,Text/log parsed but no recognized metric pattern was found.,medium
E:\Deskbook\Tea\HPE\outputs\student_nv_missing_cross_subject\epoch_history.csv,csv,cross_subject,VK-RMD Student-NV,,,cross-subject,,,,,,yes,no,no,discussion,CSV parsed but no recognized metric column was found.,high
E:\Deskbook\Tea\HPE\outputs\student_nv_missing_cross_subject\experiment_info.json,json,cross_subject,VK-RMD Student-NV,,,cross-subject,,,,,,yes,no,no,discussion,JSON parsed but no recognized metric key was found.,high
E:\Deskbook\Tea\HPE\outputs\student_nv_missing_cross_subject\final_eval.csv,csv,cross_subject,VK-RCD-Student-NV,depth+lidar+mmwave+wifi-csi,,protocol3,mse,0.001367159839815349,lower_better,,,yes,no,no,discussion,Parsed but not central to the main story.,high
E:\Deskbook\Tea\HPE\outputs\student_nv_missing_cross_subject\final_eval.csv,csv,cross_subject,VK-RCD-Student-NV,depth+lidar+mmwave+wifi-csi,,protocol3,mpjpe,0.052456437767923345,lower_better,,,yes,no,no,discussion,Parsed but not central to the main story.,high
E:\Deskbook\Tea\HPE\outputs\student_nv_missing_cross_subject\final_eval.csv,csv,cross_subject,VK-RCD-Student-NV,depth+lidar+mmwave+wifi-csi,,protocol3,pa_mpjpe,0.03412843221052563,lower_better,,,yes,no,no,discussion,Parsed but not central to the main story.,high
E:\Deskbook\Tea\HPE\outputs\student_nv_missing_cross_subject\final_eval.md,md,cross_subject,VK-RMD Student-NV,,,cross-subject,,,,,,yes,no,no,discussion,Text/log parsed but no recognized metric pattern was found.,medium
E:\Deskbook\Tea\HPE\outputs\student_nv_missing_cross_subject\final_summary.json,json,cross_subject,VK-RMD Student-NV,,,cross-subject,mse,0.001367159839815349,lower_better,,,yes,no,no,discussion,Parsed but not central to the main story.,high
E:\Deskbook\Tea\HPE\outputs\student_nv_missing_cross_subject\final_summary.json,json,cross_subject,VK-RMD Student-NV,,,cross-subject,mpjpe,0.052456437767923345,lower_better,,,yes,no,no,discussion,Parsed but not central to the main story.,high
E:\Deskbook\Tea\HPE\outputs\student_nv_missing_cross_subject\final_summary.json,json,cross_subject,VK-RMD Student-NV,,,cross-subject,pa_mpjpe,0.03412843221052563,lower_better,,,yes,no,no,discussion,Parsed but not central to the main story.,high
E:\Deskbook\Tea\HPE\outputs\student_vk_missing\dependencies.txt,txt,full_combination,VK-RMD Student-VK,,,,,,,,,yes,no,no,main_table,Text/log parsed but no recognized metric pattern was found.,medium
E:\Deskbook\Tea\HPE\outputs\student_vk_missing\epoch_history.csv,csv,full_combination,VK-RMD Student-VK,,,,,,,,,yes,no,no,main_table,CSV parsed but no recognized metric column was found.,high
E:\Deskbook\Tea\HPE\outputs\student_vk_missing\experiment_info.json,json,full_combination,VK-RMD Student-VK,,,,,,,,,yes,no,no,main_table,JSON parsed but no recognized metric key was found.,high
E:\Deskbook\Tea\HPE\outputs\student_vk_missing\final_eval.csv,csv,full_combination,VK-RCD-Student-VK,vk+depth+lidar+mmwave+wifi-csi,,protocol3,mse,0.0014591252111367235,lower_better,,,yes,no,no,main_table,"Directly supports VK replacement, FSG, missing-modality robustness, or baseline comparison.",high
E:\Deskbook\Tea\HPE\outputs\student_vk_missing\final_eval.csv,csv,full_combination,VK-RCD-Student-VK,vk+depth+lidar+mmwave+wifi-csi,,protocol3,mpjpe,0.05017269952732557,lower_better,,,yes,no,no,main_table,"Directly supports VK replacement, FSG, missing-modality robustness, or baseline comparison.",high
E:\Deskbook\Tea\HPE\outputs\student_vk_missing\final_eval.csv,csv,full_combination,VK-RCD-Student-VK,vk+depth+lidar+mmwave+wifi-csi,,protocol3,pa_mpjpe,0.033479762079294505,lower_better,,,yes,no,no,main_table,"Directly supports VK replacement, FSG, missing-modality robustness, or baseline comparison.",high
E:\Deskbook\Tea\HPE\outputs\student_vk_missing\final_eval.md,md,full_combination,VK-RMD Student-VK,,,,,,,,,yes,no,no,main_table,Text/log parsed but no recognized metric pattern was found.,medium
E:\Deskbook\Tea\HPE\outputs\student_vk_missing\final_summary.json,json,full_combination,VK-RMD Student-VK,,,,mse,0.0014591252111367235,lower_better,,,yes,no,no,main_table,"Directly supports VK replacement, FSG, missing-modality robustness, or baseline comparison.",high
E:\Deskbook\Tea\HPE\outputs\student_vk_missing\final_summary.json,json,full_combination,VK-RMD Student-VK,,,,mpjpe,0.05017269952732557,lower_better,,,yes,no,no,main_table,"Directly supports VK replacement, FSG, missing-modality robustness, or baseline comparison.",high
E:\Deskbook\Tea\HPE\outputs\student_vk_missing\final_summary.json,json,full_combination,VK-RMD Student-VK,,,,pa_mpjpe,0.033479762079294505,lower_better,,,yes,no,no,main_table,"Directly supports VK replacement, FSG, missing-modality robustness, or baseline comparison.",high
E:\Deskbook\Tea\HPE\outputs\student_vk_missing_cross_scene_split\dependencies.txt,txt,cross_scene,VK-RMD Student-VK,,,cross-scene,,,,,,yes,no,no,discussion,Text/log parsed but no recognized metric pattern was found.,medium
E:\Deskbook\Tea\HPE\outputs\student_vk_missing_cross_scene_split\epoch_history.csv,csv,cross_scene,VK-RMD Student-VK,,,cross-scene,,,,,,yes,no,no,discussion,CSV parsed but no recognized metric column was found.,high
E:\Deskbook\Tea\HPE\outputs\student_vk_missing_cross_scene_split\experiment_info.json,json,cross_scene,VK-RMD Student-VK,,,cross-scene,,,,,,yes,no,no,discussion,JSON parsed but no recognized metric key was found.,high
E:\Deskbook\Tea\HPE\outputs\student_vk_missing_cross_scene_split\final_eval.csv,csv,cross_scene,VK-RCD-Student-VK,vk+depth+lidar+mmwave+wifi-csi,,protocol3,mse,0.0023928152202567117,lower_better,,,yes,no,no,discussion,Parsed but not central to the main story.,high
E:\Deskbook\Tea\HPE\outputs\student_vk_missing_cross_scene_split\final_eval.csv,csv,cross_scene,VK-RCD-Student-VK,vk+depth+lidar+mmwave+wifi-csi,,protocol3,mpjpe,0.07170339755556919,lower_better,,,yes,no,no,discussion,Parsed but not central to the main story.,high
E:\Deskbook\Tea\HPE\outputs\student_vk_missing_cross_scene_split\final_eval.csv,csv,cross_scene,VK-RCD-Student-VK,vk+depth+lidar+mmwave+wifi-csi,,protocol3,pa_mpjpe,0.047743638384209516,lower_better,,,yes,no,no,discussion,Parsed but not central to the main story.,high
E:\Deskbook\Tea\HPE\outputs\student_vk_missing_cross_scene_split\final_eval.md,md,cross_scene,VK-RMD Student-VK,,,cross-scene,,,,,,yes,no,no,discussion,Text/log parsed but no recognized metric pattern was found.,medium
E:\Deskbook\Tea\HPE\outputs\student_vk_missing_cross_scene_split\final_summary.json,json,cross_scene,VK-RMD Student-VK,,,cross-scene,mse,0.0023928152202567117,lower_better,,,yes,no,no,discussion,Parsed but not central to the main story.,high
E:\Deskbook\Tea\HPE\outputs\student_vk_missing_cross_scene_split\final_summary.json,json,cross_scene,VK-RMD Student-VK,,,cross-scene,mpjpe,0.07170339755556919,lower_better,,,yes,no,no,discussion,Parsed but not central to the main story.,high
E:\Deskbook\Tea\HPE\outputs\student_vk_missing_cross_scene_split\final_summary.json,json,cross_scene,VK-RMD Student-VK,,,cross-scene,pa_mpjpe,0.047743638384209516,lower_better,,,yes,no,no,discussion,Parsed but not central to the main story.,high
E:\Deskbook\Tea\HPE\outputs\student_vk_missing_cross_subject_split\dependencies.txt,txt,cross_subject,VK-RMD Student-VK,,,cross-subject,,,,,,yes,no,no,discussion,Text/log parsed but no recognized metric pattern was found.,medium
E:\Deskbook\Tea\HPE\outputs\student_vk_missing_cross_subject_split\epoch_history.csv,csv,cross_subject,VK-RMD Student-VK,,,cross-subject,,,,,,yes,no,no,discussion,CSV parsed but no recognized metric column was found.,high
E:\Deskbook\Tea\HPE\outputs\student_vk_missing_cross_subject_split\experiment_info.json,json,cross_subject,VK-RMD Student-VK,,,cross-subject,,,,,,yes,no,no,discussion,JSON parsed but no recognized metric key was found.,high
E:\Deskbook\Tea\HPE\outputs\student_vk_missing_cross_subject_split\final_eval.csv,csv,cross_subject,VK-RCD-Student-VK,vk+depth+lidar+mmwave+wifi-csi,,protocol3,mse,0.0012301128898103968,lower_better,,,yes,no,no,discussion,Parsed but not central to the main story.,high
E:\Deskbook\Tea\HPE\outputs\student_vk_missing_cross_subject_split\final_eval.csv,csv,cross_subject,VK-RCD-Student-VK,vk+depth+lidar+mmwave+wifi-csi,,protocol3,mpjpe,0.04987819082937435,lower_better,,,yes,no,no,discussion,Parsed but not central to the main story.,high
E:\Deskbook\Tea\HPE\outputs\student_vk_missing_cross_subject_split\final_eval.csv,csv,cross_subject,VK-RCD-Student-VK,vk+depth+lidar+mmwave+wifi-csi,,protocol3,pa_mpjpe,0.03235380217527401,lower_better,,,yes,no,no,discussion,Parsed but not central to the main story.,high
E:\Deskbook\Tea\HPE\outputs\student_vk_missing_cross_subject_split\final_eval.md,md,cross_subject,VK-RMD Student-VK,,,cross-subject,,,,,,yes,no,no,discussion,Text/log parsed but no recognized metric pattern was found.,medium
E:\Deskbook\Tea\HPE\outputs\student_vk_missing_cross_subject_split\final_summary.json,json,cross_subject,VK-RMD Student-VK,,,cross-subject,mse,0.0012301128898103968,lower_better,,,yes,no,no,discussion,Parsed but not central to the main story.,high
E:\Deskbook\Tea\HPE\outputs\student_vk_missing_cross_subject_split\final_summary.json,json,cross_subject,VK-RMD Student-VK,,,cross-subject,mpjpe,0.04987819082937435,lower_better,,,yes,no,no,discussion,Parsed but not central to the main story.,high
E:\Deskbook\Tea\HPE\outputs\student_vk_missing_cross_subject_split\final_summary.json,json,cross_subject,VK-RMD Student-VK,,,cross-subject,pa_mpjpe,0.03235380217527401,lower_better,,,yes,no,no,discussion,Parsed but not central to the main story.,high
E:\Deskbook\Tea\HPE\outputs\teacher_full\epoch_history.csv,csv,HPE,full-modality teacher,,,,,,,,,yes,no,no,main_table,CSV parsed but no recognized metric column was found.,high
E:\Deskbook\Tea\HPE\outputs\teacher_full\experiment_info.json,json,HPE,full-modality teacher,,,,,,,,,yes,no,no,main_table,JSON parsed but no recognized metric key was found.,high
E:\Deskbook\Tea\HPE\outputs\teacher_full\final_eval.csv,csv,HPE,VK-RCD-Teacher,vk+depth+lidar+mmwave+wifi-csi,,protocol3,mse,0.0013922010646224027,lower_better,,,yes,no,no,main_table,"Directly supports VK replacement, FSG, missing-modality robustness, or baseline comparison.",high
E:\Deskbook\Tea\HPE\outputs\teacher_full\final_eval.csv,csv,HPE,VK-RCD-Teacher,vk+depth+lidar+mmwave+wifi-csi,,protocol3,mpjpe,0.04844978014533323,lower_better,,,yes,no,no,main_table,"Directly supports VK replacement, FSG, missing-modality robustness, or baseline comparison.",high
E:\Deskbook\Tea\HPE\outputs\teacher_full\final_eval.csv,csv,HPE,VK-RCD-Teacher,vk+depth+lidar+mmwave+wifi-csi,,protocol3,pa_mpjpe,0.03306253171049202,lower_better,,,yes,no,no,main_table,"Directly supports VK replacement, FSG, missing-modality robustness, or baseline comparison.",high
E:\Deskbook\Tea\HPE\outputs\teacher_full\final_eval.md,md,HPE,full-modality teacher,,,,,,,,,yes,no,no,main_table,Text/log parsed but no recognized metric pattern was found.,medium
E:\Deskbook\Tea\HPE\outputs\teacher_full\final_summary.json,json,HPE,full-modality teacher,,,,mse,0.0013922010646224027,lower_better,,,yes,no,no,main_table,"Directly supports VK replacement, FSG, missing-modality robustness, or baseline comparison.",high
E:\Deskbook\Tea\HPE\outputs\teacher_full\final_summary.json,json,HPE,full-modality teacher,,,,mpjpe,0.04844978014533323,lower_better,,,yes,no,no,main_table,"Directly supports VK replacement, FSG, missing-modality robustness, or baseline comparison.",high
E:\Deskbook\Tea\HPE\outputs\teacher_full\final_summary.json,json,HPE,full-modality teacher,,,,pa_mpjpe,0.03306253171049202,lower_better,,,yes,no,no,main_table,"Directly supports VK replacement, FSG, missing-modality robustness, or baseline comparison.",high
E:\Deskbook\Tea\HPE\outputs\teacher_full_cross_scene_split\dependencies.txt,txt,cross_scene,full-modality teacher,,,cross-scene,,,,,,yes,no,no,discussion,Text/log parsed but no recognized metric pattern was found.,medium
E:\Deskbook\Tea\HPE\outputs\teacher_full_cross_scene_split\epoch_history.csv,csv,cross_scene,full-modality teacher,,,cross-scene,,,,,,yes,no,no,discussion,CSV parsed but no recognized metric column was found.,high
E:\Deskbook\Tea\HPE\outputs\teacher_full_cross_scene_split\experiment_info.json,json,cross_scene,full-modality teacher,,,cross-scene,,,,,,yes,no,no,discussion,JSON parsed but no recognized metric key was found.,high
E:\Deskbook\Tea\HPE\outputs\teacher_full_cross_scene_split\final_eval.csv,csv,cross_scene,VK-RCD-Teacher,vk+depth+lidar+mmwave+wifi-csi,,protocol3,mse,0.002501261362931161,lower_better,,,yes,no,no,discussion,Parsed but not central to the main story.,high
E:\Deskbook\Tea\HPE\outputs\teacher_full_cross_scene_split\final_eval.csv,csv,cross_scene,VK-RCD-Teacher,vk+depth+lidar+mmwave+wifi-csi,,protocol3,mpjpe,0.07605857762490326,lower_better,,,yes,no,no,discussion,Parsed but not central to the main story.,high
E:\Deskbook\Tea\HPE\outputs\teacher_full_cross_scene_split\final_eval.csv,csv,cross_scene,VK-RCD-Teacher,vk+depth+lidar+mmwave+wifi-csi,,protocol3,pa_mpjpe,0.03789014223886028,lower_better,,,yes,no,no,discussion,Parsed but not central to the main story.,high
E:\Deskbook\Tea\HPE\outputs\teacher_full_cross_scene_split\final_eval.md,md,cross_scene,full-modality teacher,,,cross-scene,,,,,,yes,no,no,discussion,Text/log parsed but no recognized metric pattern was found.,medium
E:\Deskbook\Tea\HPE\outputs\teacher_full_cross_scene_split\final_summary.json,json,cross_scene,full-modality teacher,,,cross-scene,mse,0.002501261362931161,lower_better,,,yes,no,no,discussion,Parsed but not central to the main story.,high
E:\Deskbook\Tea\HPE\outputs\teacher_full_cross_scene_split\final_summary.json,json,cross_scene,full-modality teacher,,,cross-scene,mpjpe,0.07605857762490326,lower_better,,,yes,no,no,discussion,Parsed but not central to the main story.,high
E:\Deskbook\Tea\HPE\outputs\teacher_full_cross_scene_split\final_summary.json,json,cross_scene,full-modality teacher,,,cross-scene,pa_mpjpe,0.03789014223886028,lower_better,,,yes,no,no,discussion,Parsed but not central to the main story.,high
E:\Deskbook\Tea\HPE\outputs\teacher_full_cross_subject_split\dependencies.txt,txt,cross_subject,full-modality teacher,,,cross-subject,,,,,,yes,no,no,discussion,Text/log parsed but no recognized metric pattern was found.,medium
E:\Deskbook\Tea\HPE\outputs\teacher_full_cross_subject_split\experiment_info.json,json,cross_subject,full-modality teacher,,,cross-subject,,,,,,yes,no,no,discussion,JSON parsed but no recognized metric key was found.,high
E:\Deskbook\Tea\HPE\outputs\supplemental_runs\20260511_111501\manifest.json,json,HPE,manifest,,,,,,,,,yes,no,no,main_table,JSON parsed but no recognized metric key was found.,high
E:\Deskbook\Tea\HPE\outputs\supplemental_runs\20260511_111501\status.csv,csv,HPE,status,,,,,,,,,yes,no,no,main_table,CSV parsed but no recognized metric column was found.,high
E:\Deskbook\Tea\HPE\outputs\supplemental_runs\20260511_111501\logs\ablation_no_distill_xfi_report.log,log,ablation,w/o distillation,,,,,,,,,yes,no,no,ablation_table,Text/log parsed but no recognized metric pattern was found.,medium
E:\Deskbook\Tea\HPE\outputs\supplemental_runs\20260511_111501\logs\ablation_uniform_fusion_xfi_report.log,log,reliability,uniform fusion,,,,,,,,,yes,no,no,figure,Text/log parsed but no recognized metric pattern was found.,medium
E:\Deskbook\Tea\HPE\outputs\supplemental_runs\20260511_111501\logs\cross_scene_baseline_eval31.log,log,cross_scene,cross_scene_baseline_eval31,,,cross-scene,,,,,,yes,no,no,discussion,Text/log parsed but no recognized metric pattern was found.,medium
E:\Deskbook\Tea\HPE\outputs\supplemental_runs\20260511_111501\logs\cross_scene_baseline_train.log,log,cross_scene,cross_scene_baseline_train,,,cross-scene,loss,0.015276,,,,yes,no,no,discussion,Metric extracted from text/log pattern.,medium
E:\Deskbook\Tea\HPE\outputs\supplemental_runs\20260511_111501\logs\cross_scene_baseline_train.log,log,cross_scene,cross_scene_baseline_train,,,cross-scene,loss,0.004361,,,,yes,no,no,discussion,Metric extracted from text/log pattern.,medium
E:\Deskbook\Tea\HPE\outputs\supplemental_runs\20260511_111501\logs\cross_scene_baseline_train.log,log,cross_scene,cross_scene_baseline_train,,,cross-scene,loss,0.003867,,,,yes,no,no,discussion,Metric extracted from text/log pattern.,medium
E:\Deskbook\Tea\HPE\outputs\supplemental_runs\20260511_111501\logs\cross_scene_baseline_train.log,log,cross_scene,cross_scene_baseline_train,,,cross-scene,loss,0.003585,,,,yes,no,no,discussion,Metric extracted from text/log pattern.,medium
E:\Deskbook\Tea\HPE\outputs\supplemental_runs\20260511_111501\logs\cross_scene_baseline_train.log,log,cross_scene,cross_scene_baseline_train,,,cross-scene,mpjpe,0.090261,lower_better,,,yes,no,no,discussion,Metric extracted from text/log pattern.,medium
E:\Deskbook\Tea\HPE\outputs\supplemental_runs\20260511_111501\logs\cross_scene_baseline_train.log,log,cross_scene,cross_scene_baseline_train,,,cross-scene,loss,0.003390,,,,yes,no,no,discussion,Metric extracted from text/log pattern.,medium
E:\Deskbook\Tea\HPE\outputs\supplemental_runs\20260511_111501\logs\cross_scene_baseline_train.log,log,cross_scene,cross_scene_baseline_train,,,cross-scene,mpjpe,0.09026051477733166,lower_better,,,yes,no,no,discussion,Metric extracted from text/log pattern.,medium
E:\Deskbook\Tea\HPE\outputs\supplemental_runs\20260511_111501\logs\cross_scene_baseline_train.log,log,cross_scene,cross_scene_baseline_train,,,cross-scene,mpjpe,0.090261,lower_better,,,yes,no,no,discussion,Metric extracted from text/log pattern.,medium
E:\Deskbook\Tea\HPE\outputs\supplemental_runs\20260511_111501\logs\cross_scene_baseline_train.log,log,cross_scene,cross_scene_baseline_train,,,cross-scene,loss,0.003239,,,,yes,no,no,discussion,Metric extracted from text/log pattern.,medium
E:\Deskbook\Tea\HPE\outputs\supplemental_runs\20260511_111501\logs\cross_scene_baseline_train.log,log,cross_scene,cross_scene_baseline_train,,,cross-scene,mpjpe,0.090261,lower_better,,,yes,no,no,discussion,Metric extracted from text/log pattern.,medium
E:\Deskbook\Tea\HPE\outputs\supplemental_runs\20260511_111501\logs\cross_scene_baseline_train.log,log,cross_scene,cross_scene_baseline_train,,,cross-scene,loss,0.003116,,,,yes,no,no,discussion,Metric extracted from text/log pattern.,medium
E:\Deskbook\Tea\HPE\outputs\supplemental_runs\20260511_111501\logs\cross_scene_baseline_train.log,log,cross_scene,cross_scene_baseline_train,,,cross-scene,mpjpe,0.090261,lower_better,,,yes,no,no,discussion,Metric extracted from text/log pattern.,medium
E:\Deskbook\Tea\HPE\outputs\supplemental_runs\20260511_111501\logs\cross_scene_baseline_train.log,log,cross_scene,cross_scene_baseline_train,,,cross-scene,loss,0.003027,,,,yes,no,no,discussion,Metric extracted from text/log pattern.,medium
E:\Deskbook\Tea\HPE\outputs\supplemental_runs\20260511_111501\logs\cross_scene_baseline_train.log,log,cross_scene,cross_scene_baseline_train,,,cross-scene,mpjpe,0.090261,lower_better,,,yes,no,no,discussion,Metric extracted from text/log pattern.,medium
E:\Deskbook\Tea\HPE\outputs\supplemental_runs\20260511_111501\logs\cross_scene_baseline_train.log,log,cross_scene,cross_scene_baseline_train,,,cross-scene,loss,0.002980,,,,yes,no,no,discussion,Metric extracted from text/log pattern.,medium
E:\Deskbook\Tea\HPE\outputs\supplemental_runs\20260511_111501\logs\cross_scene_baseline_train.log,log,cross_scene,cross_scene_baseline_train,,,cross-scene,mpjpe,0.090261,lower_better,,,yes,no,no,discussion,Metric extracted from text/log pattern.,medium
E:\Deskbook\Tea\HPE\outputs\supplemental_runs\20260511_111501\logs\cross_scene_baseline_train.log,log,cross_scene,cross_scene_baseline_train,,,cross-scene,loss,0.002884,,,,yes,no,no,discussion,Metric extracted from text/log pattern.,medium
E:\Deskbook\Tea\HPE\outputs\supplemental_runs\20260511_111501\logs\cross_scene_baseline_train.log,log,cross_scene,cross_scene_baseline_train,,,cross-scene,mpjpe,0.09386373731687578,lower_better,,,yes,no,no,discussion,Metric extracted from text/log pattern.,medium
E:\Deskbook\Tea\HPE\outputs\supplemental_runs\20260511_111501\logs\cross_scene_baseline_train.log,log,cross_scene,cross_scene_baseline_train,,,cross-scene,mpjpe,0.090261,lower_better,,,yes,no,no,discussion,Metric extracted from text/log pattern.,medium
E:\Deskbook\Tea\HPE\outputs\supplemental_runs\20260511_111501\logs\cross_scene_baseline_train.log,log,cross_scene,cross_scene_baseline_train,,,cross-scene,loss,0.002884,,,,yes,no,no,discussion,Metric extracted from text/log pattern.,medium
E:\Deskbook\Tea\HPE\outputs\supplemental_runs\20260511_111501\logs\cross_scene_student_nv_eval15.log,log,cross_scene,VK-RMD Student-NV,,,cross-scene,,,,,,yes,no,no,discussion,Text/log parsed but no recognized metric pattern was found.,medium
E:\Deskbook\Tea\HPE\outputs\supplemental_runs\20260511_111501\logs\cross_scene_student_nv_train.log,log,cross_scene,VK-RMD Student-NV,,,cross-scene,loss,-0.090466,,,,yes,no,no,discussion,Metric extracted from text/log pattern.,medium
E:\Deskbook\Tea\HPE\outputs\supplemental_runs\20260511_111501\logs\cross_scene_student_nv_train.log,log,cross_scene,VK-RMD Student-NV,,,cross-scene,loss,-0.363797,,,,yes,no,no,discussion,Metric extracted from text/log pattern.,medium
E:\Deskbook\Tea\HPE\outputs\supplemental_runs\20260511_111501\logs\cross_scene_student_nv_train.log,log,cross_scene,VK-RMD Student-NV,,,cross-scene,loss,-0.410633,,,,yes,no,no,discussion,Metric extracted from text/log pattern.,medium
E:\Deskbook\Tea\HPE\outputs\supplemental_runs\20260511_111501\logs\cross_scene_student_nv_train.log,log,cross_scene,VK-RMD Student-NV,,,cross-scene,loss,-0.422327,,,,yes,no,no,discussion,Metric extracted from text/log pattern.,medium
E:\Deskbook\Tea\HPE\outputs\supplemental_runs\20260511_111501\logs\cross_scene_student_nv_train.log,log,cross_scene,VK-RMD Student-NV,,,cross-scene,mpjpe,0.121591,lower_better,,,yes,no,no,discussion,Metric extracted from text/log pattern.,medium
E:\Deskbook\Tea\HPE\outputs\supplemental_runs\20260511_111501\logs\cross_scene_student_nv_train.log,log,cross_scene,VK-RMD Student-NV,,,cross-scene,loss,-0.433221,,,,yes,no,no,discussion,Metric extracted from text/log pattern.,medium
E:\Deskbook\Tea\HPE\outputs\supplemental_runs\20260511_111501\logs\cross_scene_student_nv_train.log,log,cross_scene,VK-RMD Student-NV,,,cross-scene,mpjpe,0.12159063491511782,lower_better,,,yes,no,no,discussion,Metric extracted from text/log pattern.,medium
E:\Deskbook\Tea\HPE\outputs\supplemental_runs\20260511_111501\logs\cross_scene_student_nv_train.log,log,cross_scene,VK-RMD Student-NV,,,cross-scene,mpjpe,0.121591,lower_better,,,yes,no,no,discussion,Metric extracted from text/log pattern.,medium
E:\Deskbook\Tea\HPE\outputs\supplemental_runs\20260511_111501\logs\cross_scene_student_nv_train.log,log,cross_scene,VK-RMD Student-NV,,,cross-scene,loss,-0.441524,,,,yes,no,no,discussion,Metric extracted from text/log pattern.,medium
E:\Deskbook\Tea\HPE\outputs\supplemental_runs\20260511_111501\logs\cross_scene_student_nv_train.log,log,cross_scene,VK-RMD Student-NV,,,cross-scene,mpjpe,0.121591,lower_better,,,yes,no,no,discussion,Metric extracted from text/log pattern.,medium
E:\Deskbook\Tea\HPE\outputs\supplemental_runs\20260511_111501\logs\cross_scene_student_nv_train.log,log,cross_scene,VK-RMD Student-NV,,,cross-scene,loss,-0.449674,,,,yes,no,no,discussion,Metric extracted from text/log pattern.,medium
E:\Deskbook\Tea\HPE\outputs\supplemental_runs\20260511_111501\logs\cross_scene_student_nv_train.log,log,cross_scene,VK-RMD Student-NV,,,cross-scene,mpjpe,0.121591,lower_better,,,yes,no,no,discussion,Metric extracted from text/log pattern.,medium
E:\Deskbook\Tea\HPE\outputs\supplemental_runs\20260511_111501\logs\cross_scene_student_nv_train.log,log,cross_scene,VK-RMD Student-NV,,,cross-scene,loss,-0.465445,,,,yes,no,no,discussion,Metric extracted from text/log pattern.,medium
E:\Deskbook\Tea\HPE\outputs\supplemental_runs\20260511_111501\logs\cross_scene_student_nv_train.log,log,cross_scene,VK-RMD Student-NV,,,cross-scene,mpjpe,0.121591,lower_better,,,yes,no,no,discussion,Metric extracted from text/log pattern.,medium
E:\Deskbook\Tea\HPE\outputs\supplemental_runs\20260511_111501\logs\cross_scene_student_nv_train.log,log,cross_scene,VK-RMD Student-NV,,,cross-scene,loss,-0.460167,,,,yes,no,no,discussion,Metric extracted from text/log pattern.,medium
E:\Deskbook\Tea\HPE\outputs\supplemental_runs\20260511_111501\logs\cross_scene_student_nv_train.log,log,cross_scene,VK-RMD Student-NV,,,cross-scene,mpjpe,0.121591,lower_better,,,yes,no,no,discussion,Metric extracted from text/log pattern.,medium
E:\Deskbook\Tea\HPE\outputs\supplemental_runs\20260511_111501\logs\cross_scene_student_nv_train.log,log,cross_scene,VK-RMD Student-NV,,,cross-scene,mpjpe,0.113193,lower_better,,,yes,no,no,discussion,Metric extracted from text/log pattern.,medium
E:\Deskbook\Tea\HPE\outputs\supplemental_runs\20260511_111501\logs\cross_scene_student_nv_train.log,log,cross_scene,VK-RMD Student-NV,,,cross-scene,loss,-0.469050,,,,yes,no,no,discussion,Metric extracted from text/log pattern.,medium
E:\Deskbook\Tea\HPE\outputs\supplemental_runs\20260511_111501\logs\cross_scene_student_nv_train.log,log,cross_scene,VK-RMD Student-NV,,,cross-scene,mpjpe,0.11319327117357933,lower_better,,,yes,no,no,discussion,Metric extracted from text/log pattern.,medium
E:\Deskbook\Tea\HPE\outputs\supplemental_runs\20260511_111501\logs\cross_scene_student_nv_train.log,log,cross_scene,VK-RMD Student-NV,,,cross-scene,mpjpe,0.113193,lower_better,,,yes,no,no,discussion,Metric extracted from text/log pattern.,medium
E:\Deskbook\Tea\HPE\outputs\supplemental_runs\20260511_111501\logs\cross_scene_student_vk_eval31.log,log,cross_scene,VK-RMD Student-VK,,,cross-scene,,,,,,yes,no,no,discussion,Text/log parsed but no recognized metric pattern was found.,medium
E:\Deskbook\Tea\HPE\outputs\supplemental_runs\20260511_111501\logs\cross_scene_student_vk_train.log,log,cross_scene,VK-RMD Student-VK,,,cross-scene,loss,-0.128671,,,,yes,no,no,discussion,Metric extracted from text/log pattern.,medium
E:\Deskbook\Tea\HPE\outputs\supplemental_runs\20260511_111501\logs\cross_scene_student_vk_train.log,log,cross_scene,VK-RMD Student-VK,,,cross-scene,loss,-0.397969,,,,yes,no,no,discussion,Metric extracted from text/log pattern.,medium
E:\Deskbook\Tea\HPE\outputs\supplemental_runs\20260511_111501\logs\cross_scene_student_vk_train.log,log,cross_scene,VK-RMD Student-VK,,,cross-scene,loss,-0.441390,,,,yes,no,no,discussion,Metric extracted from text/log pattern.,medium
E:\Deskbook\Tea\HPE\outputs\supplemental_runs\20260511_111501\logs\cross_scene_student_vk_train.log,log,cross_scene,VK-RMD Student-VK,,,cross-scene,loss,-0.456192,,,,yes,no,no,discussion,Metric extracted from text/log pattern.,medium
E:\Deskbook\Tea\HPE\outputs\supplemental_runs\20260511_111501\logs\cross_scene_student_vk_train.log,log,cross_scene,VK-RMD Student-VK,,,cross-scene,mpjpe,0.110906,lower_better,,,yes,no,no,discussion,Metric extracted from text/log pattern.,medium
E:\Deskbook\Tea\HPE\outputs\supplemental_runs\20260511_111501\logs\cross_scene_student_vk_train.log,log,cross_scene,VK-RMD Student-VK,,,cross-scene,loss,-0.470789,,,,yes,no,no,discussion,Metric extracted from text/log pattern.,medium
E:\Deskbook\Tea\HPE\outputs\supplemental_runs\20260511_111501\logs\cross_scene_student_vk_train.log,log,cross_scene,VK-RMD Student-VK,,,cross-scene,mpjpe,0.11090627226289601,lower_better,,,yes,no,no,discussion,Metric extracted from text/log pattern.,medium
E:\Deskbook\Tea\HPE\outputs\supplemental_runs\20260511_111501\logs\cross_scene_student_vk_train.log,log,cross_scene,VK-RMD Student-VK,,,cross-scene,mpjpe,0.110906,lower_better,,,yes,no,no,discussion,Metric extracted from text/log pattern.,medium
E:\Deskbook\Tea\HPE\outputs\supplemental_runs\20260511_111501\logs\cross_scene_student_vk_train.log,log,cross_scene,VK-RMD Student-VK,,,cross-scene,loss,-0.476319,,,,yes,no,no,discussion,Metric extracted from text/log pattern.,medium
E:\Deskbook\Tea\HPE\outputs\supplemental_runs\20260511_111501\logs\cross_scene_student_vk_train.log,log,cross_scene,VK-RMD Student-VK,,,cross-scene,mpjpe,0.110906,lower_better,,,yes,no,no,discussion,Metric extracted from text/log pattern.,medium
E:\Deskbook\Tea\HPE\outputs\supplemental_runs\20260511_111501\logs\cross_scene_student_vk_train.log,log,cross_scene,VK-RMD Student-VK,,,cross-scene,loss,-0.482021,,,,yes,no,no,discussion,Metric extracted from text/log pattern.,medium
E:\Deskbook\Tea\HPE\outputs\supplemental_runs\20260511_111501\logs\cross_scene_student_vk_train.log,log,cross_scene,VK-RMD Student-VK,,,cross-scene,mpjpe,0.110906,lower_better,,,yes,no,no,discussion,Metric extracted from text/log pattern.,medium
E:\Deskbook\Tea\HPE\outputs\supplemental_runs\20260511_111501\logs\cross_scene_student_vk_train.log,log,cross_scene,VK-RMD Student-VK,,,cross-scene,loss,-0.501728,,,,yes,no,no,discussion,Metric extracted from text/log pattern.,medium
E:\Deskbook\Tea\HPE\outputs\supplemental_runs\20260511_111501\logs\cross_scene_student_vk_train.log,log,cross_scene,VK-RMD Student-VK,,,cross-scene,mpjpe,0.110906,lower_better,,,yes,no,no,discussion,Metric extracted from text/log pattern.,medium
E:\Deskbook\Tea\HPE\outputs\supplemental_runs\20260511_111501\logs\cross_scene_student_vk_train.log,log,cross_scene,VK-RMD Student-VK,,,cross-scene,loss,-0.504163,,,,yes,no,no,discussion,Metric extracted from text/log pattern.,medium
E:\Deskbook\Tea\HPE\outputs\supplemental_runs\20260511_111501\logs\cross_scene_student_vk_train.log,log,cross_scene,VK-RMD Student-VK,,,cross-scene,mpjpe,0.110906,lower_better,,,yes,no,no,discussion,Metric extracted from text/log pattern.,medium
E:\Deskbook\Tea\HPE\outputs\supplemental_runs\20260511_111501\logs\cross_scene_student_vk_train.log,log,cross_scene,VK-RMD Student-VK,,,cross-scene,loss,-0.515157,,,,yes,no,no,discussion,Metric extracted from text/log pattern.,medium
E:\Deskbook\Tea\HPE\outputs\supplemental_runs\20260511_111501\logs\cross_scene_student_vk_train.log,log,cross_scene,VK-RMD Student-VK,,,cross-scene,mpjpe,0.11091585165917063,lower_better,,,yes,no,no,discussion,Metric extracted from text/log pattern.,medium
E:\Deskbook\Tea\HPE\outputs\supplemental_runs\20260511_111501\logs\cross_scene_student_vk_train.log,log,cross_scene,VK-RMD Student-VK,,,cross-scene,mpjpe,0.110906,lower_better,,,yes,no,no,discussion,Metric extracted from text/log pattern.,medium
E:\Deskbook\Tea\HPE\outputs\supplemental_runs\20260511_111501\logs\cross_scene_student_vk_train.log,log,cross_scene,VK-RMD Student-VK,,,cross-scene,loss,-0.515747,,,,yes,no,no,discussion,Metric extracted from text/log pattern.,medium
E:\Deskbook\Tea\HPE\outputs\supplemental_runs\20260511_111501\logs\cross_scene_teacher_eval31.log,log,cross_scene,full-modality teacher,,,cross-scene,,,,,,yes,no,no,discussion,Text/log parsed but no recognized metric pattern was found.,medium
E:\Deskbook\Tea\HPE\outputs\supplemental_runs\20260511_111501\logs\cross_scene_teacher_train.log,log,cross_scene,full-modality teacher,,,cross-scene,loss,0.016280,,,,yes,no,no,discussion,Metric extracted from text/log pattern.,medium
E:\Deskbook\Tea\HPE\outputs\supplemental_runs\20260511_111501\logs\cross_scene_teacher_train.log,log,cross_scene,full-modality teacher,,,cross-scene,loss,0.004504,,,,yes,no,no,discussion,Metric extracted from text/log pattern.,medium
E:\Deskbook\Tea\HPE\outputs\supplemental_runs\20260511_111501\logs\cross_scene_teacher_train.log,log,cross_scene,full-modality teacher,,,cross-scene,loss,0.003964,,,,yes,no,no,discussion,Metric extracted from text/log pattern.,medium
E:\Deskbook\Tea\HPE\outputs\supplemental_runs\20260511_111501\logs\cross_scene_teacher_train.log,log,cross_scene,full-modality teacher,,,cross-scene,loss,0.003684,,,,yes,no,no,discussion,Metric extracted from text/log pattern.,medium
E:\Deskbook\Tea\HPE\outputs\supplemental_runs\20260511_111501\logs\cross_scene_teacher_train.log,log,cross_scene,full-modality teacher,,,cross-scene,mpjpe,0.085358,lower_better,,,yes,no,no,discussion,Metric extracted from text/log pattern.,medium
E:\Deskbook\Tea\HPE\outputs\supplemental_runs\20260511_111501\logs\cross_scene_teacher_train.log,log,cross_scene,full-modality teacher,,,cross-scene,loss,0.003435,,,,yes,no,no,discussion,Metric extracted from text/log pattern.,medium
E:\Deskbook\Tea\HPE\outputs\supplemental_runs\20260511_111501\logs\cross_scene_teacher_train.log,log,cross_scene,full-modality teacher,,,cross-scene,mpjpe,0.08535794770387599,lower_better,,,yes,no,no,discussion,Metric extracted from text/log pattern.,medium
E:\Deskbook\Tea\HPE\outputs\supplemental_runs\20260511_111501\logs\cross_scene_teacher_train.log,log,cross_scene,full-modality teacher,,,cross-scene,mpjpe,0.085358,lower_better,,,yes,no,no,discussion,Metric extracted from text/log pattern.,medium
E:\Deskbook\Tea\HPE\outputs\supplemental_runs\20260511_111501\logs\cross_scene_teacher_train.log,log,cross_scene,full-modality teacher,,,cross-scene,loss,0.003280,,,,yes,no,no,discussion,Metric extracted from text/log pattern.,medium
E:\Deskbook\Tea\HPE\outputs\supplemental_runs\20260511_111501\logs\cross_scene_teacher_train.log,log,cross_scene,full-modality teacher,,,cross-scene,mpjpe,0.085358,lower_better,,,yes,no,no,discussion,Metric extracted from text/log pattern.,medium
E:\Deskbook\Tea\HPE\outputs\supplemental_runs\20260511_111501\logs\cross_scene_teacher_train.log,log,cross_scene,full-modality teacher,,,cross-scene,loss,0.003186,,,,yes,no,no,discussion,Metric extracted from text/log pattern.,medium
E:\Deskbook\Tea\HPE\outputs\supplemental_runs\20260511_111501\logs\cross_scene_teacher_train.log,log,cross_scene,full-modality teacher,,,cross-scene,mpjpe,0.085358,lower_better,,,yes,no,no,discussion,Metric extracted from text/log pattern.,medium
E:\Deskbook\Tea\HPE\outputs\supplemental_runs\20260511_111501\logs\cross_scene_teacher_train.log,log,cross_scene,full-modality teacher,,,cross-scene,loss,0.003053,,,,yes,no,no,discussion,Metric extracted from text/log pattern.,medium
E:\Deskbook\Tea\HPE\outputs\supplemental_runs\20260511_111501\logs\cross_scene_teacher_train.log,log,cross_scene,full-modality teacher,,,cross-scene,mpjpe,0.085358,lower_better,,,yes,no,no,discussion,Metric extracted from text/log pattern.,medium
E:\Deskbook\Tea\HPE\outputs\supplemental_runs\20260511_111501\logs\cross_scene_teacher_train.log,log,cross_scene,full-modality teacher,,,cross-scene,loss,0.003026,,,,yes,no,no,discussion,Metric extracted from text/log pattern.,medium
E:\Deskbook\Tea\HPE\outputs\supplemental_runs\20260511_111501\logs\cross_scene_teacher_train.log,log,cross_scene,full-modality teacher,,,cross-scene,mpjpe,0.085358,lower_better,,,yes,no,no,discussion,Metric extracted from text/log pattern.,medium
E:\Deskbook\Tea\HPE\outputs\supplemental_runs\20260511_111501\logs\cross_scene_teacher_train.log,log,cross_scene,full-modality teacher,,,cross-scene,loss,0.002921,,,,yes,no,no,discussion,Metric extracted from text/log pattern.,medium
E:\Deskbook\Tea\HPE\outputs\supplemental_runs\20260511_111501\logs\cross_scene_teacher_train.log,log,cross_scene,full-modality teacher,,,cross-scene,mpjpe,0.09003402078585786,lower_better,,,yes,no,no,discussion,Metric extracted from text/log pattern.,medium
E:\Deskbook\Tea\HPE\outputs\supplemental_runs\20260511_111501\logs\cross_scene_teacher_train.log,log,cross_scene,full-modality teacher,,,cross-scene,mpjpe,0.085358,lower_better,,,yes,no,no,discussion,Metric extracted from text/log pattern.,medium
E:\Deskbook\Tea\HPE\outputs\supplemental_runs\20260511_111501\logs\cross_scene_teacher_train.log,log,cross_scene,full-modality teacher,,,cross-scene,loss,0.002922,,,,yes,no,no,discussion,Metric extracted from text/log pattern.,medium
E:\Deskbook\Tea\HPE\outputs\supplemental_runs\20260511_111501\logs\cross_subject_baseline_train.log,log,cross_subject,cross_subject_baseline_train,,,cross-subject,,,,,,yes,no,no,discussion,Text/log parsed but no recognized metric pattern was found.,medium
E:\Deskbook\Tea\HPE\outputs\supplemental_runs\20260511_111501\logs\cross_subject_teacher_train.log,log,cross_subject,full-modality teacher,,,cross-subject,,,,,,yes,no,no,discussion,Text/log parsed but no recognized metric pattern was found.,medium
E:\Deskbook\Tea\HPE\outputs\supplemental_runs\20260511_111501\logs\random_ablation_no_distill_eval31.log,log,ablation,w/o distillation,,,random,,,,,,yes,no,no,ablation_table,Text/log parsed but no recognized metric pattern was found.,medium
E:\Deskbook\Tea\HPE\outputs\supplemental_runs\20260511_111501\logs\random_ablation_uniform_fusion_eval31.log,log,reliability,uniform fusion,,,random,,,,,,yes,no,no,figure,Text/log parsed but no recognized metric pattern was found.,medium
E:\Deskbook\Tea\HPE\outputs\supplemental_runs\20260511_111501\logs\random_baseline_complexity.log,log,HPE,random_baseline_complexity,,,random,,,,,,yes,no,no,main_table,Text/log parsed but no recognized metric pattern was found.,medium
E:\Deskbook\Tea\HPE\outputs\supplemental_runs\20260511_111501\logs\random_baseline_missing_summary.log,log,HPE,random_baseline_missing_summary,,,random,,,,,,yes,no,no,main_table,Text/log parsed but no recognized metric pattern was found.,medium
E:\Deskbook\Tea\HPE\outputs\supplemental_runs\20260511_111501\logs\random_baseline_xfi_report.log,log,xfi_baseline,X-Fi baseline,,,random,,,,,,no,yes,no,main_table,Text/log parsed but no recognized metric pattern was found.,medium
E:\Deskbook\Tea\HPE\outputs\supplemental_runs\20260511_111501\logs\random_reliability_ablation_train.log,log,reliability,random_reliability_ablation_train,,,random,loss,-0.017280,,,,yes,no,no,figure,Metric extracted from text/log pattern.,medium
E:\Deskbook\Tea\HPE\outputs\supplemental_runs\20260511_111501\logs\random_reliability_ablation_train.log,log,reliability,random_reliability_ablation_train,,,random,loss,-0.400111,,,,yes,no,no,figure,Metric extracted from text/log pattern.,medium
E:\Deskbook\Tea\HPE\outputs\supplemental_runs\20260511_111501\logs\random_reliability_ablation_train.log,log,reliability,random_reliability_ablation_train,,,random,loss,-0.438056,,,,yes,no,no,figure,Metric extracted from text/log pattern.,medium
E:\Deskbook\Tea\HPE\outputs\supplemental_runs\20260511_111501\logs\random_reliability_ablation_train.log,log,reliability,random_reliability_ablation_train,,,random,loss,-0.460785,,,,yes,no,no,figure,Metric extracted from text/log pattern.,medium
E:\Deskbook\Tea\HPE\outputs\supplemental_runs\20260511_111501\logs\random_reliability_ablation_train.log,log,reliability,random_reliability_ablation_train,,,random,mpjpe,0.067423,lower_better,,,yes,no,no,figure,Metric extracted from text/log pattern.,medium
E:\Deskbook\Tea\HPE\outputs\supplemental_runs\20260511_111501\logs\random_reliability_ablation_train.log,log,reliability,random_reliability_ablation_train,,,random,loss,-0.471866,,,,yes,no,no,figure,Metric extracted from text/log pattern.,medium
E:\Deskbook\Tea\HPE\outputs\supplemental_runs\20260511_111501\logs\random_reliability_ablation_train.log,log,reliability,random_reliability_ablation_train,,,random,mpjpe,0.06742328963035626,lower_better,,,yes,no,no,figure,Metric extracted from text/log pattern.,medium
E:\Deskbook\Tea\HPE\outputs\supplemental_runs\20260511_111501\logs\random_reliability_ablation_train.log,log,reliability,random_reliability_ablation_train,,,random,mpjpe,0.067423,lower_better,,,yes,no,no,figure,Metric extracted from text/log pattern.,medium
E:\Deskbook\Tea\HPE\outputs\supplemental_runs\20260511_111501\logs\random_reliability_ablation_train.log,log,reliability,random_reliability_ablation_train,,,random,loss,-0.478837,,,,yes,no,no,figure,Metric extracted from text/log pattern.,medium
E:\Deskbook\Tea\HPE\outputs\supplemental_runs\20260511_111501\logs\random_reliability_ablation_train.log,log,reliability,random_reliability_ablation_train,,,random,mpjpe,0.067423,lower_better,,,yes,no,no,figure,Metric extracted from text/log pattern.,medium
E:\Deskbook\Tea\HPE\outputs\supplemental_runs\20260511_111501\logs\random_reliability_ablation_train.log,log,reliability,random_reliability_ablation_train,,,random,loss,-0.486208,,,,yes,no,no,figure,Metric extracted from text/log pattern.,medium
E:\Deskbook\Tea\HPE\outputs\supplemental_runs\20260511_111501\logs\random_reliability_ablation_train.log,log,reliability,random_reliability_ablation_train,,,random,mpjpe,0.067423,lower_better,,,yes,no,no,figure,Metric extracted from text/log pattern.,medium
E:\Deskbook\Tea\HPE\outputs\supplemental_runs\20260511_111501\logs\random_reliability_ablation_train.log,log,reliability,random_reliability_ablation_train,,,random,loss,-0.501158,,,,yes,no,no,figure,Metric extracted from text/log pattern.,medium
E:\Deskbook\Tea\HPE\outputs\supplemental_runs\20260511_111501\logs\random_reliability_ablation_train.log,log,reliability,random_reliability_ablation_train,,,random,mpjpe,0.067423,lower_better,,,yes,no,no,figure,Metric extracted from text/log pattern.,medium
E:\Deskbook\Tea\HPE\outputs\supplemental_runs\20260511_111501\logs\random_reliability_ablation_train.log,log,reliability,random_reliability_ablation_train,,,random,loss,-0.504650,,,,yes,no,no,figure,Metric extracted from text/log pattern.,medium
E:\Deskbook\Tea\HPE\outputs\supplemental_runs\20260511_111501\logs\random_reliability_ablation_train.log,log,reliability,random_reliability_ablation_train,,,random,mpjpe,0.067423,lower_better,,,yes,no,no,figure,Metric extracted from text/log pattern.,medium
E:\Deskbook\Tea\HPE\outputs\supplemental_runs\20260511_111501\logs\random_reliability_ablation_train.log,log,reliability,random_reliability_ablation_train,,,random,mpjpe,0.063741,lower_better,,,yes,no,no,figure,Metric extracted from text/log pattern.,medium
E:\Deskbook\Tea\HPE\outputs\supplemental_runs\20260511_111501\logs\random_reliability_ablation_train.log,log,reliability,random_reliability_ablation_train,,,random,loss,-0.513741,,,,yes,no,no,figure,Metric extracted from text/log pattern.,medium
E:\Deskbook\Tea\HPE\outputs\supplemental_runs\20260511_111501\logs\random_reliability_ablation_train.log,log,reliability,random_reliability_ablation_train,,,random,mpjpe,0.06374088296308335,lower_better,,,yes,no,no,figure,Metric extracted from text/log pattern.,medium
E:\Deskbook\Tea\HPE\outputs\supplemental_runs\20260511_111501\logs\random_reliability_ablation_train.log,log,reliability,random_reliability_ablation_train,,,random,mpjpe,0.063741,lower_better,,,yes,no,no,figure,Metric extracted from text/log pattern.,medium
E:\Deskbook\Tea\HPE\outputs\supplemental_runs\20260511_111501\logs\random_student_nv_complexity.log,log,student_vk_nv,VK-RMD Student-NV,,,random,,,,,,yes,no,no,main_table,Text/log parsed but no recognized metric pattern was found.,medium
E:\Deskbook\Tea\HPE\outputs\supplemental_runs\20260511_111501\logs\random_student_nv_eval15.log,log,student_vk_nv,VK-RMD Student-NV,,,random,,,,,,yes,no,no,main_table,Text/log parsed but no recognized metric pattern was found.,medium
E:\Deskbook\Tea\HPE\outputs\supplemental_runs\20260511_111501\logs\random_student_nv_missing_summary.log,log,student_vk_nv,VK-RMD Student-NV,,,random,,,,,,yes,no,no,main_table,Text/log parsed but no recognized metric pattern was found.,medium
E:\Deskbook\Tea\HPE\outputs\supplemental_runs\20260511_111501\logs\random_student_nv_xfi_report.log,log,student_vk_nv,VK-RMD Student-NV,,,random,,,,,,yes,no,no,main_table,Text/log parsed but no recognized metric pattern was found.,medium
E:\Deskbook\Tea\HPE\outputs\supplemental_runs\20260511_111501\logs\random_student_vk_complexity.log,log,full_combination,VK-RMD Student-VK,,,random,,,,,,yes,no,no,main_table,Text/log parsed but no recognized metric pattern was found.,medium
E:\Deskbook\Tea\HPE\outputs\supplemental_runs\20260511_111501\logs\random_student_vk_eval31.log,log,full_combination,VK-RMD Student-VK,,,random,,,,,,yes,no,no,main_table,Text/log parsed but no recognized metric pattern was found.,medium
E:\Deskbook\Tea\HPE\outputs\supplemental_runs\20260511_111501\logs\random_student_vk_xfi_report.log,log,full_combination,VK-RMD Student-VK,,,random,,,,,,yes,no,no,main_table,Text/log parsed but no recognized metric pattern was found.,medium
E:\Deskbook\Tea\HPE\outputs\supplemental_runs\20260511_111501\logs\random_teacher_complexity.log,log,HPE,full-modality teacher,,,random,,,,,,yes,no,no,main_table,Text/log parsed but no recognized metric pattern was found.,medium
E:\Deskbook\Tea\HPE\outputs\supplemental_runs\20260511_111501\logs\random_teacher_eval31.log,log,HPE,full-modality teacher,,,random,,,,,,yes,no,no,main_table,Text/log parsed but no recognized metric pattern was found.,medium
E:\Deskbook\Tea\HPE\outputs\supplemental_runs\20260511_111501\logs\random_teacher_missing_summary.log,log,HPE,full-modality teacher,,,random,,,,,,yes,no,no,main_table,Text/log parsed but no recognized metric pattern was found.,medium
E:\Deskbook\Tea\HPE\outputs\supplemental_runs\20260511_111501\logs\random_teacher_xfi_report.log,log,xfi_baseline,full-modality teacher,,,random,,,,,,no,yes,no,main_table,Text/log parsed but no recognized metric pattern was found.,medium
E:\Deskbook\Tea\HPE\outputs\pipeline_runs\20260429_122602\logs\random_student_nv_nonvisual_eval.log,log,student_vk_nv,VK-RMD Student-NV,,,random,,,,,,yes,no,no,main_table,Text/log parsed but no recognized metric pattern was found.,medium
E:\Deskbook\Tea\HPE\outputs\final_supplement_runs\20260629_220346\manifest.json,json,HPE,manifest,,,,,,,,,yes,no,no,main_table,JSON parsed but no recognized metric key was found.,high
E:\Deskbook\Tea\HPE\outputs\final_supplement_runs\20260629_220346\status.csv,csv,HPE,status,,,,,,,,,yes,no,no,main_table,CSV parsed but no recognized metric column was found.,high
E:\Deskbook\Tea\HPE\outputs\final_supplement_runs\20260629_220442\manifest.json,json,HPE,manifest,,,,,,,,,yes,no,no,main_table,JSON parsed but no recognized metric key was found.,high
E:\Deskbook\Tea\HPE\outputs\final_supplement_runs\20260629_220442\status.csv,csv,HPE,status,,,,,,,,,yes,no,no,main_table,CSV parsed but no recognized metric column was found.,high
E:\Deskbook\Tea\HPE\outputs\final_supplement_runs\20260629_220546\manifest.json,json,HPE,manifest,,,,,,,,,yes,no,no,main_table,JSON parsed but no recognized metric key was found.,high
E:\Deskbook\Tea\HPE\outputs\final_supplement_runs\20260629_220546\status.csv,csv,HPE,status,,,,,,,,,yes,no,no,main_table,CSV parsed but no recognized metric column was found.,high
E:\Deskbook\Tea\HPE\outputs\ablation\full_structural_kd\dependencies.txt,txt,ablation,dependencies,,,,,,,,,yes,no,no,ablation_table,Text/log parsed but no recognized metric pattern was found.,medium
E:\Deskbook\Tea\HPE\outputs\ablation\full_structural_kd\epoch_history.csv,csv,ablation,epoch_history,,,,,,,,,yes,no,no,ablation_table,CSV parsed but no recognized metric column was found.,high
E:\Deskbook\Tea\HPE\outputs\ablation\full_structural_kd\experiment_info.json,json,ablation,experiment_info,,,,,,,,,yes,no,no,ablation_table,JSON parsed but no recognized metric key was found.,high
E:\Deskbook\Tea\HPE\outputs\ablation\full_structural_kd\final_eval.csv,csv,ablation,VK-RCD-Ablation,vk+depth+lidar+mmwave+wifi-csi,,protocol3,mse,0.0014219234283824609,lower_better,,,yes,no,no,ablation_table,Supports mechanism/ablation analysis.,high
E:\Deskbook\Tea\HPE\outputs\ablation\full_structural_kd\final_eval.csv,csv,ablation,VK-RCD-Ablation,vk+depth+lidar+mmwave+wifi-csi,,protocol3,mpjpe,0.049199615354662614,lower_better,,,yes,no,no,ablation_table,Supports mechanism/ablation analysis.,high
E:\Deskbook\Tea\HPE\outputs\ablation\full_structural_kd\final_eval.csv,csv,ablation,VK-RCD-Ablation,vk+depth+lidar+mmwave+wifi-csi,,protocol3,pa_mpjpe,0.03462749825478041,lower_better,,,yes,no,no,ablation_table,Supports mechanism/ablation analysis.,high
E:\Deskbook\Tea\HPE\outputs\ablation\full_structural_kd\final_eval.md,md,ablation,final_eval,,,,,,,,,yes,no,no,ablation_table,Text/log parsed but no recognized metric pattern was found.,medium
E:\Deskbook\Tea\HPE\outputs\ablation\full_structural_kd\final_summary.json,json,ablation,final_summary,,,,mse,0.0014219234283824609,lower_better,,,yes,no,no,ablation_table,Supports mechanism/ablation analysis.,high
E:\Deskbook\Tea\HPE\outputs\ablation\full_structural_kd\final_summary.json,json,ablation,final_summary,,,,mpjpe,0.049199615354662614,lower_better,,,yes,no,no,ablation_table,Supports mechanism/ablation analysis.,high
E:\Deskbook\Tea\HPE\outputs\ablation\full_structural_kd\final_summary.json,json,ablation,final_summary,,,,pa_mpjpe,0.03462749825478041,lower_better,,,yes,no,no,ablation_table,Supports mechanism/ablation analysis.,high
E:\Deskbook\Tea\HPE\outputs\ablation\no_kd\dependencies.txt,txt,ablation,w/o distillation,,,,,,,,,yes,no,no,ablation_table,Text/log parsed but no recognized metric pattern was found.,medium
E:\Deskbook\Tea\HPE\outputs\ablation\no_kd\epoch_history.csv,csv,ablation,w/o distillation,,,,,,,,,yes,no,no,ablation_table,CSV parsed but no recognized metric column was found.,high
E:\Deskbook\Tea\HPE\outputs\ablation\no_kd\experiment_info.json,json,ablation,w/o distillation,,,,,,,,,yes,no,no,ablation_table,JSON parsed but no recognized metric key was found.,high
E:\Deskbook\Tea\HPE\outputs\ablation\no_kd\final_eval.csv,csv,ablation,VK-RCD-Ablation,vk+depth+lidar+mmwave+wifi-csi,,protocol3,mse,0.0013956034957423823,lower_better,,,yes,no,no,ablation_table,Supports mechanism/ablation analysis.,high
E:\Deskbook\Tea\HPE\outputs\ablation\no_kd\final_eval.csv,csv,ablation,VK-RCD-Ablation,vk+depth+lidar+mmwave+wifi-csi,,protocol3,mpjpe,0.04882529748840394,lower_better,,,yes,no,no,ablation_table,Supports mechanism/ablation analysis.,high
E:\Deskbook\Tea\HPE\outputs\ablation\no_kd\final_eval.csv,csv,ablation,VK-RCD-Ablation,vk+depth+lidar+mmwave+wifi-csi,,protocol3,pa_mpjpe,0.0325117517639782,lower_better,,,yes,no,no,ablation_table,Supports mechanism/ablation analysis.,high
E:\Deskbook\Tea\HPE\outputs\ablation\no_kd\final_eval.md,md,ablation,w/o distillation,,,,,,,,,yes,no,no,ablation_table,Text/log parsed but no recognized metric pattern was found.,medium
E:\Deskbook\Tea\HPE\outputs\ablation\no_kd\final_summary.json,json,ablation,w/o distillation,,,,mse,0.0013956034957423823,lower_better,,,yes,no,no,ablation_table,Supports mechanism/ablation analysis.,high
E:\Deskbook\Tea\HPE\outputs\ablation\no_kd\final_summary.json,json,ablation,w/o distillation,,,,mpjpe,0.04882529748840394,lower_better,,,yes,no,no,ablation_table,Supports mechanism/ablation analysis.,high
E:\Deskbook\Tea\HPE\outputs\ablation\no_kd\final_summary.json,json,ablation,w/o distillation,,,,pa_mpjpe,0.0325117517639782,lower_better,,,yes,no,no,ablation_table,Supports mechanism/ablation analysis.,high
E:\Deskbook\Tea\HPE\outputs\ablation\output_bone_kd\dependencies.txt,txt,ablation,dependencies,,,,,,,,,yes,no,no,ablation_table,Text/log parsed but no recognized metric pattern was found.,medium
E:\Deskbook\Tea\HPE\outputs\ablation\output_bone_kd\epoch_history.csv,csv,ablation,epoch_history,,,,,,,,,yes,no,no,ablation_table,CSV parsed but no recognized metric column was found.,high
E:\Deskbook\Tea\HPE\outputs\ablation\output_bone_kd\experiment_info.json,json,ablation,experiment_info,,,,,,,,,yes,no,no,ablation_table,JSON parsed but no recognized metric key was found.,high
E:\Deskbook\Tea\HPE\outputs\ablation\output_bone_kd\final_eval.csv,csv,ablation,VK-RCD-Ablation,vk+depth+lidar+mmwave+wifi-csi,,protocol3,mse,0.0014166301683870193,lower_better,,,yes,no,no,ablation_table,Supports mechanism/ablation analysis.,high
E:\Deskbook\Tea\HPE\outputs\ablation\output_bone_kd\final_eval.csv,csv,ablation,VK-RCD-Ablation,vk+depth+lidar+mmwave+wifi-csi,,protocol3,mpjpe,0.0493374030330035,lower_better,,,yes,no,no,ablation_table,Supports mechanism/ablation analysis.,high
E:\Deskbook\Tea\HPE\outputs\ablation\output_bone_kd\final_eval.csv,csv,ablation,VK-RCD-Ablation,vk+depth+lidar+mmwave+wifi-csi,,protocol3,pa_mpjpe,0.033379791426487476,lower_better,,,yes,no,no,ablation_table,Supports mechanism/ablation analysis.,high
E:\Deskbook\Tea\HPE\outputs\ablation\output_bone_kd\final_eval.md,md,ablation,final_eval,,,,,,,,,yes,no,no,ablation_table,Text/log parsed but no recognized metric pattern was found.,medium
E:\Deskbook\Tea\HPE\outputs\ablation\output_bone_kd\final_summary.json,json,ablation,final_summary,,,,mse,0.0014166301683870193,lower_better,,,yes,no,no,ablation_table,Supports mechanism/ablation analysis.,high
E:\Deskbook\Tea\HPE\outputs\ablation\output_bone_kd\final_summary.json,json,ablation,final_summary,,,,mpjpe,0.0493374030330035,lower_better,,,yes,no,no,ablation_table,Supports mechanism/ablation analysis.,high
E:\Deskbook\Tea\HPE\outputs\ablation\output_bone_kd\final_summary.json,json,ablation,final_summary,,,,pa_mpjpe,0.033379791426487476,lower_better,,,yes,no,no,ablation_table,Supports mechanism/ablation analysis.,high
E:\Deskbook\Tea\HPE\outputs\ablation\output_kd\dependencies.txt,txt,ablation,dependencies,,,,,,,,,yes,no,no,ablation_table,Text/log parsed but no recognized metric pattern was found.,medium
E:\Deskbook\Tea\HPE\outputs\ablation\output_kd\epoch_history.csv,csv,ablation,epoch_history,,,,,,,,,yes,no,no,ablation_table,CSV parsed but no recognized metric column was found.,high
E:\Deskbook\Tea\HPE\outputs\ablation\output_kd\experiment_info.json,json,ablation,experiment_info,,,,,,,,,yes,no,no,ablation_table,JSON parsed but no recognized metric key was found.,high
E:\Deskbook\Tea\HPE\outputs\ablation\output_kd\final_eval.csv,csv,ablation,VK-RCD-Ablation,vk+depth+lidar+mmwave+wifi-csi,,protocol3,mse,0.0013648314435340263,lower_better,,,yes,no,no,ablation_table,Supports mechanism/ablation analysis.,high
E:\Deskbook\Tea\HPE\outputs\ablation\output_kd\final_eval.csv,csv,ablation,VK-RCD-Ablation,vk+depth+lidar+mmwave+wifi-csi,,protocol3,mpjpe,0.047624868358327334,lower_better,,,yes,no,no,ablation_table,Supports mechanism/ablation analysis.,high
E:\Deskbook\Tea\HPE\outputs\ablation\output_kd\final_eval.csv,csv,ablation,VK-RCD-Ablation,vk+depth+lidar+mmwave+wifi-csi,,protocol3,pa_mpjpe,0.032148241171200825,lower_better,,,yes,no,no,ablation_table,Supports mechanism/ablation analysis.,high
E:\Deskbook\Tea\HPE\outputs\ablation\output_kd\final_eval.md,md,ablation,final_eval,,,,,,,,,yes,no,no,ablation_table,Text/log parsed but no recognized metric pattern was found.,medium
E:\Deskbook\Tea\HPE\outputs\ablation\output_kd\final_summary.json,json,ablation,final_summary,,,,mse,0.0013648314435340263,lower_better,,,yes,no,no,ablation_table,Supports mechanism/ablation analysis.,high
E:\Deskbook\Tea\HPE\outputs\ablation\output_kd\final_summary.json,json,ablation,final_summary,,,,mpjpe,0.047624868358327334,lower_better,,,yes,no,no,ablation_table,Supports mechanism/ablation analysis.,high
E:\Deskbook\Tea\HPE\outputs\ablation\output_kd\final_summary.json,json,ablation,final_summary,,,,pa_mpjpe,0.032148241171200825,lower_better,,,yes,no,no,ablation_table,Supports mechanism/ablation analysis.,high
E:\Deskbook\Tea\HPE\outputs\ablation\output_token_kd\dependencies.txt,txt,ablation,dependencies,,,,,,,,,yes,no,no,ablation_table,Text/log parsed but no recognized metric pattern was found.,medium
E:\Deskbook\Tea\HPE\outputs\ablation\output_token_kd\epoch_history.csv,csv,ablation,epoch_history,,,,,,,,,yes,no,no,ablation_table,CSV parsed but no recognized metric column was found.,high
E:\Deskbook\Tea\HPE\outputs\ablation\output_token_kd\experiment_info.json,json,ablation,experiment_info,,,,,,,,,yes,no,no,ablation_table,JSON parsed but no recognized metric key was found.,high
E:\Deskbook\Tea\HPE\outputs\ablation\output_token_kd\final_eval.csv,csv,ablation,VK-RCD-Ablation,vk+depth+lidar+mmwave+wifi-csi,,protocol3,mse,0.0014083639070882228,lower_better,,,yes,no,no,ablation_table,Supports mechanism/ablation analysis.,high
E:\Deskbook\Tea\HPE\outputs\ablation\output_token_kd\final_eval.csv,csv,ablation,VK-RCD-Ablation,vk+depth+lidar+mmwave+wifi-csi,,protocol3,mpjpe,0.0487568740536576,lower_better,,,yes,no,no,ablation_table,Supports mechanism/ablation analysis.,high
E:\Deskbook\Tea\HPE\outputs\ablation\output_token_kd\final_eval.csv,csv,ablation,VK-RCD-Ablation,vk+depth+lidar+mmwave+wifi-csi,,protocol3,pa_mpjpe,0.03323942096552198,lower_better,,,yes,no,no,ablation_table,Supports mechanism/ablation analysis.,high
E:\Deskbook\Tea\HPE\outputs\ablation\output_token_kd\final_eval.md,md,ablation,final_eval,,,,,,,,,yes,no,no,ablation_table,Text/log parsed but no recognized metric pattern was found.,medium
E:\Deskbook\Tea\HPE\outputs\ablation\output_token_kd\final_summary.json,json,ablation,final_summary,,,,mse,0.0014083639070882228,lower_better,,,yes,no,no,ablation_table,Supports mechanism/ablation analysis.,high
E:\Deskbook\Tea\HPE\outputs\ablation\output_token_kd\final_summary.json,json,ablation,final_summary,,,,mpjpe,0.0487568740536576,lower_better,,,yes,no,no,ablation_table,Supports mechanism/ablation analysis.,high
E:\Deskbook\Tea\HPE\outputs\ablation\output_token_kd\final_summary.json,json,ablation,final_summary,,,,pa_mpjpe,0.03323942096552198,lower_better,,,yes,no,no,ablation_table,Supports mechanism/ablation analysis.,high
E:\Deskbook\Tea\HPE\outputs\ablation\uniform\dependencies.txt,txt,ablation,uniform fusion,,,,,,,,,yes,no,no,ablation_table,Text/log parsed but no recognized metric pattern was found.,medium
E:\Deskbook\Tea\HPE\outputs\ablation\uniform\epoch_history.csv,csv,ablation,uniform fusion,,,,,,,,,yes,no,no,ablation_table,CSV parsed but no recognized metric column was found.,high
E:\Deskbook\Tea\HPE\outputs\ablation\uniform\experiment_info.json,json,ablation,uniform fusion,,,,,,,,,yes,no,no,ablation_table,JSON parsed but no recognized metric key was found.,high
E:\Deskbook\Tea\HAR\legacy_xfi\xfi_har_table6.csv,csv,xfi_baseline,X-Fi baseline,,,,,,,,,no,yes,no,main_table,CSV parsed but no recognized metric column was found.,high
E:\Deskbook\Tea\HAR\outputs\ablation_no_distill\dependencies.txt,txt,ablation,w/o distillation,,,,,,,,,yes,no,no,ablation_table,Text/log parsed but no recognized metric pattern was found.,medium
E:\Deskbook\Tea\HAR\outputs\ablation_no_distill\epoch_history.csv,csv,ablation,w/o distillation,,,,,,,,,yes,no,no,ablation_table,CSV parsed but no recognized metric column was found.,high
E:\Deskbook\Tea\HAR\outputs\ablation_no_distill\experiment_info.json,json,ablation,w/o distillation,,,,,,,,,yes,no,no,ablation_table,JSON parsed but no recognized metric key was found.,high
E:\Deskbook\Tea\HAR\outputs\ablation_no_distill\final_eval.csv,csv,ablation,VK-RCD-HAR-Ablation-NoKD,vk+depth+lidar+mmwave,,protocol3,acc,0.9596583115101633,higher_better,,,yes,no,no,ablation_table,Supports mechanism/ablation analysis.,high
E:\Deskbook\Tea\HAR\outputs\ablation_no_distill\final_eval.csv,csv,ablation,VK-RCD-HAR-Ablation-NoKD,vk+depth+lidar+mmwave,,protocol3,macro_f1,0.9595071819204244,higher_better,,,yes,no,no,ablation_table,Supports mechanism/ablation analysis.,high
E:\Deskbook\Tea\HAR\outputs\ablation_no_distill\final_eval.md,md,ablation,w/o distillation,,,,,,,,,yes,no,no,ablation_table,Text/log parsed but no recognized metric pattern was found.,medium
E:\Deskbook\Tea\HAR\outputs\ablation_no_distill\final_summary.json,json,ablation,w/o distillation,,,,acc,0.9596583115101633,higher_better,,,yes,no,no,ablation_table,Supports mechanism/ablation analysis.,high
E:\Deskbook\Tea\HAR\outputs\ablation_no_distill\final_summary.json,json,ablation,w/o distillation,,,,macro_f1,0.9595071819204244,higher_better,,,yes,no,no,ablation_table,Supports mechanism/ablation analysis.,high
E:\Deskbook\Tea\HAR\outputs\ablation_uniform_fusion\dependencies.txt,txt,reliability,uniform fusion,,,,,,,,,yes,no,no,figure,Text/log parsed but no recognized metric pattern was found.,medium
E:\Deskbook\Tea\HAR\outputs\ablation_uniform_fusion\epoch_history.csv,csv,reliability,uniform fusion,,,,,,,,,yes,no,no,figure,CSV parsed but no recognized metric column was found.,high
E:\Deskbook\Tea\HAR\outputs\ablation_uniform_fusion\experiment_info.json,json,reliability,uniform fusion,,,,,,,,,yes,no,no,figure,JSON parsed but no recognized metric key was found.,high
E:\Deskbook\Tea\HAR\outputs\ablation_uniform_fusion\final_eval.csv,csv,reliability,VK-RCD-HAR-Ablation-UniformFusion,vk+depth+lidar+mmwave,,protocol3,acc,0.9540310512532735,higher_better,,,yes,no,no,figure,Supports mechanism visualization or diagnostic analysis.,high
E:\Deskbook\Tea\HAR\outputs\ablation_uniform_fusion\final_eval.csv,csv,reliability,VK-RCD-HAR-Ablation-UniformFusion,vk+depth+lidar+mmwave,,protocol3,macro_f1,0.9540085797005357,higher_better,,,yes,no,no,figure,Supports mechanism visualization or diagnostic analysis.,high
E:\Deskbook\Tea\HAR\outputs\ablation_uniform_fusion\final_eval.md,md,reliability,uniform fusion,,,,,,,,,yes,no,no,figure,Text/log parsed but no recognized metric pattern was found.,medium
E:\Deskbook\Tea\HAR\outputs\ablation_uniform_fusion\final_summary.json,json,reliability,uniform fusion,,,,acc,0.9540310512532735,higher_better,,,yes,no,no,figure,Supports mechanism visualization or diagnostic analysis.,high
E:\Deskbook\Tea\HAR\outputs\ablation_uniform_fusion\final_summary.json,json,reliability,uniform fusion,,,,macro_f1,0.9540085797005357,higher_better,,,yes,no,no,figure,Supports mechanism visualization or diagnostic analysis.,high
E:\Deskbook\Tea\HAR\outputs\eval\ablation_no_distill_all_combinations.csv,csv,ablation,VK-RCD-HAR-Ablation-NoKD,vk,,protocol3,acc,0.6094276094276094,higher_better,,,yes,no,no,ablation_table,Supports mechanism/ablation analysis.,high
E:\Deskbook\Tea\HAR\outputs\eval\ablation_no_distill_all_combinations.csv,csv,ablation,VK-RCD-HAR-Ablation-NoKD,vk,,protocol3,macro_f1,0.593082757167287,higher_better,,,yes,no,no,ablation_table,Supports mechanism/ablation analysis.,high
E:\Deskbook\Tea\HAR\outputs\eval\ablation_no_distill_all_combinations.csv,csv,ablation,VK-RCD-HAR-Ablation-NoKD,depth,,protocol3,acc,0.8684686369871555,higher_better,,,yes,no,no,ablation_table,Supports mechanism/ablation analysis.,high
E:\Deskbook\Tea\HAR\outputs\eval\ablation_no_distill_all_combinations.csv,csv,ablation,VK-RCD-HAR-Ablation-NoKD,depth,,protocol3,macro_f1,0.8677720858098977,higher_better,,,yes,no,no,ablation_table,Supports mechanism/ablation analysis.,high
E:\Deskbook\Tea\HAR\outputs\eval\ablation_no_distill_all_combinations.csv,csv,ablation,VK-RCD-HAR-Ablation-NoKD,lidar,,protocol3,acc,0.3314471879286694,higher_better,,,yes,no,no,ablation_table,Supports mechanism/ablation analysis.,high
E:\Deskbook\Tea\HAR\outputs\eval\ablation_no_distill_all_combinations.csv,csv,ablation,VK-RCD-HAR-Ablation-NoKD,lidar,,protocol3,macro_f1,0.3110997862998993,higher_better,,,yes,no,no,ablation_table,Supports mechanism/ablation analysis.,high
E:\Deskbook\Tea\HAR\outputs\eval\ablation_no_distill_all_combinations.csv,csv,ablation,VK-RCD-HAR-Ablation-NoKD,mmwave,,protocol3,acc,0.83129130814316,higher_better,,,yes,no,no,ablation_table,Supports mechanism/ablation analysis.,high
E:\Deskbook\Tea\HAR\outputs\eval\ablation_no_distill_all_combinations.csv,csv,ablation,VK-RCD-HAR-Ablation-NoKD,mmwave,,protocol3,macro_f1,0.8330712887584811,higher_better,,,yes,no,no,ablation_table,Supports mechanism/ablation analysis.,high
E:\Deskbook\Tea\HAR\outputs\eval\ablation_no_distill_all_combinations.csv,csv,ablation,VK-RCD-HAR-Ablation-NoKD,vk+depth,,protocol3,acc,0.8808610799351541,higher_better,,,yes,no,no,ablation_table,Supports mechanism/ablation analysis.,high
E:\Deskbook\Tea\HAR\outputs\eval\ablation_no_distill_all_combinations.csv,csv,ablation,VK-RCD-HAR-Ablation-NoKD,vk+depth,,protocol3,macro_f1,0.8794405572970871,higher_better,,,yes,no,no,ablation_table,Supports mechanism/ablation analysis.,high
E:\Deskbook\Tea\HAR\outputs\eval\ablation_no_distill_all_combinations.csv,csv,ablation,VK-RCD-HAR-Ablation-NoKD,vk+lidar,,protocol3,acc,0.6362545205137797,higher_better,,,yes,no,no,ablation_table,Supports mechanism/ablation analysis.,high
E:\Deskbook\Tea\HAR\outputs\eval\ablation_no_distill_all_combinations.csv,csv,ablation,VK-RCD-HAR-Ablation-NoKD,vk+lidar,,protocol3,macro_f1,0.6264963336927579,higher_better,,,yes,no,no,ablation_table,Supports mechanism/ablation analysis.,high
E:\Deskbook\Tea\HAR\outputs\eval\ablation_no_distill_all_combinations.csv,csv,ablation,VK-RCD-HAR-Ablation-NoKD,vk+mmwave,,protocol3,acc,0.9105094151390448,higher_better,,,yes,no,no,ablation_table,Supports mechanism/ablation analysis.,high
E:\Deskbook\Tea\HAR\outputs\eval\ablation_no_distill_all_combinations.csv,csv,ablation,VK-RCD-HAR-Ablation-NoKD,vk+mmwave,,protocol3,macro_f1,0.9111626078816416,higher_better,,,yes,no,no,ablation_table,Supports mechanism/ablation analysis.,high
E:\Deskbook\Tea\HAR\outputs\eval\ablation_no_distill_all_combinations.csv,csv,ablation,VK-RCD-HAR-Ablation-NoKD,depth+lidar,,protocol3,acc,0.8724123955605437,higher_better,,,yes,no,no,ablation_table,Supports mechanism/ablation analysis.,high
E:\Deskbook\Tea\HAR\outputs\eval\ablation_no_distill_all_combinations.csv,csv,ablation,VK-RCD-HAR-Ablation-NoKD,depth+lidar,,protocol3,macro_f1,0.8724851031039166,higher_better,,,yes,no,no,ablation_table,Supports mechanism/ablation analysis.,high
E:\Deskbook\Tea\HAR\outputs\eval\ablation_no_distill_all_combinations.csv,csv,ablation,VK-RCD-HAR-Ablation-NoKD,depth+mmwave,,protocol3,acc,0.9556522010225714,higher_better,,,yes,no,no,ablation_table,Supports mechanism/ablation analysis.,high
E:\Deskbook\Tea\HAR\outputs\eval\ablation_no_distill_all_combinations.csv,csv,ablation,VK-RCD-HAR-Ablation-NoKD,depth+mmwave,,protocol3,macro_f1,0.9555857497244674,higher_better,,,yes,no,no,ablation_table,Supports mechanism/ablation analysis.,high
E:\Deskbook\Tea\HAR\outputs\eval\ablation_no_distill_all_combinations.csv,csv,ablation,VK-RCD-HAR-Ablation-NoKD,lidar+mmwave,,protocol3,acc,0.8592249657064472,higher_better,,,yes,no,no,ablation_table,Supports mechanism/ablation analysis.,high
E:\Deskbook\Tea\HAR\outputs\eval\ablation_no_distill_all_combinations.csv,csv,ablation,VK-RCD-HAR-Ablation-NoKD,lidar+mmwave,,protocol3,macro_f1,0.8609354270594969,higher_better,,,yes,no,no,ablation_table,Supports mechanism/ablation analysis.,high
E:\Deskbook\Tea\HAR\outputs\eval\ablation_no_distill_all_combinations.csv,csv,ablation,VK-RCD-HAR-Ablation-NoKD,vk+depth+lidar,,protocol3,acc,0.8862233445566778,higher_better,,,yes,no,no,ablation_table,Supports mechanism/ablation analysis.,high
E:\Deskbook\Tea\HAR\outputs\eval\ablation_no_distill_all_combinations.csv,csv,ablation,VK-RCD-HAR-Ablation-NoKD,vk+depth+lidar,,protocol3,macro_f1,0.8852750354639077,higher_better,,,yes,no,no,ablation_table,Supports mechanism/ablation analysis.,high
E:\Deskbook\Tea\HAR\outputs\eval\ablation_no_distill_all_combinations.csv,csv,ablation,VK-RCD-HAR-Ablation-NoKD,vk+depth+mmwave,,protocol3,acc,0.9596427235316124,higher_better,,,yes,no,no,ablation_table,Supports mechanism/ablation analysis.,high
E:\Deskbook\Tea\HAR\outputs\eval\ablation_no_distill_all_combinations.csv,csv,ablation,VK-RCD-HAR-Ablation-NoKD,vk+depth+mmwave,,protocol3,macro_f1,0.9594879662131582,higher_better,,,yes,no,no,ablation_table,Supports mechanism/ablation analysis.,high
E:\Deskbook\Tea\HAR\outputs\eval\ablation_no_distill_all_combinations.csv,csv,ablation,VK-RCD-HAR-Ablation-NoKD,vk+lidar+mmwave,,protocol3,acc,0.912333208629505,higher_better,,,yes,no,no,ablation_table,Supports mechanism/ablation analysis.,high
E:\Deskbook\Tea\HAR\outputs\eval\ablation_no_distill_all_combinations.csv,csv,ablation,VK-RCD-HAR-Ablation-NoKD,vk+lidar+mmwave,,protocol3,macro_f1,0.9128881527476944,higher_better,,,yes,no,no,ablation_table,Supports mechanism/ablation analysis.,high
E:\Deskbook\Tea\HAR\outputs\eval\ablation_no_distill_all_combinations.csv,csv,ablation,VK-RCD-HAR-Ablation-NoKD,depth+lidar+mmwave,,protocol3,acc,0.9550286818805337,higher_better,,,yes,no,no,ablation_table,Supports mechanism/ablation analysis.,high
E:\Deskbook\Tea\HAR\outputs\eval\ablation_no_distill_all_combinations.csv,csv,ablation,VK-RCD-HAR-Ablation-NoKD,depth+lidar+mmwave,,protocol3,macro_f1,0.9549825556318664,higher_better,,,yes,no,no,ablation_table,Supports mechanism/ablation analysis.,high
E:\Deskbook\Tea\HAR\outputs\eval\ablation_no_distill_all_combinations.csv,csv,ablation,VK-RCD-HAR-Ablation-NoKD,vk+depth+lidar+mmwave,,protocol3,acc,0.9599388951240803,higher_better,,,yes,no,no,ablation_table,Supports mechanism/ablation analysis.,high
E:\Deskbook\Tea\HAR\outputs\eval\ablation_no_distill_all_combinations.csv,csv,ablation,VK-RCD-HAR-Ablation-NoKD,vk+depth+lidar+mmwave,,protocol3,macro_f1,0.9597881767230326,higher_better,,,yes,no,no,ablation_table,Supports mechanism/ablation analysis.,high
E:\Deskbook\Tea\HAR\outputs\eval\ablation_no_distill_all_combinations.md,md,ablation,w/o distillation,,,,,,,,,yes,no,no,ablation_table,Text/log parsed but no recognized metric pattern was found.,medium
E:\Deskbook\Tea\HAR\outputs\eval\ablation_uniform_fusion_all_combinations.csv,csv,reliability,VK-RCD-HAR-Ablation-UniformFusion,vk,,protocol3,acc,0.05522820800598578,higher_better,,,yes,no,no,figure,Supports mechanism visualization or diagnostic analysis.,high
E:\Deskbook\Tea\HAR\outputs\eval\ablation_uniform_fusion_all_combinations.csv,csv,reliability,VK-RCD-HAR-Ablation-UniformFusion,vk,,protocol3,macro_f1,0.013233214312846832,higher_better,,,yes,no,no,figure,Supports mechanism visualization or diagnostic analysis.,high
E:\Deskbook\Tea\HAR\outputs\eval\ablation_uniform_fusion_all_combinations.csv,csv,reliability,VK-RCD-HAR-Ablation-UniformFusion,depth,,protocol3,acc,0.8558579623394438,higher_better,,,yes,no,no,figure,Supports mechanism visualization or diagnostic analysis.,high
E:\Deskbook\Tea\HAR\outputs\eval\ablation_uniform_fusion_all_combinations.csv,csv,reliability,VK-RCD-HAR-Ablation-UniformFusion,depth,,protocol3,macro_f1,0.8529594982888024,higher_better,,,yes,no,no,figure,Supports mechanism visualization or diagnostic analysis.,high
E:\Deskbook\Tea\HAR\outputs\eval\ablation_uniform_fusion_all_combinations.csv,csv,reliability,VK-RCD-HAR-Ablation-UniformFusion,lidar,,protocol3,acc,0.026515151515151516,higher_better,,,yes,no,no,figure,Supports mechanism visualization or diagnostic analysis.,high
E:\Deskbook\Tea\HAR\outputs\eval\ablation_uniform_fusion_all_combinations.csv,csv,reliability,VK-RCD-HAR-Ablation-UniformFusion,lidar,,protocol3,macro_f1,0.015451287127609093,higher_better,,,yes,no,no,figure,Supports mechanism visualization or diagnostic analysis.,high
E:\Deskbook\Tea\HAR\outputs\eval\ablation_uniform_fusion_all_combinations.csv,csv,reliability,VK-RCD-HAR-Ablation-UniformFusion,mmwave,,protocol3,acc,0.699105250031176,higher_better,,,yes,no,no,figure,Supports mechanism visualization or diagnostic analysis.,high
E:\Deskbook\Tea\HAR\outputs\eval\ablation_uniform_fusion_all_combinations.csv,csv,reliability,VK-RCD-HAR-Ablation-UniformFusion,mmwave,,protocol3,macro_f1,0.6870651127064936,higher_better,,,yes,no,no,figure,Supports mechanism visualization or diagnostic analysis.,high
E:\Deskbook\Tea\HAR\outputs\eval\ablation_uniform_fusion_all_combinations.csv,csv,reliability,VK-RCD-HAR-Ablation-UniformFusion,vk+depth,,protocol3,acc,0.8647586980920314,higher_better,,,yes,no,no,figure,Supports mechanism visualization or diagnostic analysis.,high
E:\Deskbook\Tea\HAR\outputs\eval\ablation_uniform_fusion_all_combinations.csv,csv,reliability,VK-RCD-HAR-Ablation-UniformFusion,vk+depth,,protocol3,macro_f1,0.862428029667081,higher_better,,,yes,no,no,figure,Supports mechanism visualization or diagnostic analysis.,high
E:\Deskbook\Tea\HAR\outputs\eval\ablation_uniform_fusion_all_combinations.csv,csv,reliability,VK-RCD-HAR-Ablation-UniformFusion,vk+lidar,,protocol3,acc,0.04582865693976805,higher_better,,,yes,no,no,figure,Supports mechanism visualization or diagnostic analysis.,high
E:\Deskbook\Tea\HAR\outputs\eval\ablation_uniform_fusion_all_combinations.csv,csv,reliability,VK-RCD-HAR-Ablation-UniformFusion,vk+lidar,,protocol3,macro_f1,0.017607287229826147,higher_better,,,yes,no,no,figure,Supports mechanism visualization or diagnostic analysis.,high
E:\Deskbook\Tea\HAR\outputs\eval\ablation_uniform_fusion_all_combinations.csv,csv,reliability,VK-RCD-HAR-Ablation-UniformFusion,vk+mmwave,,protocol3,acc,0.6775470756952239,higher_better,,,yes,no,no,figure,Supports mechanism visualization or diagnostic analysis.,high
E:\Deskbook\Tea\HAR\outputs\eval\ablation_uniform_fusion_all_combinations.csv,csv,reliability,VK-RCD-HAR-Ablation-UniformFusion,vk+mmwave,,protocol3,macro_f1,0.6621174062941549,higher_better,,,yes,no,no,figure,Supports mechanism visualization or diagnostic analysis.,high
E:\Deskbook\Tea\HAR\outputs\eval\ablation_uniform_fusion_all_combinations.csv,csv,reliability,VK-RCD-HAR-Ablation-UniformFusion,depth+lidar,,protocol3,acc,0.8615943384461903,higher_better,,,yes,no,no,figure,Supports mechanism visualization or diagnostic analysis.,high
E:\Deskbook\Tea\HAR\outputs\eval\ablation_uniform_fusion_all_combinations.csv,csv,reliability,VK-RCD-HAR-Ablation-UniformFusion,depth+lidar,,protocol3,macro_f1,0.8590523745874633,higher_better,,,yes,no,no,figure,Supports mechanism visualization or diagnostic analysis.,high
E:\Deskbook\Tea\HAR\outputs\eval\ablation_uniform_fusion_all_combinations.csv,csv,reliability,VK-RCD-HAR-Ablation-UniformFusion,depth+mmwave,,protocol3,acc,0.9554183813443072,higher_better,,,yes,no,no,figure,Supports mechanism visualization or diagnostic analysis.,high
E:\Deskbook\Tea\HAR\outputs\eval\ablation_uniform_fusion_all_combinations.csv,csv,reliability,VK-RCD-HAR-Ablation-UniformFusion,depth+mmwave,,protocol3,macro_f1,0.9554044393005445,higher_better,,,yes,no,no,figure,Supports mechanism visualization or diagnostic analysis.,high
E:\Deskbook\Tea\HAR\outputs\eval\ablation_uniform_fusion_all_combinations.csv,csv,reliability,VK-RCD-HAR-Ablation-UniformFusion,lidar+mmwave,,protocol3,acc,0.6780458910088539,higher_better,,,yes,no,no,figure,Supports mechanism visualization or diagnostic analysis.,high
E:\Deskbook\Tea\HAR\outputs\eval\ablation_uniform_fusion_all_combinations.csv,csv,reliability,VK-RCD-HAR-Ablation-UniformFusion,lidar+mmwave,,protocol3,macro_f1,0.6656106657145188,higher_better,,,yes,no,no,figure,Supports mechanism visualization or diagnostic analysis.,high
E:\Deskbook\Tea\HAR\outputs\eval\ablation_uniform_fusion_all_combinations.csv,csv,reliability,VK-RCD-HAR-Ablation-UniformFusion,vk+depth+lidar,,protocol3,acc,0.8643066467140541,higher_better,,,yes,no,no,figure,Supports mechanism visualization or diagnostic analysis.,high
E:\Deskbook\Tea\HAR\outputs\eval\ablation_uniform_fusion_all_combinations.csv,csv,reliability,VK-RCD-HAR-Ablation-UniformFusion,vk+depth+lidar,,protocol3,macro_f1,0.861859028651655,higher_better,,,yes,no,no,figure,Supports mechanism visualization or diagnostic analysis.,high
E:\Deskbook\Tea\HAR\outputs\eval\ablation_uniform_fusion_all_combinations.csv,csv,reliability,VK-RCD-HAR-Ablation-UniformFusion,vk+depth+mmwave,,protocol3,acc,0.9549507419877791,higher_better,,,yes,no,no,figure,Supports mechanism visualization or diagnostic analysis.,high
E:\Deskbook\Tea\HAR\outputs\eval\ablation_uniform_fusion_all_combinations.csv,csv,reliability,VK-RCD-HAR-Ablation-UniformFusion,vk+depth+mmwave,,protocol3,macro_f1,0.9549289658269122,higher_better,,,yes,no,no,figure,Supports mechanism visualization or diagnostic analysis.,high
E:\Deskbook\Tea\HAR\outputs\eval\ablation_uniform_fusion_all_combinations.csv,csv,reliability,VK-RCD-HAR-Ablation-UniformFusion,vk+lidar+mmwave,,protocol3,acc,0.6709377727896246,higher_better,,,yes,no,no,figure,Supports mechanism visualization or diagnostic analysis.,high
E:\Deskbook\Tea\HAR\outputs\eval\ablation_uniform_fusion_all_combinations.csv,csv,reliability,VK-RCD-HAR-Ablation-UniformFusion,vk+lidar+mmwave,,protocol3,macro_f1,0.6508332220472476,higher_better,,,yes,no,no,figure,Supports mechanism visualization or diagnostic analysis.,high
E:\Deskbook\Tea\HAR\outputs\eval\ablation_uniform_fusion_all_combinations.csv,csv,reliability,VK-RCD-HAR-Ablation-UniformFusion,depth+lidar+mmwave,,protocol3,acc,0.9542336949744357,higher_better,,,yes,no,no,figure,Supports mechanism visualization or diagnostic analysis.,high
E:\Deskbook\Tea\HAR\outputs\eval\ablation_uniform_fusion_all_combinations.csv,csv,reliability,VK-RCD-HAR-Ablation-UniformFusion,depth+lidar+mmwave,,protocol3,macro_f1,0.9542091888577438,higher_better,,,yes,no,no,figure,Supports mechanism visualization or diagnostic analysis.,high
E:\Deskbook\Tea\HAR\outputs\eval\ablation_uniform_fusion_all_combinations.csv,csv,reliability,VK-RCD-HAR-Ablation-UniformFusion,vk+depth+lidar+mmwave,,protocol3,acc,0.9539375233819678,higher_better,,,yes,no,no,figure,Supports mechanism visualization or diagnostic analysis.,high
E:\Deskbook\Tea\HAR\outputs\eval\ablation_uniform_fusion_all_combinations.csv,csv,reliability,VK-RCD-HAR-Ablation-UniformFusion,vk+depth+lidar+mmwave,,protocol3,macro_f1,0.9539151014564707,higher_better,,,yes,no,no,figure,Supports mechanism visualization or diagnostic analysis.,high
E:\Deskbook\Tea\HAR\outputs\eval\ablation_uniform_fusion_all_combinations.md,md,reliability,uniform fusion,,,,,,,,,yes,no,no,figure,Text/log parsed but no recognized metric pattern was found.,medium
E:\Deskbook\Tea\HAR\outputs\eval\all_combinations.csv,csv,HAR,VK-RCD-HAR-Teacher,vk,,protocol3,acc,0.034044145155256264,higher_better,,,yes,no,no,main_table,"Directly supports VK replacement, FSG, missing-modality robustness, or baseline comparison.",high
E:\Deskbook\Tea\HAR\outputs\eval\all_combinations.csv,csv,HAR,VK-RCD-HAR-Teacher,vk,,protocol3,macro_f1,0.004525827465489041,higher_better,,,yes,no,no,main_table,"Directly supports VK replacement, FSG, missing-modality robustness, or baseline comparison.",high
E:\Deskbook\Tea\HAR\outputs\eval\all_combinations.csv,csv,HAR,VK-RCD-HAR-Teacher,depth,,protocol3,acc,0.8371056241426612,higher_better,,,yes,no,no,main_table,"Directly supports VK replacement, FSG, missing-modality robustness, or baseline comparison.",high
E:\Deskbook\Tea\HAR\outputs\eval\all_combinations.csv,csv,HAR,VK-RCD-HAR-Teacher,depth,,protocol3,macro_f1,0.827998914699092,higher_better,,,yes,no,no,main_table,"Directly supports VK replacement, FSG, missing-modality robustness, or baseline comparison.",high
E:\Deskbook\Tea\HAR\outputs\eval\all_combinations.csv,csv,HAR,VK-RCD-HAR-Teacher,lidar,,protocol3,acc,0.03448060855468263,higher_better,,,yes,no,no,main_table,"Directly supports VK replacement, FSG, missing-modality robustness, or baseline comparison.",high
E:\Deskbook\Tea\HAR\outputs\eval\all_combinations.csv,csv,HAR,VK-RCD-HAR-Teacher,lidar,,protocol3,macro_f1,0.01218246130375173,higher_better,,,yes,no,no,main_table,"Directly supports VK replacement, FSG, missing-modality robustness, or baseline comparison.",high
E:\Deskbook\Tea\HAR\outputs\eval\all_combinations.csv,csv,HAR,VK-RCD-HAR-Teacher,mmwave,,protocol3,acc,0.6671654819802968,higher_better,,,yes,no,no,main_table,"Directly supports VK replacement, FSG, missing-modality robustness, or baseline comparison.",high
E:\Deskbook\Tea\HAR\outputs\eval\all_combinations.csv,csv,HAR,VK-RCD-HAR-Teacher,mmwave,,protocol3,macro_f1,0.6477768956119198,higher_better,,,yes,no,no,main_table,"Directly supports VK replacement, FSG, missing-modality robustness, or baseline comparison.",high
E:\Deskbook\Tea\HAR\outputs\eval\all_combinations.csv,csv,HAR,VK-RCD-HAR-Teacher,vk+depth,,protocol3,acc,0.835001247038284,higher_better,,,yes,no,no,main_table,"Directly supports VK replacement, FSG, missing-modality robustness, or baseline comparison.",high
E:\Deskbook\Tea\HAR\outputs\eval\all_combinations.csv,csv,HAR,VK-RCD-HAR-Teacher,vk+depth,,protocol3,macro_f1,0.825991079824706,higher_better,,,yes,no,no,main_table,"Directly supports VK replacement, FSG, missing-modality robustness, or baseline comparison.",high
E:\Deskbook\Tea\HAR\outputs\eval\all_combinations.csv,csv,HAR,VK-RCD-HAR-Teacher,vk+lidar,,protocol3,acc,0.03851789499937648,higher_better,,,yes,no,no,main_table,"Directly supports VK replacement, FSG, missing-modality robustness, or baseline comparison.",high
E:\Deskbook\Tea\HAR\outputs\eval\all_combinations.csv,csv,HAR,VK-RCD-HAR-Teacher,vk+lidar,,protocol3,macro_f1,0.01256081201483286,higher_better,,,yes,no,no,main_table,"Directly supports VK replacement, FSG, missing-modality robustness, or baseline comparison.",high
E:\Deskbook\Tea\HAR\outputs\eval\all_combinations.csv,csv,HAR,VK-RCD-HAR-Teacher,vk+mmwave,,protocol3,acc,0.6645934655193915,higher_better,,,yes,no,no,main_table,"Directly supports VK replacement, FSG, missing-modality robustness, or baseline comparison.",high
E:\Deskbook\Tea\HAR\outputs\eval\all_combinations.csv,csv,HAR,VK-RCD-HAR-Teacher,vk+mmwave,,protocol3,macro_f1,0.6367127196270158,higher_better,,,yes,no,no,main_table,"Directly supports VK replacement, FSG, missing-modality robustness, or baseline comparison.",high
E:\Deskbook\Tea\HAR\outputs\eval\all_combinations.csv,csv,HAR,VK-RCD-HAR-Teacher,depth+lidar,,protocol3,acc,0.8338633246040653,higher_better,,,yes,no,no,main_table,"Directly supports VK replacement, FSG, missing-modality robustness, or baseline comparison.",high
E:\Deskbook\Tea\HAR\outputs\eval\all_combinations.csv,csv,HAR,VK-RCD-HAR-Teacher,depth+lidar,,protocol3,macro_f1,0.8257033679597804,higher_better,,,yes,no,no,main_table,"Directly supports VK replacement, FSG, missing-modality robustness, or baseline comparison.",high
E:\Deskbook\Tea\HAR\outputs\eval\all_combinations.csv,csv,HAR,VK-RCD-HAR-Teacher,depth+mmwave,,protocol3,acc,0.9575539344057863,higher_better,,,yes,no,no,main_table,"Directly supports VK replacement, FSG, missing-modality robustness, or baseline comparison.",high
E:\Deskbook\Tea\HAR\outputs\eval\all_combinations.csv,csv,HAR,VK-RCD-HAR-Teacher,depth+mmwave,,protocol3,macro_f1,0.9574493914175588,higher_better,,,yes,no,no,main_table,"Directly supports VK replacement, FSG, missing-modality robustness, or baseline comparison.",high
E:\Deskbook\Tea\HAR\outputs\eval\all_combinations.csv,csv,HAR,VK-RCD-HAR-Teacher,lidar+mmwave,,protocol3,acc,0.6664328469884025,higher_better,,,yes,no,no,main_table,"Directly supports VK replacement, FSG, missing-modality robustness, or baseline comparison.",high
E:\Deskbook\Tea\HAR\outputs\eval\all_combinations.csv,csv,HAR,VK-RCD-HAR-Teacher,lidar+mmwave,,protocol3,macro_f1,0.6391704959886627,higher_better,,,yes,no,no,main_table,"Directly supports VK replacement, FSG, missing-modality robustness, or baseline comparison.",high
E:\Deskbook\Tea\HAR\outputs\eval\all_combinations.csv,csv,HAR,VK-RCD-HAR-Teacher,vk+depth+lidar,,protocol3,acc,0.8369965082928046,higher_better,,,yes,no,no,main_table,"Directly supports VK replacement, FSG, missing-modality robustness, or baseline comparison.",high
E:\Deskbook\Tea\HAR\outputs\eval\all_combinations.csv,csv,HAR,VK-RCD-HAR-Teacher,vk+depth+lidar,,protocol3,macro_f1,0.8296998208737704,higher_better,,,yes,no,no,main_table,"Directly supports VK replacement, FSG, missing-modality robustness, or baseline comparison.",high
E:\Deskbook\Tea\HAR\outputs\eval\all_combinations.csv,csv,HAR,VK-RCD-HAR-Teacher,vk+depth+mmwave,,protocol3,acc,0.9565718917570769,higher_better,,,yes,no,no,main_table,"Directly supports VK replacement, FSG, missing-modality robustness, or baseline comparison.",high
E:\Deskbook\Tea\HAR\outputs\eval\all_combinations.csv,csv,HAR,VK-RCD-HAR-Teacher,vk+depth+mmwave,,protocol3,macro_f1,0.9564623313183902,higher_better,,,yes,no,no,main_table,"Directly supports VK replacement, FSG, missing-modality robustness, or baseline comparison.",high
E:\Deskbook\Tea\HAR\outputs\eval\all_combinations.csv,csv,HAR,VK-RCD-HAR-Teacher,vk+lidar+mmwave,,protocol3,acc,0.6633308392567652,higher_better,,,yes,no,no,main_table,"Directly supports VK replacement, FSG, missing-modality robustness, or baseline comparison.",high
E:\Deskbook\Tea\HAR\outputs\eval\all_combinations.csv,csv,HAR,VK-RCD-HAR-Teacher,vk+lidar+mmwave,,protocol3,macro_f1,0.6330733775274866,higher_better,,,yes,no,no,main_table,"Directly supports VK replacement, FSG, missing-modality robustness, or baseline comparison.",high
E:\Deskbook\Tea\HAR\outputs\eval\all_combinations.csv,csv,HAR,VK-RCD-HAR-Teacher,depth+lidar+mmwave,,protocol3,acc,0.9562289562289562,higher_better,,,yes,no,no,main_table,"Directly supports VK replacement, FSG, missing-modality robustness, or baseline comparison.",high
E:\Deskbook\Tea\HAR\outputs\eval\all_combinations.csv,csv,HAR,VK-RCD-HAR-Teacher,depth+lidar+mmwave,,protocol3,macro_f1,0.9561296590293894,higher_better,,,yes,no,no,main_table,"Directly supports VK replacement, FSG, missing-modality robustness, or baseline comparison.",high
E:\Deskbook\Tea\HAR\outputs\eval\all_combinations.csv,csv,HAR,VK-RCD-HAR-Teacher,vk+depth+lidar+mmwave,,protocol3,acc,0.9558548447437336,higher_better,,,yes,no,no,main_table,"Directly supports VK replacement, FSG, missing-modality robustness, or baseline comparison.",high
E:\Deskbook\Tea\HAR\outputs\eval\all_combinations.csv,csv,HAR,VK-RCD-HAR-Teacher,vk+depth+lidar+mmwave,,protocol3,macro_f1,0.9557524023931305,higher_better,,,yes,no,no,main_table,"Directly supports VK replacement, FSG, missing-modality robustness, or baseline comparison.",high
E:\Deskbook\Tea\HAR\outputs\eval\all_combinations.md,md,HAR,all_combinations,,,,,,,,,yes,no,no,main_table,Text/log parsed but no recognized metric pattern was found.,medium
E:\Deskbook\Tea\HAR\outputs\eval\student_nv_cross_scene_nonvisual_combinations.csv,csv,cross_scene,VK-RCD-HAR-Student-NV-Missing,depth,,protocol3,acc,0.8881780770669659,higher_better,,,yes,no,no,discussion,Parsed but not central to the main story.,high
E:\Deskbook\Tea\HAR\outputs\eval\student_nv_cross_scene_nonvisual_combinations.csv,csv,cross_scene,VK-RCD-HAR-Student-NV-Missing,depth,,protocol3,macro_f1,0.8879390989194865,higher_better,,,yes,no,no,discussion,Parsed but not central to the main story.,high
E:\Deskbook\Tea\HAR\outputs\eval\student_nv_cross_scene_nonvisual_combinations.csv,csv,cross_scene,VK-RCD-HAR-Student-NV-Missing,lidar,,protocol3,acc,0.08943758573388202,higher_better,,,yes,no,no,discussion,Parsed but not central to the main story.,high
E:\Deskbook\Tea\HAR\outputs\eval\student_nv_cross_scene_nonvisual_combinations.csv,csv,cross_scene,VK-RCD-HAR-Student-NV-Missing,lidar,,protocol3,macro_f1,0.06392629036102968,higher_better,,,yes,no,no,discussion,Parsed but not central to the main story.,high
E:\Deskbook\Tea\HAR\outputs\eval\student_nv_cross_scene_nonvisual_combinations.csv,csv,cross_scene,VK-RCD-HAR-Student-NV-Missing,mmwave,,protocol3,acc,0.7969572265868562,higher_better,,,yes,no,no,discussion,Parsed but not central to the main story.,high
E:\Deskbook\Tea\HAR\outputs\eval\student_nv_cross_scene_nonvisual_combinations.csv,csv,cross_scene,VK-RCD-HAR-Student-NV-Missing,mmwave,,protocol3,macro_f1,0.7998597573356633,higher_better,,,yes,no,no,discussion,Parsed but not central to the main story.,high
E:\Deskbook\Tea\HAR\outputs\eval\student_nv_cross_scene_nonvisual_combinations.csv,csv,cross_scene,VK-RCD-HAR-Student-NV-Missing,depth+lidar,,protocol3,acc,0.8891507669285447,higher_better,,,yes,no,no,discussion,Parsed but not central to the main story.,high
E:\Deskbook\Tea\HAR\outputs\eval\student_nv_cross_scene_nonvisual_combinations.csv,csv,cross_scene,VK-RCD-HAR-Student-NV-Missing,depth+lidar,,protocol3,macro_f1,0.8886770688691887,higher_better,,,yes,no,no,discussion,Parsed but not central to the main story.,high
E:\Deskbook\Tea\HAR\outputs\eval\student_nv_cross_scene_nonvisual_combinations.csv,csv,cross_scene,VK-RCD-HAR-Student-NV-Missing,depth+mmwave,,protocol3,acc,0.9545454545454546,higher_better,,,yes,no,no,discussion,Parsed but not central to the main story.,high
E:\Deskbook\Tea\HAR\outputs\eval\student_nv_cross_scene_nonvisual_combinations.csv,csv,cross_scene,VK-RCD-HAR-Student-NV-Missing,depth+mmwave,,protocol3,macro_f1,0.9544832145113616,higher_better,,,yes,no,no,discussion,Parsed but not central to the main story.,high
E:\Deskbook\Tea\HAR\outputs\eval\student_nv_cross_scene_nonvisual_combinations.csv,csv,cross_scene,VK-RCD-HAR-Student-NV-Missing,lidar+mmwave,,protocol3,acc,0.7968449931412894,higher_better,,,yes,no,no,discussion,Parsed but not central to the main story.,high
E:\Deskbook\Tea\HAR\outputs\eval\student_nv_cross_scene_nonvisual_combinations.csv,csv,cross_scene,VK-RCD-HAR-Student-NV-Missing,lidar+mmwave,,protocol3,macro_f1,0.7998682047453495,higher_better,,,yes,no,no,discussion,Parsed but not central to the main story.,high
E:\Deskbook\Tea\HAR\outputs\eval\student_nv_cross_scene_nonvisual_combinations.csv,csv,cross_scene,VK-RCD-HAR-Student-NV-Missing,depth+lidar+mmwave,,protocol3,acc,0.9540591096146652,higher_better,,,yes,no,no,discussion,Parsed but not central to the main story.,high
E:\Deskbook\Tea\HAR\outputs\eval\student_nv_cross_scene_nonvisual_combinations.csv,csv,cross_scene,VK-RCD-HAR-Student-NV-Missing,depth+lidar+mmwave,,protocol3,macro_f1,0.953989492908582,higher_better,,,yes,no,no,discussion,Parsed but not central to the main story.,high
E:\Deskbook\Tea\HAR\outputs\eval\student_nv_cross_scene_nonvisual_combinations.md,md,cross_scene,VK-RMD Student-NV,,,cross-scene,,,,,,yes,no,no,discussion,Text/log parsed but no recognized metric pattern was found.,medium
E:\Deskbook\Tea\HAR\outputs\eval\student_nv_cross_subject_nonvisual_combinations.csv,csv,cross_subject,VK-RCD-HAR-Student-NV-Missing,depth,,protocol3,acc,0.9029960094774909,higher_better,,,yes,no,no,discussion,Parsed but not central to the main story.,high
E:\Deskbook\Tea\HAR\outputs\eval\student_nv_cross_subject_nonvisual_combinations.csv,csv,cross_subject,VK-RCD-HAR-Student-NV-Missing,depth,,protocol3,macro_f1,0.9021375485054907,higher_better,,,yes,no,no,discussion,Parsed but not central to the main story.,high
E:\Deskbook\Tea\HAR\outputs\eval\student_nv_cross_subject_nonvisual_combinations.csv,csv,cross_subject,VK-RCD-HAR-Student-NV-Missing,lidar,,protocol3,acc,0.2530084798603317,higher_better,,,yes,no,no,discussion,Parsed but not central to the main story.,high
E:\Deskbook\Tea\HAR\outputs\eval\student_nv_cross_subject_nonvisual_combinations.csv,csv,cross_subject,VK-RCD-HAR-Student-NV-Missing,lidar,,protocol3,macro_f1,0.22234317379026627,higher_better,,,yes,no,no,discussion,Parsed but not central to the main story.,high
E:\Deskbook\Tea\HAR\outputs\eval\student_nv_cross_subject_nonvisual_combinations.csv,csv,cross_subject,VK-RCD-HAR-Student-NV-Missing,mmwave,,protocol3,acc,0.8457413642598828,higher_better,,,yes,no,no,discussion,Parsed but not central to the main story.,high
E:\Deskbook\Tea\HAR\outputs\eval\student_nv_cross_subject_nonvisual_combinations.csv,csv,cross_subject,VK-RCD-HAR-Student-NV-Missing,mmwave,,protocol3,macro_f1,0.8474933521091544,higher_better,,,yes,no,no,discussion,Parsed but not central to the main story.,high
E:\Deskbook\Tea\HAR\outputs\eval\student_nv_cross_subject_nonvisual_combinations.csv,csv,cross_subject,VK-RCD-HAR-Student-NV-Missing,depth+lidar,,protocol3,acc,0.904320987654321,higher_better,,,yes,no,no,discussion,Parsed but not central to the main story.,high
E:\Deskbook\Tea\HAR\outputs\eval\student_nv_cross_subject_nonvisual_combinations.csv,csv,cross_subject,VK-RCD-HAR-Student-NV-Missing,depth+lidar,,protocol3,macro_f1,0.9034431352876131,higher_better,,,yes,no,no,discussion,Parsed but not central to the main story.,high
E:\Deskbook\Tea\HAR\outputs\eval\student_nv_cross_subject_nonvisual_combinations.csv,csv,cross_subject,VK-RCD-HAR-Student-NV-Missing,depth+mmwave,,protocol3,acc,0.9576162863199901,higher_better,,,yes,no,no,discussion,Parsed but not central to the main story.,high
E:\Deskbook\Tea\HAR\outputs\eval\student_nv_cross_subject_nonvisual_combinations.csv,csv,cross_subject,VK-RCD-HAR-Student-NV-Missing,depth+mmwave,,protocol3,macro_f1,0.9573508531703927,higher_better,,,yes,no,no,discussion,Parsed but not central to the main story.,high
E:\Deskbook\Tea\HAR\outputs\eval\student_nv_cross_subject_nonvisual_combinations.csv,csv,cross_subject,VK-RCD-HAR-Student-NV-Missing,lidar+mmwave,,protocol3,acc,0.8674398304027934,higher_better,,,yes,no,no,discussion,Parsed but not central to the main story.,high
E:\Deskbook\Tea\HAR\outputs\eval\student_nv_cross_subject_nonvisual_combinations.csv,csv,cross_subject,VK-RCD-HAR-Student-NV-Missing,lidar+mmwave,,protocol3,macro_f1,0.8675854564595511,higher_better,,,yes,no,no,discussion,Parsed but not central to the main story.,high
E:\Deskbook\Tea\HAR\outputs\eval\student_nv_cross_subject_nonvisual_combinations.csv,csv,cross_subject,VK-RCD-HAR-Student-NV-Missing,depth+lidar+mmwave,,protocol3,acc,0.9569771791994014,higher_better,,,yes,no,no,discussion,Parsed but not central to the main story.,high
E:\Deskbook\Tea\HAR\outputs\eval\student_nv_cross_subject_nonvisual_combinations.csv,csv,cross_subject,VK-RCD-HAR-Student-NV-Missing,depth+lidar+mmwave,,protocol3,macro_f1,0.9567169641147649,higher_better,,,yes,no,no,discussion,Parsed but not central to the main story.,high
E:\Deskbook\Tea\HAR\outputs\eval\student_nv_cross_subject_nonvisual_combinations.md,md,cross_subject,VK-RMD Student-NV,,,cross-subject,,,,,,yes,no,no,discussion,Text/log parsed but no recognized metric pattern was found.,medium
E:\Deskbook\Tea\HAR\outputs\eval\student_nv_nonvisual_combinations.csv,csv,student_vk_nv,VK-RCD-HAR-Student-NV-Missing,depth,,protocol3,acc,0.8857089412644968,higher_better,,,yes,no,no,main_table,"Directly supports VK replacement, FSG, missing-modality robustness, or baseline comparison.",high
E:\Deskbook\Tea\HAR\outputs\eval\student_nv_nonvisual_combinations.csv,csv,student_vk_nv,VK-RCD-HAR-Student-NV-Missing,depth,,protocol3,macro_f1,0.8846745988190072,higher_better,,,yes,no,no,main_table,"Directly supports VK replacement, FSG, missing-modality robustness, or baseline comparison.",high
E:\Deskbook\Tea\HAR\outputs\eval\student_nv_nonvisual_combinations.csv,csv,student_vk_nv,VK-RCD-HAR-Student-NV-Missing,lidar,,protocol3,acc,0.26312507793989276,higher_better,,,yes,no,no,main_table,"Directly supports VK replacement, FSG, missing-modality robustness, or baseline comparison.",high
E:\Deskbook\Tea\HAR\outputs\eval\student_nv_nonvisual_combinations.csv,csv,student_vk_nv,VK-RCD-HAR-Student-NV-Missing,lidar,,protocol3,macro_f1,0.25144101703355176,higher_better,,,yes,no,no,main_table,"Directly supports VK replacement, FSG, missing-modality robustness, or baseline comparison.",high
E:\Deskbook\Tea\HAR\outputs\eval\student_nv_nonvisual_combinations.csv,csv,student_vk_nv,VK-RCD-HAR-Student-NV-Missing,mmwave,,protocol3,acc,0.8336762688614541,higher_better,,,yes,no,no,main_table,"Directly supports VK replacement, FSG, missing-modality robustness, or baseline comparison.",high
E:\Deskbook\Tea\HAR\outputs\eval\student_nv_nonvisual_combinations.csv,csv,student_vk_nv,VK-RCD-HAR-Student-NV-Missing,mmwave,,protocol3,macro_f1,0.8357434559571894,higher_better,,,yes,no,no,main_table,"Directly supports VK replacement, FSG, missing-modality robustness, or baseline comparison.",high
E:\Deskbook\Tea\HAR\outputs\eval\student_nv_nonvisual_combinations.csv,csv,student_vk_nv,VK-RCD-HAR-Student-NV-Missing,depth+lidar,,protocol3,acc,0.8866130440204514,higher_better,,,yes,no,no,main_table,"Directly supports VK replacement, FSG, missing-modality robustness, or baseline comparison.",high
E:\Deskbook\Tea\HAR\outputs\eval\student_nv_nonvisual_combinations.csv,csv,student_vk_nv,VK-RCD-HAR-Student-NV-Missing,depth+lidar,,protocol3,macro_f1,0.8854815169814756,higher_better,,,yes,no,no,main_table,"Directly supports VK replacement, FSG, missing-modality robustness, or baseline comparison.",high
E:\Deskbook\Tea\HAR\outputs\eval\student_nv_nonvisual_combinations.csv,csv,student_vk_nv,VK-RCD-HAR-Student-NV-Missing,depth+mmwave,,protocol3,acc,0.9618406285072951,higher_better,,,yes,no,no,main_table,"Directly supports VK replacement, FSG, missing-modality robustness, or baseline comparison.",high
E:\Deskbook\Tea\HAR\outputs\eval\student_nv_nonvisual_combinations.csv,csv,student_vk_nv,VK-RCD-HAR-Student-NV-Missing,depth+mmwave,,protocol3,macro_f1,0.9619363309592074,higher_better,,,yes,no,no,main_table,"Directly supports VK replacement, FSG, missing-modality robustness, or baseline comparison.",high
E:\Deskbook\Tea\HAR\outputs\eval\student_nv_nonvisual_combinations.csv,csv,student_vk_nv,VK-RCD-HAR-Student-NV-Missing,lidar+mmwave,,protocol3,acc,0.8538782890634743,higher_better,,,yes,no,no,main_table,"Directly supports VK replacement, FSG, missing-modality robustness, or baseline comparison.",high
E:\Deskbook\Tea\HAR\outputs\eval\student_nv_nonvisual_combinations.csv,csv,student_vk_nv,VK-RCD-HAR-Student-NV-Missing,lidar+mmwave,,protocol3,macro_f1,0.8546926353280456,higher_better,,,yes,no,no,main_table,"Directly supports VK replacement, FSG, missing-modality robustness, or baseline comparison.",high
E:\Deskbook\Tea\HAR\outputs\eval\student_nv_nonvisual_combinations.csv,csv,student_vk_nv,VK-RCD-HAR-Student-NV-Missing,depth+lidar+mmwave,,protocol3,acc,0.9611235814939518,higher_better,,,yes,no,no,main_table,"Directly supports VK replacement, FSG, missing-modality robustness, or baseline comparison.",high
E:\Deskbook\Tea\HAR\outputs\eval\student_nv_nonvisual_combinations.csv,csv,student_vk_nv,VK-RCD-HAR-Student-NV-Missing,depth+lidar+mmwave,,protocol3,macro_f1,0.9612200031668025,higher_better,,,yes,no,no,main_table,"Directly supports VK replacement, FSG, missing-modality robustness, or baseline comparison.",high
E:\Deskbook\Tea\HAR\outputs\eval\student_nv_nonvisual_combinations.md,md,student_vk_nv,VK-RMD Student-NV,,,,,,,,,yes,no,no,main_table,Text/log parsed but no recognized metric pattern was found.,medium
E:\Deskbook\Tea\HAR\outputs\eval\student_nv_random_nonvisual_combinations.csv,csv,student_vk_nv,VK-RCD-HAR-Student-NV-Missing,depth,,protocol3,acc,0.8857089412644968,higher_better,,,yes,no,no,main_table,"Directly supports VK replacement, FSG, missing-modality robustness, or baseline comparison.",high
E:\Deskbook\Tea\HAR\outputs\eval\student_nv_random_nonvisual_combinations.csv,csv,student_vk_nv,VK-RCD-HAR-Student-NV-Missing,depth,,protocol3,macro_f1,0.8846745988190072,higher_better,,,yes,no,no,main_table,"Directly supports VK replacement, FSG, missing-modality robustness, or baseline comparison.",high
E:\Deskbook\Tea\HAR\outputs\eval\student_nv_random_nonvisual_combinations.csv,csv,student_vk_nv,VK-RCD-HAR-Student-NV-Missing,lidar,,protocol3,acc,0.26123893253522884,higher_better,,,yes,no,no,main_table,"Directly supports VK replacement, FSG, missing-modality robustness, or baseline comparison.",high
E:\Deskbook\Tea\HAR\outputs\eval\student_nv_random_nonvisual_combinations.csv,csv,student_vk_nv,VK-RCD-HAR-Student-NV-Missing,lidar,,protocol3,macro_f1,0.25014989473601434,higher_better,,,yes,no,no,main_table,"Directly supports VK replacement, FSG, missing-modality robustness, or baseline comparison.",high
E:\Deskbook\Tea\HAR\outputs\eval\student_nv_random_nonvisual_combinations.csv,csv,student_vk_nv,VK-RCD-HAR-Student-NV-Missing,mmwave,,protocol3,acc,0.8336762688614541,higher_better,,,yes,no,no,main_table,"Directly supports VK replacement, FSG, missing-modality robustness, or baseline comparison.",high
E:\Deskbook\Tea\HAR\outputs\eval\student_nv_random_nonvisual_combinations.csv,csv,student_vk_nv,VK-RCD-HAR-Student-NV-Missing,mmwave,,protocol3,macro_f1,0.8357434559571894,higher_better,,,yes,no,no,main_table,"Directly supports VK replacement, FSG, missing-modality robustness, or baseline comparison.",high
E:\Deskbook\Tea\HAR\outputs\eval\student_nv_random_nonvisual_combinations.csv,csv,student_vk_nv,VK-RCD-HAR-Student-NV-Missing,depth+lidar,,protocol3,acc,0.8867689238059608,higher_better,,,yes,no,no,main_table,"Directly supports VK replacement, FSG, missing-modality robustness, or baseline comparison.",high
E:\Deskbook\Tea\HAR\outputs\eval\student_nv_random_nonvisual_combinations.csv,csv,student_vk_nv,VK-RCD-HAR-Student-NV-Missing,depth+lidar,,protocol3,macro_f1,0.8856366750612165,higher_better,,,yes,no,no,main_table,"Directly supports VK replacement, FSG, missing-modality robustness, or baseline comparison.",high
E:\Deskbook\Tea\HAR\outputs\eval\student_nv_random_nonvisual_combinations.csv,csv,student_vk_nv,VK-RCD-HAR-Student-NV-Missing,depth+mmwave,,protocol3,acc,0.9618406285072951,higher_better,,,yes,no,no,main_table,"Directly supports VK replacement, FSG, missing-modality robustness, or baseline comparison.",high
E:\Deskbook\Tea\HAR\outputs\eval\student_nv_random_nonvisual_combinations.csv,csv,student_vk_nv,VK-RCD-HAR-Student-NV-Missing,depth+mmwave,,protocol3,macro_f1,0.9619363309592074,higher_better,,,yes,no,no,main_table,"Directly supports VK replacement, FSG, missing-modality robustness, or baseline comparison.",high
E:\Deskbook\Tea\HAR\outputs\eval\student_nv_random_nonvisual_combinations.csv,csv,student_vk_nv,VK-RCD-HAR-Student-NV-Missing,lidar+mmwave,,protocol3,acc,0.8530053622646215,higher_better,,,yes,no,no,main_table,"Directly supports VK replacement, FSG, missing-modality robustness, or baseline comparison.",high
E:\Deskbook\Tea\HAR\outputs\eval\student_nv_random_nonvisual_combinations.csv,csv,student_vk_nv,VK-RCD-HAR-Student-NV-Missing,lidar+mmwave,,protocol3,macro_f1,0.8538079046396713,higher_better,,,yes,no,no,main_table,"Directly supports VK replacement, FSG, missing-modality robustness, or baseline comparison.",high
E:\Deskbook\Tea\HAR\outputs\eval\student_nv_random_nonvisual_combinations.csv,csv,student_vk_nv,VK-RCD-HAR-Student-NV-Missing,depth+lidar+mmwave,,protocol3,acc,0.9612482853223594,higher_better,,,yes,no,no,main_table,"Directly supports VK replacement, FSG, missing-modality robustness, or baseline comparison.",high
E:\Deskbook\Tea\HAR\outputs\eval\student_nv_random_nonvisual_combinations.csv,csv,student_vk_nv,VK-RCD-HAR-Student-NV-Missing,depth+lidar+mmwave,,protocol3,macro_f1,0.9613357374135271,higher_better,,,yes,no,no,main_table,"Directly supports VK replacement, FSG, missing-modality robustness, or baseline comparison.",high
E:\Deskbook\Tea\HAR\outputs\eval\student_nv_random_nonvisual_combinations.md,md,student_vk_nv,VK-RMD Student-NV,,,random,,,,,,yes,no,no,main_table,Text/log parsed but no recognized metric pattern was found.,medium
E:\Deskbook\Tea\HAR\outputs\eval\student_vk_all_combinations.csv,csv,full_combination,VK-RCD-HAR-Student-VK-Missing,vk,,protocol3,acc,0.6531363012844494,higher_better,,,yes,no,no,main_table,"Directly supports VK replacement, FSG, missing-modality robustness, or baseline comparison.",high
E:\Deskbook\Tea\HAR\outputs\eval\student_vk_all_combinations.csv,csv,full_combination,VK-RCD-HAR-Student-VK-Missing,vk,,protocol3,macro_f1,0.6570399494703009,higher_better,,,yes,no,no,main_table,"Directly supports VK replacement, FSG, missing-modality robustness, or baseline comparison.",high
E:\Deskbook\Tea\HAR\outputs\eval\student_vk_all_combinations.csv,csv,full_combination,VK-RCD-HAR-Student-VK-Missing,depth,,protocol3,acc,0.8802219728145654,higher_better,,,yes,no,no,main_table,"Directly supports VK replacement, FSG, missing-modality robustness, or baseline comparison.",high
E:\Deskbook\Tea\HAR\outputs\eval\student_vk_all_combinations.csv,csv,full_combination,VK-RCD-HAR-Student-VK-Missing,depth,,protocol3,macro_f1,0.8785817484747452,higher_better,,,yes,no,no,main_table,"Directly supports VK replacement, FSG, missing-modality robustness, or baseline comparison.",high
E:\Deskbook\Tea\HAR\outputs\eval\student_vk_all_combinations.csv,csv,full_combination,VK-RCD-HAR-Student-VK-Missing,lidar,,protocol3,acc,0.40693976805087917,higher_better,,,yes,no,no,main_table,"Directly supports VK replacement, FSG, missing-modality robustness, or baseline comparison.",high
E:\Deskbook\Tea\HAR\outputs\eval\student_vk_all_combinations.csv,csv,full_combination,VK-RCD-HAR-Student-VK-Missing,lidar,,protocol3,macro_f1,0.40001749922757596,higher_better,,,yes,no,no,main_table,"Directly supports VK replacement, FSG, missing-modality robustness, or baseline comparison.",high
E:\Deskbook\Tea\HAR\outputs\eval\student_vk_all_combinations.csv,csv,full_combination,VK-RCD-HAR-Student-VK-Missing,mmwave,,protocol3,acc,0.8587729143284699,higher_better,,,yes,no,no,main_table,"Directly supports VK replacement, FSG, missing-modality robustness, or baseline comparison.",high
E:\Deskbook\Tea\HAR\outputs\eval\student_vk_all_combinations.csv,csv,full_combination,VK-RCD-HAR-Student-VK-Missing,mmwave,,protocol3,macro_f1,0.860622277089663,higher_better,,,yes,no,no,main_table,"Directly supports VK replacement, FSG, missing-modality robustness, or baseline comparison.",high
E:\Deskbook\Tea\HAR\outputs\eval\student_vk_all_combinations.csv,csv,full_combination,VK-RCD-HAR-Student-VK-Missing,vk+depth,,protocol3,acc,0.8950929043521636,higher_better,,,yes,no,no,main_table,"Directly supports VK replacement, FSG, missing-modality robustness, or baseline comparison.",high
E:\Deskbook\Tea\HAR\outputs\eval\student_vk_all_combinations.csv,csv,full_combination,VK-RCD-HAR-Student-VK-Missing,vk+depth,,protocol3,macro_f1,0.8936498985975704,higher_better,,,yes,no,no,main_table,"Directly supports VK replacement, FSG, missing-modality robustness, or baseline comparison.",high
E:\Deskbook\Tea\HAR\outputs\eval\student_vk_all_combinations.csv,csv,full_combination,VK-RCD-HAR-Student-VK-Missing,vk+lidar,,protocol3,acc,0.6848422496570644,higher_better,,,yes,no,no,main_table,"Directly supports VK replacement, FSG, missing-modality robustness, or baseline comparison.",high
E:\Deskbook\Tea\HAR\outputs\eval\student_vk_all_combinations.csv,csv,full_combination,VK-RCD-HAR-Student-VK-Missing,vk+lidar,,protocol3,macro_f1,0.690105002219272,higher_better,,,yes,no,no,main_table,"Directly supports VK replacement, FSG, missing-modality robustness, or baseline comparison.",high
E:\Deskbook\Tea\HAR\outputs\eval\student_vk_all_combinations.csv,csv,full_combination,VK-RCD-HAR-Student-VK-Missing,vk+mmwave,,protocol3,acc,0.9274847237810201,higher_better,,,yes,no,no,main_table,"Directly supports VK replacement, FSG, missing-modality robustness, or baseline comparison.",high
E:\Deskbook\Tea\HAR\outputs\eval\student_vk_all_combinations.csv,csv,full_combination,VK-RCD-HAR-Student-VK-Missing,vk+mmwave,,protocol3,macro_f1,0.9282096415600161,higher_better,,,yes,no,no,main_table,"Directly supports VK replacement, FSG, missing-modality robustness, or baseline comparison.",high
E:\Deskbook\Tea\HAR\outputs\eval\student_vk_all_combinations.csv,csv,full_combination,VK-RCD-HAR-Student-VK-Missing,depth+lidar,,protocol3,acc,0.8852880658436214,higher_better,,,yes,no,no,main_table,"Directly supports VK replacement, FSG, missing-modality robustness, or baseline comparison.",high
E:\Deskbook\Tea\HAR\outputs\eval\student_vk_all_combinations.csv,csv,full_combination,VK-RCD-HAR-Student-VK-Missing,depth+lidar,,protocol3,macro_f1,0.8840465350707098,higher_better,,,yes,no,no,main_table,"Directly supports VK replacement, FSG, missing-modality robustness, or baseline comparison.",high
E:\Deskbook\Tea\HAR\outputs\eval\student_vk_all_combinations.csv,csv,full_combination,VK-RCD-HAR-Student-VK-Missing,depth+mmwave,,protocol3,acc,0.9644905848609552,higher_better,,,yes,no,no,main_table,"Directly supports VK replacement, FSG, missing-modality robustness, or baseline comparison.",high
E:\Deskbook\Tea\HAR\outputs\eval\student_vk_all_combinations.csv,csv,full_combination,VK-RCD-HAR-Student-VK-Missing,depth+mmwave,,protocol3,macro_f1,0.964392670045968,higher_better,,,yes,no,no,main_table,"Directly supports VK replacement, FSG, missing-modality robustness, or baseline comparison.",high
E:\Deskbook\Tea\HAR\outputs\eval\student_vk_all_combinations.csv,csv,full_combination,VK-RCD-HAR-Student-VK-Missing,lidar+mmwave,,protocol3,acc,0.8943135054246165,higher_better,,,yes,no,no,main_table,"Directly supports VK replacement, FSG, missing-modality robustness, or baseline comparison.",high
E:\Deskbook\Tea\HAR\outputs\eval\student_vk_all_combinations.csv,csv,full_combination,VK-RCD-HAR-Student-VK-Missing,lidar+mmwave,,protocol3,macro_f1,0.8948268570861933,higher_better,,,yes,no,no,main_table,"Directly supports VK replacement, FSG, missing-modality robustness, or baseline comparison.",high
E:\Deskbook\Tea\HAR\outputs\eval\student_vk_all_combinations.csv,csv,full_combination,VK-RCD-HAR-Student-VK-Missing,vk+depth+lidar,,protocol3,acc,0.8968075819927672,higher_better,,,yes,no,no,main_table,"Directly supports VK replacement, FSG, missing-modality robustness, or baseline comparison.",high
E:\Deskbook\Tea\HAR\outputs\eval\student_vk_all_combinations.csv,csv,full_combination,VK-RCD-HAR-Student-VK-Missing,vk+depth+lidar,,protocol3,macro_f1,0.8955349785526765,higher_better,,,yes,no,no,main_table,"Directly supports VK replacement, FSG, missing-modality robustness, or baseline comparison.",high
E:\Deskbook\Tea\HAR\outputs\eval\student_vk_all_combinations.csv,csv,full_combination,VK-RCD-HAR-Student-VK-Missing,vk+depth+mmwave,,protocol3,acc,0.9655505674024193,higher_better,,,yes,no,no,main_table,"Directly supports VK replacement, FSG, missing-modality robustness, or baseline comparison.",high
E:\Deskbook\Tea\HAR\outputs\eval\student_vk_all_combinations.csv,csv,full_combination,VK-RCD-HAR-Student-VK-Missing,vk+depth+mmwave,,protocol3,macro_f1,0.9654534589109676,higher_better,,,yes,no,no,main_table,"Directly supports VK replacement, FSG, missing-modality robustness, or baseline comparison.",high
E:\Deskbook\Tea\HAR\outputs\eval\student_vk_all_combinations.csv,csv,full_combination,VK-RCD-HAR-Student-VK-Missing,vk+lidar+mmwave,,protocol3,acc,0.9275314877166729,higher_better,,,yes,no,no,main_table,"Directly supports VK replacement, FSG, missing-modality robustness, or baseline comparison.",high
E:\Deskbook\Tea\HAR\outputs\eval\student_vk_all_combinations.csv,csv,full_combination,VK-RCD-HAR-Student-VK-Missing,vk+lidar+mmwave,,protocol3,macro_f1,0.9283355236668336,higher_better,,,yes,no,no,main_table,"Directly supports VK replacement, FSG, missing-modality robustness, or baseline comparison.",high
E:\Deskbook\Tea\HAR\outputs\eval\student_vk_all_combinations.csv,csv,full_combination,VK-RCD-HAR-Student-VK-Missing,depth+lidar+mmwave,,protocol3,acc,0.9644438209253025,higher_better,,,yes,no,no,main_table,"Directly supports VK replacement, FSG, missing-modality robustness, or baseline comparison.",high
E:\Deskbook\Tea\HAR\outputs\eval\student_vk_all_combinations.csv,csv,full_combination,VK-RCD-HAR-Student-VK-Missing,depth+lidar+mmwave,,protocol3,macro_f1,0.9643543695420612,higher_better,,,yes,no,no,main_table,"Directly supports VK replacement, FSG, missing-modality robustness, or baseline comparison.",high
E:\Deskbook\Tea\HAR\outputs\eval\student_vk_all_combinations.csv,csv,full_combination,VK-RCD-HAR-Student-VK-Missing,vk+depth+lidar+mmwave,,protocol3,acc,0.9653167477241551,higher_better,,,yes,no,no,main_table,"Directly supports VK replacement, FSG, missing-modality robustness, or baseline comparison.",high
E:\Deskbook\Tea\HAR\outputs\eval\student_vk_all_combinations.csv,csv,full_combination,VK-RCD-HAR-Student-VK-Missing,vk+depth+lidar+mmwave,,protocol3,macro_f1,0.9652188477894845,higher_better,,,yes,no,no,main_table,"Directly supports VK replacement, FSG, missing-modality robustness, or baseline comparison.",high
E:\Deskbook\Tea\HAR\outputs\eval\student_vk_all_combinations.md,md,full_combination,VK-RMD Student-VK,,,,,,,,,yes,no,no,main_table,Text/log parsed but no recognized metric pattern was found.,medium
E:\Deskbook\Tea\HAR\outputs\eval\student_vk_cross_scene_all_combinations.csv,csv,cross_scene,VK-RCD-HAR-Student-VK-Missing,vk,,protocol3,acc,0.579885272477865,higher_better,,,yes,no,no,discussion,Parsed but not central to the main story.,high
E:\Deskbook\Tea\HAR\outputs\eval\student_vk_cross_scene_all_combinations.csv,csv,cross_scene,VK-RCD-HAR-Student-VK-Missing,vk,,protocol3,macro_f1,0.575267260846848,higher_better,,,yes,no,no,discussion,Parsed but not central to the main story.,high
E:\Deskbook\Tea\HAR\outputs\eval\student_vk_cross_scene_all_combinations.csv,csv,cross_scene,VK-RCD-HAR-Student-VK-Missing,depth,,protocol3,acc,0.8740990148397556,higher_better,,,yes,no,no,discussion,Parsed but not central to the main story.,high
E:\Deskbook\Tea\HAR\outputs\eval\student_vk_cross_scene_all_combinations.csv,csv,cross_scene,VK-RCD-HAR-Student-VK-Missing,depth,,protocol3,macro_f1,0.8729513500319688,higher_better,,,yes,no,no,discussion,Parsed but not central to the main story.,high
E:\Deskbook\Tea\HAR\outputs\eval\student_vk_cross_scene_all_combinations.csv,csv,cross_scene,VK-RCD-HAR-Student-VK-Missing,lidar,,protocol3,acc,0.19976306272602568,higher_better,,,yes,no,no,discussion,Parsed but not central to the main story.,high
E:\Deskbook\Tea\HAR\outputs\eval\student_vk_cross_scene_all_combinations.csv,csv,cross_scene,VK-RCD-HAR-Student-VK-Missing,lidar,,protocol3,macro_f1,0.17510041837989668,higher_better,,,yes,no,no,discussion,Parsed but not central to the main story.,high
E:\Deskbook\Tea\HAR\outputs\eval\student_vk_cross_scene_all_combinations.csv,csv,cross_scene,VK-RCD-HAR-Student-VK-Missing,mmwave,,protocol3,acc,0.8030427734131438,higher_better,,,yes,no,no,discussion,Parsed but not central to the main story.,high
E:\Deskbook\Tea\HAR\outputs\eval\student_vk_cross_scene_all_combinations.csv,csv,cross_scene,VK-RCD-HAR-Student-VK-Missing,mmwave,,protocol3,macro_f1,0.801712459004918,higher_better,,,yes,no,no,discussion,Parsed but not central to the main story.,high
E:\Deskbook\Tea\HAR\outputs\eval\student_vk_cross_scene_all_combinations.csv,csv,cross_scene,VK-RCD-HAR-Student-VK-Missing,vk+depth,,protocol3,acc,0.8883900735752588,higher_better,,,yes,no,no,discussion,Parsed but not central to the main story.,high
E:\Deskbook\Tea\HAR\outputs\eval\student_vk_cross_scene_all_combinations.csv,csv,cross_scene,VK-RCD-HAR-Student-VK-Missing,vk+depth,,protocol3,macro_f1,0.8878973124819503,higher_better,,,yes,no,no,discussion,Parsed but not central to the main story.,high
E:\Deskbook\Tea\HAR\outputs\eval\student_vk_cross_scene_all_combinations.csv,csv,cross_scene,VK-RCD-HAR-Student-VK-Missing,vk+lidar,,protocol3,acc,0.5938895124080309,higher_better,,,yes,no,no,discussion,Parsed but not central to the main story.,high
E:\Deskbook\Tea\HAR\outputs\eval\student_vk_cross_scene_all_combinations.csv,csv,cross_scene,VK-RCD-HAR-Student-VK-Missing,vk+lidar,,protocol3,macro_f1,0.588148841365343,higher_better,,,yes,no,no,discussion,Parsed but not central to the main story.,high
E:\Deskbook\Tea\HAR\outputs\eval\student_vk_cross_scene_all_combinations.csv,csv,cross_scene,VK-RCD-HAR-Student-VK-Missing,vk+mmwave,,protocol3,acc,0.8876293802219728,higher_better,,,yes,no,no,discussion,Parsed but not central to the main story.,high
E:\Deskbook\Tea\HAR\outputs\eval\student_vk_cross_scene_all_combinations.csv,csv,cross_scene,VK-RCD-HAR-Student-VK-Missing,vk+mmwave,,protocol3,macro_f1,0.8865429878195862,higher_better,,,yes,no,no,discussion,Parsed but not central to the main story.,high
E:\Deskbook\Tea\HAR\outputs\eval\student_vk_cross_scene_all_combinations.csv,csv,cross_scene,VK-RCD-HAR-Student-VK-Missing,depth+lidar,,protocol3,acc,0.8764808579623394,higher_better,,,yes,no,no,discussion,Parsed but not central to the main story.,high
E:\Deskbook\Tea\HAR\outputs\eval\student_vk_cross_scene_all_combinations.csv,csv,cross_scene,VK-RCD-HAR-Student-VK-Missing,depth+lidar,,protocol3,macro_f1,0.8748980683525658,higher_better,,,yes,no,no,discussion,Parsed but not central to the main story.,high
E:\Deskbook\Tea\HAR\outputs\eval\student_vk_cross_scene_all_combinations.csv,csv,cross_scene,VK-RCD-HAR-Student-VK-Missing,depth+mmwave,,protocol3,acc,0.9493577752837012,higher_better,,,yes,no,no,discussion,Parsed but not central to the main story.,high
E:\Deskbook\Tea\HAR\outputs\eval\student_vk_cross_scene_all_combinations.csv,csv,cross_scene,VK-RCD-HAR-Student-VK-Missing,depth+mmwave,,protocol3,macro_f1,0.9493335962417976,higher_better,,,yes,no,no,discussion,Parsed but not central to the main story.,high
E:\Deskbook\Tea\HAR\outputs\eval\student_vk_cross_scene_all_combinations.csv,csv,cross_scene,VK-RCD-HAR-Student-VK-Missing,lidar+mmwave,,protocol3,acc,0.811522633744856,higher_better,,,yes,no,no,discussion,Parsed but not central to the main story.,high
E:\Deskbook\Tea\HAR\outputs\eval\student_vk_cross_scene_all_combinations.csv,csv,cross_scene,VK-RCD-HAR-Student-VK-Missing,lidar+mmwave,,protocol3,macro_f1,0.8142373370302011,higher_better,,,yes,no,no,discussion,Parsed but not central to the main story.,high
E:\Deskbook\Tea\HAR\outputs\eval\student_vk_cross_scene_all_combinations.csv,csv,cross_scene,VK-RCD-HAR-Student-VK-Missing,vk+depth+lidar,,protocol3,acc,0.8894749968824043,higher_better,,,yes,no,no,discussion,Parsed but not central to the main story.,high
E:\Deskbook\Tea\HAR\outputs\eval\student_vk_cross_scene_all_combinations.csv,csv,cross_scene,VK-RCD-HAR-Student-VK-Missing,vk+depth+lidar,,protocol3,macro_f1,0.8887893924063577,higher_better,,,yes,no,no,discussion,Parsed but not central to the main story.,high
E:\Deskbook\Tea\HAR\outputs\eval\student_vk_cross_scene_all_combinations.csv,csv,cross_scene,VK-RCD-HAR-Student-VK-Missing,vk+depth+mmwave,,protocol3,acc,0.953211123581494,higher_better,,,yes,no,no,discussion,Parsed but not central to the main story.,high
E:\Deskbook\Tea\HAR\outputs\eval\student_vk_cross_scene_all_combinations.csv,csv,cross_scene,VK-RCD-HAR-Student-VK-Missing,vk+depth+mmwave,,protocol3,macro_f1,0.9531934857405671,higher_better,,,yes,no,no,discussion,Parsed but not central to the main story.,high
E:\Deskbook\Tea\HAR\outputs\eval\student_vk_cross_scene_all_combinations.csv,csv,cross_scene,VK-RCD-HAR-Student-VK-Missing,vk+lidar+mmwave,,protocol3,acc,0.8832896869933907,higher_better,,,yes,no,no,discussion,Parsed but not central to the main story.,high
E:\Deskbook\Tea\HAR\outputs\eval\student_vk_cross_scene_all_combinations.csv,csv,cross_scene,VK-RCD-HAR-Student-VK-Missing,vk+lidar+mmwave,,protocol3,macro_f1,0.8834206141411971,higher_better,,,yes,no,no,discussion,Parsed but not central to the main story.,high
E:\Deskbook\Tea\HAR\outputs\eval\student_vk_cross_scene_all_combinations.csv,csv,cross_scene,VK-RCD-HAR-Student-VK-Missing,depth+lidar+mmwave,,protocol3,acc,0.9487467265245043,higher_better,,,yes,no,no,discussion,Parsed but not central to the main story.,high
E:\Deskbook\Tea\HAR\outputs\eval\student_vk_cross_scene_all_combinations.csv,csv,cross_scene,VK-RCD-HAR-Student-VK-Missing,depth+lidar+mmwave,,protocol3,macro_f1,0.9487375269333457,higher_better,,,yes,no,no,discussion,Parsed but not central to the main story.,high
E:\Deskbook\Tea\HAR\outputs\eval\student_vk_cross_scene_all_combinations.csv,csv,cross_scene,VK-RCD-HAR-Student-VK-Missing,vk+depth+lidar+mmwave,,protocol3,acc,0.9524629006110488,higher_better,,,yes,no,no,discussion,Parsed but not central to the main story.,high
E:\Deskbook\Tea\HAR\outputs\eval\student_vk_cross_scene_all_combinations.csv,csv,cross_scene,VK-RCD-HAR-Student-VK-Missing,vk+depth+lidar+mmwave,,protocol3,macro_f1,0.9524616400913123,higher_better,,,yes,no,no,discussion,Parsed but not central to the main story.,high
E:\Deskbook\Tea\HAR\outputs\eval\student_vk_cross_scene_all_combinations.md,md,cross_scene,VK-RMD Student-VK,,,cross-scene,,,,,,yes,no,no,discussion,Text/log parsed but no recognized metric pattern was found.,medium
E:\Deskbook\Tea\HAR\outputs\eval\student_vk_cross_subject_all_combinations.csv,csv,cross_subject,VK-RCD-HAR-Student-VK-Missing,vk,,protocol3,acc,0.6522321985284948,higher_better,,,yes,no,no,discussion,Parsed but not central to the main story.,high
E:\Deskbook\Tea\HAR\outputs\eval\student_vk_cross_subject_all_combinations.csv,csv,cross_subject,VK-RCD-HAR-Student-VK-Missing,vk,,protocol3,macro_f1,0.6764719627506528,higher_better,,,yes,no,no,discussion,Parsed but not central to the main story.,high
E:\Deskbook\Tea\HAR\outputs\eval\student_vk_cross_subject_all_combinations.csv,csv,cross_subject,VK-RCD-HAR-Student-VK-Missing,depth,,protocol3,acc,0.9005019329093403,higher_better,,,yes,no,no,discussion,Parsed but not central to the main story.,high
E:\Deskbook\Tea\HAR\outputs\eval\student_vk_cross_subject_all_combinations.csv,csv,cross_subject,VK-RCD-HAR-Student-VK-Missing,depth,,protocol3,macro_f1,0.8995568630119055,higher_better,,,yes,no,no,discussion,Parsed but not central to the main story.,high
E:\Deskbook\Tea\HAR\outputs\eval\student_vk_cross_subject_all_combinations.csv,csv,cross_subject,VK-RCD-HAR-Student-VK-Missing,lidar,,protocol3,acc,0.38455543085172716,higher_better,,,yes,no,no,discussion,Parsed but not central to the main story.,high
E:\Deskbook\Tea\HAR\outputs\eval\student_vk_cross_subject_all_combinations.csv,csv,cross_subject,VK-RCD-HAR-Student-VK-Missing,lidar,,protocol3,macro_f1,0.3668645320284329,higher_better,,,yes,no,no,discussion,Parsed but not central to the main story.,high
E:\Deskbook\Tea\HAR\outputs\eval\student_vk_cross_subject_all_combinations.csv,csv,cross_subject,VK-RCD-HAR-Student-VK-Missing,mmwave,,protocol3,acc,0.852070083551565,higher_better,,,yes,no,no,discussion,Parsed but not central to the main story.,high
E:\Deskbook\Tea\HAR\outputs\eval\student_vk_cross_subject_all_combinations.csv,csv,cross_subject,VK-RCD-HAR-Student-VK-Missing,mmwave,,protocol3,macro_f1,0.8545138344355317,higher_better,,,yes,no,no,discussion,Parsed but not central to the main story.,high
E:\Deskbook\Tea\HAR\outputs\eval\student_vk_cross_subject_all_combinations.csv,csv,cross_subject,VK-RCD-HAR-Student-VK-Missing,vk+depth,,protocol3,acc,0.9158405038034668,higher_better,,,yes,no,no,discussion,Parsed but not central to the main story.,high
E:\Deskbook\Tea\HAR\outputs\eval\student_vk_cross_subject_all_combinations.csv,csv,cross_subject,VK-RCD-HAR-Student-VK-Missing,vk+depth,,protocol3,macro_f1,0.9150772481953082,higher_better,,,yes,no,no,discussion,Parsed but not central to the main story.,high
E:\Deskbook\Tea\HAR\outputs\eval\student_vk_cross_subject_all_combinations.csv,csv,cross_subject,VK-RCD-HAR-Student-VK-Missing,vk+lidar,,protocol3,acc,0.689487467265245,higher_better,,,yes,no,no,discussion,Parsed but not central to the main story.,high
E:\Deskbook\Tea\HAR\outputs\eval\student_vk_cross_subject_all_combinations.csv,csv,cross_subject,VK-RCD-HAR-Student-VK-Missing,vk+lidar,,protocol3,macro_f1,0.7090474309292469,higher_better,,,yes,no,no,discussion,Parsed but not central to the main story.,high
E:\Deskbook\Tea\HAR\outputs\eval\student_vk_cross_subject_all_combinations.csv,csv,cross_subject,VK-RCD-HAR-Student-VK-Missing,vk+mmwave,,protocol3,acc,0.931225838633246,higher_better,,,yes,no,no,discussion,Parsed but not central to the main story.,high
E:\Deskbook\Tea\HAR\outputs\eval\student_vk_cross_subject_all_combinations.csv,csv,cross_subject,VK-RCD-HAR-Student-VK-Missing,vk+mmwave,,protocol3,macro_f1,0.9312308419194144,higher_better,,,yes,no,no,discussion,Parsed but not central to the main story.,high
E:\Deskbook\Tea\HAR\outputs\eval\student_vk_cross_subject_all_combinations.csv,csv,cross_subject,VK-RCD-HAR-Student-VK-Missing,depth+lidar,,protocol3,acc,0.9028401296919816,higher_better,,,yes,no,no,discussion,Parsed but not central to the main story.,high
E:\Deskbook\Tea\HAR\outputs\eval\student_vk_cross_subject_all_combinations.csv,csv,cross_subject,VK-RCD-HAR-Student-VK-Missing,depth+lidar,,protocol3,macro_f1,0.9017197945329681,higher_better,,,yes,no,no,discussion,Parsed but not central to the main story.,high
E:\Deskbook\Tea\HAR\outputs\eval\student_vk_cross_subject_all_combinations.csv,csv,cross_subject,VK-RCD-HAR-Student-VK-Missing,depth+mmwave,,protocol3,acc,0.9570707070707071,higher_better,,,yes,no,no,discussion,Parsed but not central to the main story.,high
E:\Deskbook\Tea\HAR\outputs\eval\student_vk_cross_subject_all_combinations.csv,csv,cross_subject,VK-RCD-HAR-Student-VK-Missing,depth+mmwave,,protocol3,macro_f1,0.9567541852887095,higher_better,,,yes,no,no,discussion,Parsed but not central to the main story.,high
E:\Deskbook\Tea\HAR\outputs\eval\student_vk_cross_subject_all_combinations.csv,csv,cross_subject,VK-RCD-HAR-Student-VK-Missing,lidar+mmwave,,protocol3,acc,0.8810481356777653,higher_better,,,yes,no,no,discussion,Parsed but not central to the main story.,high
E:\Deskbook\Tea\HAR\outputs\eval\student_vk_cross_subject_all_combinations.csv,csv,cross_subject,VK-RCD-HAR-Student-VK-Missing,lidar+mmwave,,protocol3,macro_f1,0.8814390177335928,higher_better,,,yes,no,no,discussion,Parsed but not central to the main story.,high
E:\Deskbook\Tea\HAR\outputs\eval\student_vk_cross_subject_all_combinations.csv,csv,cross_subject,VK-RCD-HAR-Student-VK-Missing,vk+depth+lidar,,protocol3,acc,0.9171810699588477,higher_better,,,yes,no,no,discussion,Parsed but not central to the main story.,high
E:\Deskbook\Tea\HAR\outputs\eval\student_vk_cross_subject_all_combinations.csv,csv,cross_subject,VK-RCD-HAR-Student-VK-Missing,vk+depth+lidar,,protocol3,macro_f1,0.9163922972447975,higher_better,,,yes,no,no,discussion,Parsed but not central to the main story.,high
E:\Deskbook\Tea\HAR\outputs\eval\student_vk_cross_subject_all_combinations.csv,csv,cross_subject,VK-RCD-HAR-Student-VK-Missing,vk+depth+mmwave,,protocol3,acc,0.9609832896869934,higher_better,,,yes,no,no,discussion,Parsed but not central to the main story.,high
E:\Deskbook\Tea\HAR\outputs\eval\student_vk_cross_subject_all_combinations.csv,csv,cross_subject,VK-RCD-HAR-Student-VK-Missing,vk+depth+mmwave,,protocol3,macro_f1,0.9607359245301637,higher_better,,,yes,no,no,discussion,Parsed but not central to the main story.,high
E:\Deskbook\Tea\HAR\outputs\eval\student_vk_cross_subject_all_combinations.csv,csv,cross_subject,VK-RCD-HAR-Student-VK-Missing,vk+lidar+mmwave,,protocol3,acc,0.9306334954483103,higher_better,,,yes,no,no,discussion,Parsed but not central to the main story.,high
E:\Deskbook\Tea\HAR\outputs\eval\student_vk_cross_subject_all_combinations.csv,csv,cross_subject,VK-RCD-HAR-Student-VK-Missing,vk+lidar+mmwave,,protocol3,macro_f1,0.9306418571397775,higher_better,,,yes,no,no,discussion,Parsed but not central to the main story.,high
E:\Deskbook\Tea\HAR\outputs\eval\student_vk_cross_subject_all_combinations.csv,csv,cross_subject,VK-RCD-HAR-Student-VK-Missing,depth+lidar+mmwave,,protocol3,acc,0.9574292305773787,higher_better,,,yes,no,no,discussion,Parsed but not central to the main story.,high
E:\Deskbook\Tea\HAR\outputs\eval\student_vk_cross_subject_all_combinations.csv,csv,cross_subject,VK-RCD-HAR-Student-VK-Missing,depth+lidar+mmwave,,protocol3,macro_f1,0.9571177189828999,higher_better,,,yes,no,no,discussion,Parsed but not central to the main story.,high
E:\Deskbook\Tea\HAR\outputs\eval\student_vk_cross_subject_all_combinations.csv,csv,cross_subject,VK-RCD-HAR-Student-VK-Missing,vk+depth+lidar+mmwave,,protocol3,acc,0.9612015213867066,higher_better,,,yes,no,no,discussion,Parsed but not central to the main story.,high
E:\Deskbook\Tea\HAR\outputs\eval\student_vk_cross_subject_all_combinations.csv,csv,cross_subject,VK-RCD-HAR-Student-VK-Missing,vk+depth+lidar+mmwave,,protocol3,macro_f1,0.9609544499284461,higher_better,,,yes,no,no,discussion,Parsed but not central to the main story.,high
E:\Deskbook\Tea\HAR\outputs\eval\student_vk_cross_subject_all_combinations.md,md,cross_subject,VK-RMD Student-VK,,,cross-subject,,,,,,yes,no,no,discussion,Text/log parsed but no recognized metric pattern was found.,medium
E:\Deskbook\Tea\HAR\outputs\eval\student_vk_random_all_combinations.csv,csv,full_combination,VK-RCD-HAR-Student-VK-Missing,vk,,protocol3,acc,0.6531363012844494,higher_better,,,yes,no,no,main_table,"Directly supports VK replacement, FSG, missing-modality robustness, or baseline comparison.",high
E:\Deskbook\Tea\HAR\outputs\eval\student_vk_random_all_combinations.csv,csv,full_combination,VK-RCD-HAR-Student-VK-Missing,vk,,protocol3,macro_f1,0.6570399494703009,higher_better,,,yes,no,no,main_table,"Directly supports VK replacement, FSG, missing-modality robustness, or baseline comparison.",high
E:\Deskbook\Tea\HAR\outputs\eval\student_vk_random_all_combinations.csv,csv,full_combination,VK-RCD-HAR-Student-VK-Missing,depth,,protocol3,acc,0.8802219728145654,higher_better,,,yes,no,no,main_table,"Directly supports VK replacement, FSG, missing-modality robustness, or baseline comparison.",high
E:\Deskbook\Tea\HAR\outputs\eval\student_vk_random_all_combinations.csv,csv,full_combination,VK-RCD-HAR-Student-VK-Missing,depth,,protocol3,macro_f1,0.8785817484747452,higher_better,,,yes,no,no,main_table,"Directly supports VK replacement, FSG, missing-modality robustness, or baseline comparison.",high
E:\Deskbook\Tea\HAR\outputs\eval\student_vk_random_all_combinations.csv,csv,full_combination,VK-RCD-HAR-Student-VK-Missing,lidar,,protocol3,acc,0.4079685746352413,higher_better,,,yes,no,no,main_table,"Directly supports VK replacement, FSG, missing-modality robustness, or baseline comparison.",high
E:\Deskbook\Tea\HAR\outputs\eval\student_vk_random_all_combinations.csv,csv,full_combination,VK-RCD-HAR-Student-VK-Missing,lidar,,protocol3,macro_f1,0.40100712548885803,higher_better,,,yes,no,no,main_table,"Directly supports VK replacement, FSG, missing-modality robustness, or baseline comparison.",high
E:\Deskbook\Tea\HAR\outputs\eval\student_vk_random_all_combinations.csv,csv,full_combination,VK-RCD-HAR-Student-VK-Missing,mmwave,,protocol3,acc,0.8587729143284699,higher_better,,,yes,no,no,main_table,"Directly supports VK replacement, FSG, missing-modality robustness, or baseline comparison.",high
E:\Deskbook\Tea\HAR\outputs\eval\student_vk_random_all_combinations.csv,csv,full_combination,VK-RCD-HAR-Student-VK-Missing,mmwave,,protocol3,macro_f1,0.860622277089663,higher_better,,,yes,no,no,main_table,"Directly supports VK replacement, FSG, missing-modality robustness, or baseline comparison.",high
E:\Deskbook\Tea\HAR\outputs\eval\student_vk_random_all_combinations.csv,csv,full_combination,VK-RCD-HAR-Student-VK-Missing,vk+depth,,protocol3,acc,0.8950929043521636,higher_better,,,yes,no,no,main_table,"Directly supports VK replacement, FSG, missing-modality robustness, or baseline comparison.",high
E:\Deskbook\Tea\HAR\outputs\eval\student_vk_random_all_combinations.csv,csv,full_combination,VK-RCD-HAR-Student-VK-Missing,vk+depth,,protocol3,macro_f1,0.8936498985975704,higher_better,,,yes,no,no,main_table,"Directly supports VK replacement, FSG, missing-modality robustness, or baseline comparison.",high
E:\Deskbook\Tea\HAR\outputs\eval\student_vk_random_all_combinations.csv,csv,full_combination,VK-RCD-HAR-Student-VK-Missing,vk+lidar,,protocol3,acc,0.6854345928420003,higher_better,,,yes,no,no,main_table,"Directly supports VK replacement, FSG, missing-modality robustness, or baseline comparison.",high
E:\Deskbook\Tea\HAR\outputs\eval\student_vk_random_all_combinations.csv,csv,full_combination,VK-RCD-HAR-Student-VK-Missing,vk+lidar,,protocol3,macro_f1,0.6905393654060578,higher_better,,,yes,no,no,main_table,"Directly supports VK replacement, FSG, missing-modality robustness, or baseline comparison.",high
E:\Deskbook\Tea\HAR\outputs\eval\student_vk_random_all_combinations.csv,csv,full_combination,VK-RCD-HAR-Student-VK-Missing,vk+mmwave,,protocol3,acc,0.9274847237810201,higher_better,,,yes,no,no,main_table,"Directly supports VK replacement, FSG, missing-modality robustness, or baseline comparison.",high
E:\Deskbook\Tea\HAR\outputs\eval\student_vk_random_all_combinations.csv,csv,full_combination,VK-RCD-HAR-Student-VK-Missing,vk+mmwave,,protocol3,macro_f1,0.9282096415600161,higher_better,,,yes,no,no,main_table,"Directly supports VK replacement, FSG, missing-modality robustness, or baseline comparison.",high
E:\Deskbook\Tea\HAR\outputs\eval\student_vk_random_all_combinations.csv,csv,full_combination,VK-RCD-HAR-Student-VK-Missing,depth+lidar,,protocol3,acc,0.8851633620152138,higher_better,,,yes,no,no,main_table,"Directly supports VK replacement, FSG, missing-modality robustness, or baseline comparison.",high
E:\Deskbook\Tea\HAR\outputs\eval\student_vk_random_all_combinations.csv,csv,full_combination,VK-RCD-HAR-Student-VK-Missing,depth+lidar,,protocol3,macro_f1,0.8839207468406973,higher_better,,,yes,no,no,main_table,"Directly supports VK replacement, FSG, missing-modality robustness, or baseline comparison.",high
E:\Deskbook\Tea\HAR\outputs\eval\student_vk_random_all_combinations.csv,csv,full_combination,VK-RCD-HAR-Student-VK-Missing,depth+mmwave,,protocol3,acc,0.9644905848609552,higher_better,,,yes,no,no,main_table,"Directly supports VK replacement, FSG, missing-modality robustness, or baseline comparison.",high
E:\Deskbook\Tea\HAR\outputs\eval\student_vk_random_all_combinations.csv,csv,full_combination,VK-RCD-HAR-Student-VK-Missing,depth+mmwave,,protocol3,macro_f1,0.964392670045968,higher_better,,,yes,no,no,main_table,"Directly supports VK replacement, FSG, missing-modality robustness, or baseline comparison.",high
E:\Deskbook\Tea\HAR\outputs\eval\student_vk_random_all_combinations.csv,csv,full_combination,VK-RCD-HAR-Student-VK-Missing,lidar+mmwave,,protocol3,acc,0.8951084923307145,higher_better,,,yes,no,no,main_table,"Directly supports VK replacement, FSG, missing-modality robustness, or baseline comparison.",high
E:\Deskbook\Tea\HAR\outputs\eval\student_vk_random_all_combinations.csv,csv,full_combination,VK-RCD-HAR-Student-VK-Missing,lidar+mmwave,,protocol3,macro_f1,0.8956560977609562,higher_better,,,yes,no,no,main_table,"Directly supports VK replacement, FSG, missing-modality robustness, or baseline comparison.",high
E:\Deskbook\Tea\HAR\outputs\eval\student_vk_random_all_combinations.csv,csv,full_combination,VK-RCD-HAR-Student-VK-Missing,vk+depth+lidar,,protocol3,acc,0.8961528868936276,higher_better,,,yes,no,no,main_table,"Directly supports VK replacement, FSG, missing-modality robustness, or baseline comparison.",high
E:\Deskbook\Tea\HAR\outputs\eval\student_vk_random_all_combinations.csv,csv,full_combination,VK-RCD-HAR-Student-VK-Missing,vk+depth+lidar,,protocol3,macro_f1,0.8948876671118866,higher_better,,,yes,no,no,main_table,"Directly supports VK replacement, FSG, missing-modality robustness, or baseline comparison.",high
E:\Deskbook\Tea\HAR\outputs\eval\student_vk_random_all_combinations.csv,csv,full_combination,VK-RCD-HAR-Student-VK-Missing,vk+depth+mmwave,,protocol3,acc,0.9655505674024193,higher_better,,,yes,no,no,main_table,"Directly supports VK replacement, FSG, missing-modality robustness, or baseline comparison.",high
E:\Deskbook\Tea\HAR\outputs\eval\student_vk_random_all_combinations.csv,csv,full_combination,VK-RCD-HAR-Student-VK-Missing,vk+depth+mmwave,,protocol3,macro_f1,0.9654534589109676,higher_better,,,yes,no,no,main_table,"Directly supports VK replacement, FSG, missing-modality robustness, or baseline comparison.",high
E:\Deskbook\Tea\HAR\outputs\eval\student_vk_random_all_combinations.csv,csv,full_combination,VK-RCD-HAR-Student-VK-Missing,vk+lidar+mmwave,,protocol3,acc,0.9273288439955106,higher_better,,,yes,no,no,main_table,"Directly supports VK replacement, FSG, missing-modality robustness, or baseline comparison.",high
E:\Deskbook\Tea\HAR\outputs\eval\student_vk_random_all_combinations.csv,csv,full_combination,VK-RCD-HAR-Student-VK-Missing,vk+lidar+mmwave,,protocol3,macro_f1,0.9281219732473109,higher_better,,,yes,no,no,main_table,"Directly supports VK replacement, FSG, missing-modality robustness, or baseline comparison.",high
E:\Deskbook\Tea\HAR\outputs\eval\student_vk_random_all_combinations.csv,csv,full_combination,VK-RCD-HAR-Student-VK-Missing,depth+lidar+mmwave,,protocol3,acc,0.9643658810325477,higher_better,,,yes,no,no,main_table,"Directly supports VK replacement, FSG, missing-modality robustness, or baseline comparison.",high
E:\Deskbook\Tea\HAR\outputs\eval\student_vk_random_all_combinations.csv,csv,full_combination,VK-RCD-HAR-Student-VK-Missing,depth+lidar+mmwave,,protocol3,macro_f1,0.9642763390552818,higher_better,,,yes,no,no,main_table,"Directly supports VK replacement, FSG, missing-modality robustness, or baseline comparison.",high
E:\Deskbook\Tea\HAR\outputs\eval\student_vk_random_all_combinations.csv,csv,full_combination,VK-RCD-HAR-Student-VK-Missing,vk+depth+lidar+mmwave,,protocol3,acc,0.9655817433595212,higher_better,,,yes,no,no,main_table,"Directly supports VK replacement, FSG, missing-modality robustness, or baseline comparison.",high
E:\Deskbook\Tea\HAR\outputs\eval\student_vk_random_all_combinations.csv,csv,full_combination,VK-RCD-HAR-Student-VK-Missing,vk+depth+lidar+mmwave,,protocol3,macro_f1,0.965480639955339,higher_better,,,yes,no,no,main_table,"Directly supports VK replacement, FSG, missing-modality robustness, or baseline comparison.",high
E:\Deskbook\Tea\HAR\outputs\eval\student_vk_random_all_combinations.md,md,full_combination,VK-RMD Student-VK,,,random,,,,,,yes,no,no,main_table,Text/log parsed but no recognized metric pattern was found.,medium
E:\Deskbook\Tea\HAR\outputs\eval\student_vk_reliability_weights.csv,csv,reliability,VK-RMD Student-VK,,,,,,,,,yes,no,no,figure,CSV parsed but no recognized metric column was found.,high
E:\Deskbook\Tea\HAR\outputs\eval\teacher_cross_scene_all_combinations.csv,csv,cross_scene,VK-RCD-HAR-Teacher,vk,,protocol3,acc,0.04439456291308143,higher_better,,,yes,no,no,discussion,Parsed but not central to the main story.,high
E:\Deskbook\Tea\HAR\outputs\eval\teacher_cross_scene_all_combinations.csv,csv,cross_scene,VK-RCD-HAR-Teacher,vk,,protocol3,macro_f1,0.007889599719565075,higher_better,,,yes,no,no,discussion,Parsed but not central to the main story.,high
E:\Deskbook\Tea\HAR\outputs\eval\teacher_cross_scene_all_combinations.csv,csv,cross_scene,VK-RCD-HAR-Teacher,depth,,protocol3,acc,0.8486220226960968,higher_better,,,yes,no,no,discussion,Parsed but not central to the main story.,high
E:\Deskbook\Tea\HAR\outputs\eval\teacher_cross_scene_all_combinations.csv,csv,cross_scene,VK-RCD-HAR-Teacher,depth,,protocol3,macro_f1,0.8446752952770914,higher_better,,,yes,no,no,discussion,Parsed but not central to the main story.,high
E:\Deskbook\Tea\HAR\outputs\eval\teacher_cross_scene_all_combinations.csv,csv,cross_scene,VK-RCD-HAR-Teacher,lidar,,protocol3,acc,0.03959346551939145,higher_better,,,yes,no,no,discussion,Parsed but not central to the main story.,high
E:\Deskbook\Tea\HAR\outputs\eval\teacher_cross_scene_all_combinations.csv,csv,cross_scene,VK-RCD-HAR-Teacher,lidar,,protocol3,macro_f1,0.015046389048967945,higher_better,,,yes,no,no,discussion,Parsed but not central to the main story.,high
E:\Deskbook\Tea\HAR\outputs\eval\teacher_cross_scene_all_combinations.csv,csv,cross_scene,VK-RCD-HAR-Teacher,mmwave,,protocol3,acc,0.6111235814939519,higher_better,,,yes,no,no,discussion,Parsed but not central to the main story.,high
E:\Deskbook\Tea\HAR\outputs\eval\teacher_cross_scene_all_combinations.csv,csv,cross_scene,VK-RCD-HAR-Teacher,mmwave,,protocol3,macro_f1,0.5972816472702133,higher_better,,,yes,no,no,discussion,Parsed but not central to the main story.,high
E:\Deskbook\Tea\HAR\outputs\eval\teacher_cross_scene_all_combinations.csv,csv,cross_scene,VK-RCD-HAR-Teacher,vk+depth,,protocol3,acc,0.8521012595086669,higher_better,,,yes,no,no,discussion,Parsed but not central to the main story.,high
E:\Deskbook\Tea\HAR\outputs\eval\teacher_cross_scene_all_combinations.csv,csv,cross_scene,VK-RCD-HAR-Teacher,vk+depth,,protocol3,macro_f1,0.8496861554560533,higher_better,,,yes,no,no,discussion,Parsed but not central to the main story.,high
E:\Deskbook\Tea\HAR\outputs\eval\teacher_cross_scene_all_combinations.csv,csv,cross_scene,VK-RCD-HAR-Teacher,vk+lidar,,protocol3,acc,0.040092280833021576,higher_better,,,yes,no,no,discussion,Parsed but not central to the main story.,high
E:\Deskbook\Tea\HAR\outputs\eval\teacher_cross_scene_all_combinations.csv,csv,cross_scene,VK-RCD-HAR-Teacher,vk+lidar,,protocol3,macro_f1,0.014919421297792643,higher_better,,,yes,no,no,discussion,Parsed but not central to the main story.,high
E:\Deskbook\Tea\HAR\outputs\eval\teacher_cross_scene_all_combinations.csv,csv,cross_scene,VK-RCD-HAR-Teacher,vk+mmwave,,protocol3,acc,0.6085546826287567,higher_better,,,yes,no,no,discussion,Parsed but not central to the main story.,high
E:\Deskbook\Tea\HAR\outputs\eval\teacher_cross_scene_all_combinations.csv,csv,cross_scene,VK-RCD-HAR-Teacher,vk+mmwave,,protocol3,macro_f1,0.5943909075917657,higher_better,,,yes,no,no,discussion,Parsed but not central to the main story.,high
E:\Deskbook\Tea\HAR\outputs\eval\teacher_cross_scene_all_combinations.csv,csv,cross_scene,VK-RCD-HAR-Teacher,depth+lidar,,protocol3,acc,0.8433470507544581,higher_better,,,yes,no,no,discussion,Parsed but not central to the main story.,high
E:\Deskbook\Tea\HAR\outputs\eval\teacher_cross_scene_all_combinations.csv,csv,cross_scene,VK-RCD-HAR-Teacher,depth+lidar,,protocol3,macro_f1,0.8384093181101145,higher_better,,,yes,no,no,discussion,Parsed but not central to the main story.,high
E:\Deskbook\Tea\HAR\outputs\eval\teacher_cross_scene_all_combinations.csv,csv,cross_scene,VK-RCD-HAR-Teacher,depth+mmwave,,protocol3,acc,0.9507419877790249,higher_better,,,yes,no,no,discussion,Parsed but not central to the main story.,high
E:\Deskbook\Tea\HAR\outputs\eval\teacher_cross_scene_all_combinations.csv,csv,cross_scene,VK-RCD-HAR-Teacher,depth+mmwave,,protocol3,macro_f1,0.9510167725270763,higher_better,,,yes,no,no,discussion,Parsed but not central to the main story.,high
E:\Deskbook\Tea\HAR\outputs\eval\teacher_cross_scene_all_combinations.csv,csv,cross_scene,VK-RCD-HAR-Teacher,lidar+mmwave,,protocol3,acc,0.6048883900735753,higher_better,,,yes,no,no,discussion,Parsed but not central to the main story.,high
E:\Deskbook\Tea\HAR\outputs\eval\teacher_cross_scene_all_combinations.csv,csv,cross_scene,VK-RCD-HAR-Teacher,lidar+mmwave,,protocol3,macro_f1,0.5822829930041259,higher_better,,,yes,no,no,discussion,Parsed but not central to the main story.,high
E:\Deskbook\Tea\HAR\outputs\eval\teacher_cross_scene_all_combinations.csv,csv,cross_scene,VK-RCD-HAR-Teacher,vk+depth+lidar,,protocol3,acc,0.8486344930789376,higher_better,,,yes,no,no,discussion,Parsed but not central to the main story.,high
E:\Deskbook\Tea\HAR\outputs\eval\teacher_cross_scene_all_combinations.csv,csv,cross_scene,VK-RCD-HAR-Teacher,vk+depth+lidar,,protocol3,macro_f1,0.8457408045968763,higher_better,,,yes,no,no,discussion,Parsed but not central to the main story.,high
E:\Deskbook\Tea\HAR\outputs\eval\teacher_cross_scene_all_combinations.csv,csv,cross_scene,VK-RCD-HAR-Teacher,vk+depth+mmwave,,protocol3,acc,0.9496071829405163,higher_better,,,yes,no,no,discussion,Parsed but not central to the main story.,high
E:\Deskbook\Tea\HAR\outputs\eval\teacher_cross_scene_all_combinations.csv,csv,cross_scene,VK-RCD-HAR-Teacher,vk+depth+mmwave,,protocol3,macro_f1,0.9498856342581349,higher_better,,,yes,no,no,discussion,Parsed but not central to the main story.,high
E:\Deskbook\Tea\HAR\outputs\eval\teacher_cross_scene_all_combinations.csv,csv,cross_scene,VK-RCD-HAR-Teacher,vk+lidar+mmwave,,protocol3,acc,0.6115351041276967,higher_better,,,yes,no,no,discussion,Parsed but not central to the main story.,high
E:\Deskbook\Tea\HAR\outputs\eval\teacher_cross_scene_all_combinations.csv,csv,cross_scene,VK-RCD-HAR-Teacher,vk+lidar+mmwave,,protocol3,macro_f1,0.590237737444301,higher_better,,,yes,no,no,discussion,Parsed but not central to the main story.,high
E:\Deskbook\Tea\HAR\outputs\eval\teacher_cross_scene_all_combinations.csv,csv,cross_scene,VK-RCD-HAR-Teacher,depth+lidar+mmwave,,protocol3,acc,0.9483476742736002,higher_better,,,yes,no,no,discussion,Parsed but not central to the main story.,high
E:\Deskbook\Tea\HAR\outputs\eval\teacher_cross_scene_all_combinations.csv,csv,cross_scene,VK-RCD-HAR-Teacher,depth+lidar+mmwave,,protocol3,macro_f1,0.9486253591456799,higher_better,,,yes,no,no,discussion,Parsed but not central to the main story.,high
E:\Deskbook\Tea\HAR\outputs\eval\teacher_cross_scene_all_combinations.csv,csv,cross_scene,VK-RCD-HAR-Teacher,vk+depth+lidar+mmwave,,protocol3,acc,0.9479735627883776,higher_better,,,yes,no,no,discussion,Parsed but not central to the main story.,high
E:\Deskbook\Tea\HAR\outputs\eval\teacher_cross_scene_all_combinations.csv,csv,cross_scene,VK-RCD-HAR-Teacher,vk+depth+lidar+mmwave,,protocol3,macro_f1,0.9482669209387834,higher_better,,,yes,no,no,discussion,Parsed but not central to the main story.,high
E:\Deskbook\Tea\HAR\outputs\eval\teacher_cross_scene_all_combinations.md,md,cross_scene,full-modality teacher,,,cross-scene,,,,,,yes,no,no,discussion,Text/log parsed but no recognized metric pattern was found.,medium
E:\Deskbook\Tea\HAR\outputs\eval\teacher_cross_subject_all_combinations.csv,csv,cross_subject,VK-RCD-HAR-Teacher,vk,,protocol3,acc,0.0515182691108617,higher_better,,,yes,no,no,discussion,Parsed but not central to the main story.,high
E:\Deskbook\Tea\HAR\outputs\eval\teacher_cross_subject_all_combinations.csv,csv,cross_subject,VK-RCD-HAR-Teacher,vk,,protocol3,macro_f1,0.019992630930211423,higher_better,,,yes,no,no,discussion,Parsed but not central to the main story.,high
E:\Deskbook\Tea\HAR\outputs\eval\teacher_cross_subject_all_combinations.csv,csv,cross_subject,VK-RCD-HAR-Teacher,depth,,protocol3,acc,0.817433595211373,higher_better,,,yes,no,no,discussion,Parsed but not central to the main story.,high
E:\Deskbook\Tea\HAR\outputs\eval\teacher_cross_subject_all_combinations.csv,csv,cross_subject,VK-RCD-HAR-Teacher,depth,,protocol3,macro_f1,0.8024963481594417,higher_better,,,yes,no,no,discussion,Parsed but not central to the main story.,high
E:\Deskbook\Tea\HAR\outputs\eval\teacher_cross_subject_all_combinations.csv,csv,cross_subject,VK-RCD-HAR-Teacher,lidar,,protocol3,acc,0.03886083052749719,higher_better,,,yes,no,no,discussion,Parsed but not central to the main story.,high
E:\Deskbook\Tea\HAR\outputs\eval\teacher_cross_subject_all_combinations.csv,csv,cross_subject,VK-RCD-HAR-Teacher,lidar,,protocol3,macro_f1,0.027450737626588534,higher_better,,,yes,no,no,discussion,Parsed but not central to the main story.,high
E:\Deskbook\Tea\HAR\outputs\eval\teacher_cross_subject_all_combinations.csv,csv,cross_subject,VK-RCD-HAR-Teacher,mmwave,,protocol3,acc,0.7235316124205013,higher_better,,,yes,no,no,discussion,Parsed but not central to the main story.,high
E:\Deskbook\Tea\HAR\outputs\eval\teacher_cross_subject_all_combinations.csv,csv,cross_subject,VK-RCD-HAR-Teacher,mmwave,,protocol3,macro_f1,0.7175556912271359,higher_better,,,yes,no,no,discussion,Parsed but not central to the main story.,high
E:\Deskbook\Tea\HAR\outputs\eval\teacher_cross_subject_all_combinations.csv,csv,cross_subject,VK-RCD-HAR-Teacher,vk+depth,,protocol3,acc,0.8287192916822547,higher_better,,,yes,no,no,discussion,Parsed but not central to the main story.,high
E:\Deskbook\Tea\HAR\outputs\eval\teacher_cross_subject_all_combinations.csv,csv,cross_subject,VK-RCD-HAR-Teacher,vk+depth,,protocol3,macro_f1,0.8139265871613728,higher_better,,,yes,no,no,discussion,Parsed but not central to the main story.,high
E:\Deskbook\Tea\HAR\outputs\eval\teacher_cross_subject_all_combinations.csv,csv,cross_subject,VK-RCD-HAR-Teacher,vk+lidar,,protocol3,acc,0.04108991146028183,higher_better,,,yes,no,no,discussion,Parsed but not central to the main story.,high
E:\Deskbook\Tea\HAR\outputs\eval\teacher_cross_subject_all_combinations.csv,csv,cross_subject,VK-RCD-HAR-Teacher,vk+lidar,,protocol3,macro_f1,0.017494993026794303,higher_better,,,yes,no,no,discussion,Parsed but not central to the main story.,high
E:\Deskbook\Tea\HAR\outputs\eval\teacher_cross_subject_all_combinations.csv,csv,cross_subject,VK-RCD-HAR-Teacher,vk+mmwave,,protocol3,acc,0.695613542835765,higher_better,,,yes,no,no,discussion,Parsed but not central to the main story.,high
E:\Deskbook\Tea\HAR\outputs\eval\teacher_cross_subject_all_combinations.csv,csv,cross_subject,VK-RCD-HAR-Teacher,vk+mmwave,,protocol3,macro_f1,0.6895273144974203,higher_better,,,yes,no,no,discussion,Parsed but not central to the main story.,high
E:\Deskbook\Tea\HAR\outputs\eval\teacher_cross_subject_all_combinations.csv,csv,cross_subject,VK-RCD-HAR-Teacher,depth+lidar,,protocol3,acc,0.8245105374735004,higher_better,,,yes,no,no,discussion,Parsed but not central to the main story.,high
E:\Deskbook\Tea\HAR\outputs\eval\teacher_cross_subject_all_combinations.csv,csv,cross_subject,VK-RCD-HAR-Teacher,depth+lidar,,protocol3,macro_f1,0.8122989165322703,higher_better,,,yes,no,no,discussion,Parsed but not central to the main story.,high
E:\Deskbook\Tea\HAR\outputs\eval\teacher_cross_subject_all_combinations.csv,csv,cross_subject,VK-RCD-HAR-Teacher,depth+mmwave,,protocol3,acc,0.9574448185559297,higher_better,,,yes,no,no,discussion,Parsed but not central to the main story.,high
E:\Deskbook\Tea\HAR\outputs\eval\teacher_cross_subject_all_combinations.csv,csv,cross_subject,VK-RCD-HAR-Teacher,depth+mmwave,,protocol3,macro_f1,0.9571237855969729,higher_better,,,yes,no,no,discussion,Parsed but not central to the main story.,high
E:\Deskbook\Tea\HAR\outputs\eval\teacher_cross_subject_all_combinations.csv,csv,cross_subject,VK-RCD-HAR-Teacher,lidar+mmwave,,protocol3,acc,0.6974685122833271,higher_better,,,yes,no,no,discussion,Parsed but not central to the main story.,high
E:\Deskbook\Tea\HAR\outputs\eval\teacher_cross_subject_all_combinations.csv,csv,cross_subject,VK-RCD-HAR-Teacher,lidar+mmwave,,protocol3,macro_f1,0.6898805578016443,higher_better,,,yes,no,no,discussion,Parsed but not central to the main story.,high
E:\Deskbook\Tea\HAR\outputs\eval\teacher_cross_subject_all_combinations.csv,csv,cross_subject,VK-RCD-HAR-Teacher,vk+depth+lidar,,protocol3,acc,0.8284698840254395,higher_better,,,yes,no,no,discussion,Parsed but not central to the main story.,high
E:\Deskbook\Tea\HAR\outputs\eval\teacher_cross_subject_all_combinations.csv,csv,cross_subject,VK-RCD-HAR-Teacher,vk+depth+lidar,,protocol3,macro_f1,0.8161674690280027,higher_better,,,yes,no,no,discussion,Parsed but not central to the main story.,high
E:\Deskbook\Tea\HAR\outputs\eval\teacher_cross_subject_all_combinations.csv,csv,cross_subject,VK-RCD-HAR-Teacher,vk+depth+mmwave,,protocol3,acc,0.9572109988776656,higher_better,,,yes,no,no,discussion,Parsed but not central to the main story.,high
E:\Deskbook\Tea\HAR\outputs\eval\teacher_cross_subject_all_combinations.csv,csv,cross_subject,VK-RCD-HAR-Teacher,vk+depth+mmwave,,protocol3,macro_f1,0.9568777202261641,higher_better,,,yes,no,no,discussion,Parsed but not central to the main story.,high
E:\Deskbook\Tea\HAR\outputs\eval\teacher_cross_subject_all_combinations.csv,csv,cross_subject,VK-RCD-HAR-Teacher,vk+lidar+mmwave,,protocol3,acc,0.6926362389325352,higher_better,,,yes,no,no,discussion,Parsed but not central to the main story.,high
E:\Deskbook\Tea\HAR\outputs\eval\teacher_cross_subject_all_combinations.csv,csv,cross_subject,VK-RCD-HAR-Teacher,vk+lidar+mmwave,,protocol3,macro_f1,0.6844347689772099,higher_better,,,yes,no,no,discussion,Parsed but not central to the main story.,high
E:\Deskbook\Tea\HAR\outputs\eval\teacher_cross_subject_all_combinations.csv,csv,cross_subject,VK-RCD-HAR-Teacher,depth+lidar+mmwave,,protocol3,acc,0.9551066217732884,higher_better,,,yes,no,no,discussion,Parsed but not central to the main story.,high
E:\Deskbook\Tea\HAR\outputs\eval\teacher_cross_subject_all_combinations.csv,csv,cross_subject,VK-RCD-HAR-Teacher,depth+lidar+mmwave,,protocol3,macro_f1,0.9546524215577551,higher_better,,,yes,no,no,discussion,Parsed but not central to the main story.,high
E:\Deskbook\Tea\HAR\outputs\eval\teacher_cross_subject_all_combinations.csv,csv,cross_subject,VK-RCD-HAR-Teacher,vk+depth+lidar+mmwave,,protocol3,acc,0.955215737623145,higher_better,,,yes,no,no,discussion,Parsed but not central to the main story.,high
E:\Deskbook\Tea\HAR\outputs\eval\teacher_cross_subject_all_combinations.csv,csv,cross_subject,VK-RCD-HAR-Teacher,vk+depth+lidar+mmwave,,protocol3,macro_f1,0.9547504700278311,higher_better,,,yes,no,no,discussion,Parsed but not central to the main story.,high
E:\Deskbook\Tea\HAR\outputs\eval\teacher_cross_subject_all_combinations.md,md,cross_subject,full-modality teacher,,,cross-subject,,,,,,yes,no,no,discussion,Text/log parsed but no recognized metric pattern was found.,medium
E:\Deskbook\Tea\HAR\outputs\eval\teacher_random_all_combinations.csv,csv,HAR,VK-RCD-HAR-Teacher,vk,,protocol3,acc,0.034044145155256264,higher_better,,,yes,no,no,main_table,"Directly supports VK replacement, FSG, missing-modality robustness, or baseline comparison.",high
E:\Deskbook\Tea\HAR\outputs\eval\teacher_random_all_combinations.csv,csv,HAR,VK-RCD-HAR-Teacher,vk,,protocol3,macro_f1,0.004525827465489041,higher_better,,,yes,no,no,main_table,"Directly supports VK replacement, FSG, missing-modality robustness, or baseline comparison.",high
E:\Deskbook\Tea\HAR\outputs\eval\teacher_random_all_combinations.csv,csv,HAR,VK-RCD-HAR-Teacher,depth,,protocol3,acc,0.8371056241426612,higher_better,,,yes,no,no,main_table,"Directly supports VK replacement, FSG, missing-modality robustness, or baseline comparison.",high
E:\Deskbook\Tea\HAR\outputs\eval\teacher_random_all_combinations.csv,csv,HAR,VK-RCD-HAR-Teacher,depth,,protocol3,macro_f1,0.827998914699092,higher_better,,,yes,no,no,main_table,"Directly supports VK replacement, FSG, missing-modality robustness, or baseline comparison.",high
E:\Deskbook\Tea\HAR\outputs\eval\teacher_random_all_combinations.csv,csv,HAR,VK-RCD-HAR-Teacher,lidar,,protocol3,acc,0.03359209377727896,higher_better,,,yes,no,no,main_table,"Directly supports VK replacement, FSG, missing-modality robustness, or baseline comparison.",high
E:\Deskbook\Tea\HAR\outputs\eval\teacher_random_all_combinations.csv,csv,HAR,VK-RCD-HAR-Teacher,lidar,,protocol3,macro_f1,0.011713363938795471,higher_better,,,yes,no,no,main_table,"Directly supports VK replacement, FSG, missing-modality robustness, or baseline comparison.",high
E:\Deskbook\Tea\HAR\outputs\eval\teacher_random_all_combinations.csv,csv,HAR,VK-RCD-HAR-Teacher,mmwave,,protocol3,acc,0.6671654819802968,higher_better,,,yes,no,no,main_table,"Directly supports VK replacement, FSG, missing-modality robustness, or baseline comparison.",high
E:\Deskbook\Tea\HAR\outputs\eval\teacher_random_all_combinations.csv,csv,HAR,VK-RCD-HAR-Teacher,mmwave,,protocol3,macro_f1,0.6477768956119198,higher_better,,,yes,no,no,main_table,"Directly supports VK replacement, FSG, missing-modality robustness, or baseline comparison.",high
E:\Deskbook\Tea\HAR\outputs\eval\teacher_random_all_combinations.csv,csv,HAR,VK-RCD-HAR-Teacher,vk+depth,,protocol3,acc,0.835001247038284,higher_better,,,yes,no,no,main_table,"Directly supports VK replacement, FSG, missing-modality robustness, or baseline comparison.",high
E:\Deskbook\Tea\HAR\outputs\eval\teacher_random_all_combinations.csv,csv,HAR,VK-RCD-HAR-Teacher,vk+depth,,protocol3,macro_f1,0.825991079824706,higher_better,,,yes,no,no,main_table,"Directly supports VK replacement, FSG, missing-modality robustness, or baseline comparison.",high
E:\Deskbook\Tea\HAR\outputs\eval\teacher_random_all_combinations.csv,csv,HAR,VK-RCD-HAR-Teacher,vk+lidar,,protocol3,acc,0.0391258261628632,higher_better,,,yes,no,no,main_table,"Directly supports VK replacement, FSG, missing-modality robustness, or baseline comparison.",high
E:\Deskbook\Tea\HAR\outputs\eval\teacher_random_all_combinations.csv,csv,HAR,VK-RCD-HAR-Teacher,vk+lidar,,protocol3,macro_f1,0.01312246495435426,higher_better,,,yes,no,no,main_table,"Directly supports VK replacement, FSG, missing-modality robustness, or baseline comparison.",high
E:\Deskbook\Tea\HAR\outputs\eval\teacher_random_all_combinations.csv,csv,HAR,VK-RCD-HAR-Teacher,vk+mmwave,,protocol3,acc,0.6645934655193915,higher_better,,,yes,no,no,main_table,"Directly supports VK replacement, FSG, missing-modality robustness, or baseline comparison.",high
E:\Deskbook\Tea\HAR\outputs\eval\teacher_random_all_combinations.csv,csv,HAR,VK-RCD-HAR-Teacher,vk+mmwave,,protocol3,macro_f1,0.6367127196270158,higher_better,,,yes,no,no,main_table,"Directly supports VK replacement, FSG, missing-modality robustness, or baseline comparison.",high
E:\Deskbook\Tea\HAR\outputs\eval\teacher_random_all_combinations.csv,csv,HAR,VK-RCD-HAR-Teacher,depth+lidar,,protocol3,acc,0.8336606808829031,higher_better,,,yes,no,no,main_table,"Directly supports VK replacement, FSG, missing-modality robustness, or baseline comparison.",high
E:\Deskbook\Tea\HAR\outputs\eval\teacher_random_all_combinations.csv,csv,HAR,VK-RCD-HAR-Teacher,depth+lidar,,protocol3,macro_f1,0.8254397836331109,higher_better,,,yes,no,no,main_table,"Directly supports VK replacement, FSG, missing-modality robustness, or baseline comparison.",high
E:\Deskbook\Tea\HAR\outputs\eval\teacher_random_all_combinations.csv,csv,HAR,VK-RCD-HAR-Teacher,depth+mmwave,,protocol3,acc,0.9575539344057863,higher_better,,,yes,no,no,main_table,"Directly supports VK replacement, FSG, missing-modality robustness, or baseline comparison.",high
E:\Deskbook\Tea\HAR\outputs\eval\teacher_random_all_combinations.csv,csv,HAR,VK-RCD-HAR-Teacher,depth+mmwave,,protocol3,macro_f1,0.9574493914175588,higher_better,,,yes,no,no,main_table,"Directly supports VK replacement, FSG, missing-modality robustness, or baseline comparison.",high
E:\Deskbook\Tea\HAR\outputs\eval\teacher_random_all_combinations.csv,csv,HAR,VK-RCD-HAR-Teacher,lidar+mmwave,,protocol3,acc,0.6669004863449308,higher_better,,,yes,no,no,main_table,"Directly supports VK replacement, FSG, missing-modality robustness, or baseline comparison.",high
E:\Deskbook\Tea\HAR\outputs\eval\teacher_random_all_combinations.csv,csv,HAR,VK-RCD-HAR-Teacher,lidar+mmwave,,protocol3,macro_f1,0.6396399935714006,higher_better,,,yes,no,no,main_table,"Directly supports VK replacement, FSG, missing-modality robustness, or baseline comparison.",high
E:\Deskbook\Tea\HAR\outputs\eval\teacher_random_all_combinations.csv,csv,HAR,VK-RCD-HAR-Teacher,vk+depth+lidar,,protocol3,acc,0.8366379847861329,higher_better,,,yes,no,no,main_table,"Directly supports VK replacement, FSG, missing-modality robustness, or baseline comparison.",high
E:\Deskbook\Tea\HAR\outputs\eval\teacher_random_all_combinations.csv,csv,HAR,VK-RCD-HAR-Teacher,vk+depth+lidar,,protocol3,macro_f1,0.8291399808340537,higher_better,,,yes,no,no,main_table,"Directly supports VK replacement, FSG, missing-modality robustness, or baseline comparison.",high
E:\Deskbook\Tea\HAR\outputs\eval\teacher_random_all_combinations.csv,csv,HAR,VK-RCD-HAR-Teacher,vk+depth+mmwave,,protocol3,acc,0.9565718917570769,higher_better,,,yes,no,no,main_table,"Directly supports VK replacement, FSG, missing-modality robustness, or baseline comparison.",high
E:\Deskbook\Tea\HAR\outputs\eval\teacher_random_all_combinations.csv,csv,HAR,VK-RCD-HAR-Teacher,vk+depth+mmwave,,protocol3,macro_f1,0.9564623313183902,higher_better,,,yes,no,no,main_table,"Directly supports VK replacement, FSG, missing-modality robustness, or baseline comparison.",high
E:\Deskbook\Tea\HAR\outputs\eval\teacher_random_all_combinations.csv,csv,HAR,VK-RCD-HAR-Teacher,vk+lidar+mmwave,,protocol3,acc,0.6639075944631501,higher_better,,,yes,no,no,main_table,"Directly supports VK replacement, FSG, missing-modality robustness, or baseline comparison.",high
E:\Deskbook\Tea\HAR\outputs\eval\teacher_random_all_combinations.csv,csv,HAR,VK-RCD-HAR-Teacher,vk+lidar+mmwave,,protocol3,macro_f1,0.6335606644537507,higher_better,,,yes,no,no,main_table,"Directly supports VK replacement, FSG, missing-modality robustness, or baseline comparison.",high
E:\Deskbook\Tea\HAR\outputs\eval\teacher_random_all_combinations.csv,csv,HAR,VK-RCD-HAR-Teacher,depth+lidar+mmwave,,protocol3,acc,0.9563536600573638,higher_better,,,yes,no,no,main_table,"Directly supports VK replacement, FSG, missing-modality robustness, or baseline comparison.",high
E:\Deskbook\Tea\HAR\outputs\eval\teacher_random_all_combinations.csv,csv,HAR,VK-RCD-HAR-Teacher,depth+lidar+mmwave,,protocol3,macro_f1,0.9562521619768771,higher_better,,,yes,no,no,main_table,"Directly supports VK replacement, FSG, missing-modality robustness, or baseline comparison.",high
E:\Deskbook\Tea\HAR\outputs\eval\teacher_random_all_combinations.csv,csv,HAR,VK-RCD-HAR-Teacher,vk+depth+lidar+mmwave,,protocol3,acc,0.9557301409153262,higher_better,,,yes,no,no,main_table,"Directly supports VK replacement, FSG, missing-modality robustness, or baseline comparison.",high
E:\Deskbook\Tea\HAR\outputs\eval\teacher_random_all_combinations.csv,csv,HAR,VK-RCD-HAR-Teacher,vk+depth+lidar+mmwave,,protocol3,macro_f1,0.955627969583118,higher_better,,,yes,no,no,main_table,"Directly supports VK replacement, FSG, missing-modality robustness, or baseline comparison.",high
E:\Deskbook\Tea\HAR\outputs\eval\teacher_random_all_combinations.md,md,HAR,full-modality teacher,,,random,,,,,,yes,no,no,main_table,Text/log parsed but no recognized metric pattern was found.,medium
E:\Deskbook\Tea\HAR\outputs\student_nv_missing\dependencies.txt,txt,student_vk_nv,VK-RMD Student-NV,,,,,,,,,yes,no,no,main_table,Text/log parsed but no recognized metric pattern was found.,medium
E:\Deskbook\Tea\HAR\outputs\student_nv_missing\epoch_history.csv,csv,student_vk_nv,VK-RMD Student-NV,,,,,,,,,yes,no,no,main_table,CSV parsed but no recognized metric column was found.,high
E:\Deskbook\Tea\HAR\outputs\student_nv_missing\experiment_info.json,json,student_vk_nv,VK-RMD Student-NV,,,,,,,,,yes,no,no,main_table,JSON parsed but no recognized metric key was found.,high
E:\Deskbook\Tea\HAR\outputs\student_nv_missing\final_eval.csv,csv,student_vk_nv,VK-RCD-HAR-Student-NV-Missing,depth+lidar+mmwave,,protocol3,acc,0.9612171093652575,higher_better,,,yes,no,no,main_table,"Directly supports VK replacement, FSG, missing-modality robustness, or baseline comparison.",high
E:\Deskbook\Tea\HAR\outputs\student_nv_missing\final_eval.csv,csv,student_vk_nv,VK-RCD-HAR-Student-NV-Missing,depth+lidar+mmwave,,protocol3,macro_f1,0.9613128219383972,higher_better,,,yes,no,no,main_table,"Directly supports VK replacement, FSG, missing-modality robustness, or baseline comparison.",high
E:\Deskbook\Tea\HAR\outputs\student_nv_missing\final_eval.md,md,student_vk_nv,VK-RMD Student-NV,,,,,,,,,yes,no,no,main_table,Text/log parsed but no recognized metric pattern was found.,medium
E:\Deskbook\Tea\HAR\outputs\student_nv_missing\final_summary.json,json,student_vk_nv,VK-RMD Student-NV,,,,acc,0.9612171093652575,higher_better,,,yes,no,no,main_table,"Directly supports VK replacement, FSG, missing-modality robustness, or baseline comparison.",high
E:\Deskbook\Tea\HAR\outputs\student_nv_missing\final_summary.json,json,student_vk_nv,VK-RMD Student-NV,,,,macro_f1,0.9613128219383972,higher_better,,,yes,no,no,main_table,"Directly supports VK replacement, FSG, missing-modality robustness, or baseline comparison.",high
E:\Deskbook\Tea\HAR\outputs\student_nv_missing_cross_scene\dependencies.txt,txt,cross_scene,VK-RMD Student-NV,,,cross-scene,,,,,,yes,no,no,discussion,Text/log parsed but no recognized metric pattern was found.,medium
E:\Deskbook\Tea\HAR\outputs\student_nv_missing_cross_scene\epoch_history.csv,csv,cross_scene,VK-RMD Student-NV,,,cross-scene,,,,,,yes,no,no,discussion,CSV parsed but no recognized metric column was found.,high
E:\Deskbook\Tea\HAR\outputs\student_nv_missing_cross_scene\experiment_info.json,json,cross_scene,VK-RMD Student-NV,,,cross-scene,,,,,,yes,no,no,discussion,JSON parsed but no recognized metric key was found.,high
E:\Deskbook\Tea\HAR\outputs\student_nv_missing_cross_scene\final_eval.csv,csv,cross_scene,VK-RCD-HAR-Student-NV-Missing,depth+lidar+mmwave,,protocol3,acc,0.9540840503803467,higher_better,,,yes,no,no,discussion,Parsed but not central to the main story.,high
E:\Deskbook\Tea\HAR\outputs\student_nv_missing_cross_scene\final_eval.csv,csv,cross_scene,VK-RCD-HAR-Student-NV-Missing,depth+lidar+mmwave,,protocol3,macro_f1,0.9540130168289518,higher_better,,,yes,no,no,discussion,Parsed but not central to the main story.,high
E:\Deskbook\Tea\HAR\outputs\student_nv_missing_cross_scene\final_eval.md,md,cross_scene,VK-RMD Student-NV,,,cross-scene,,,,,,yes,no,no,discussion,Text/log parsed but no recognized metric pattern was found.,medium
E:\Deskbook\Tea\HAR\outputs\student_nv_missing_cross_scene\final_summary.json,json,cross_scene,VK-RMD Student-NV,,,cross-scene,acc,0.9540840503803467,higher_better,,,yes,no,no,discussion,Parsed but not central to the main story.,high
E:\Deskbook\Tea\HAR\outputs\student_nv_missing_cross_scene\final_summary.json,json,cross_scene,VK-RMD Student-NV,,,cross-scene,macro_f1,0.9540130168289518,higher_better,,,yes,no,no,discussion,Parsed but not central to the main story.,high
E:\Deskbook\Tea\HAR\outputs\student_nv_missing_cross_subject\dependencies.txt,txt,cross_subject,VK-RMD Student-NV,,,cross-subject,,,,,,yes,no,no,discussion,Text/log parsed but no recognized metric pattern was found.,medium
E:\Deskbook\Tea\HAR\outputs\student_nv_missing_cross_subject\epoch_history.csv,csv,cross_subject,VK-RMD Student-NV,,,cross-subject,,,,,,yes,no,no,discussion,CSV parsed but no recognized metric column was found.,high
E:\Deskbook\Tea\HAR\outputs\student_nv_missing_cross_subject\experiment_info.json,json,cross_subject,VK-RMD Student-NV,,,cross-subject,,,,,,yes,no,no,discussion,JSON parsed but no recognized metric key was found.,high
E:\Deskbook\Tea\HAR\outputs\student_nv_missing_cross_subject\final_eval.csv,csv,cross_subject,VK-RCD-HAR-Student-NV-Missing,depth+lidar+mmwave,,protocol3,acc,0.9566186556927297,higher_better,,,yes,no,no,discussion,Parsed but not central to the main story.,high
E:\Deskbook\Tea\HAR\outputs\student_nv_missing_cross_subject\final_eval.csv,csv,cross_subject,VK-RCD-HAR-Student-NV-Missing,depth+lidar+mmwave,,protocol3,macro_f1,0.9563550309474711,higher_better,,,yes,no,no,discussion,Parsed but not central to the main story.,high
E:\Deskbook\Tea\HAR\outputs\student_nv_missing_cross_subject\final_eval.md,md,cross_subject,VK-RMD Student-NV,,,cross-subject,,,,,,yes,no,no,discussion,Text/log parsed but no recognized metric pattern was found.,medium
E:\Deskbook\Tea\HAR\outputs\student_nv_missing_cross_subject\final_summary.json,json,cross_subject,VK-RMD Student-NV,,,cross-subject,acc,0.9566186556927297,higher_better,,,yes,no,no,discussion,Parsed but not central to the main story.,high
E:\Deskbook\Tea\HAR\outputs\student_nv_missing_cross_subject\final_summary.json,json,cross_subject,VK-RMD Student-NV,,,cross-subject,macro_f1,0.9563550309474711,higher_better,,,yes,no,no,discussion,Parsed but not central to the main story.,high
E:\Deskbook\Tea\HAR\outputs\student_vk_missing\dependencies.txt,txt,full_combination,VK-RMD Student-VK,,,,,,,,,yes,no,no,main_table,Text/log parsed but no recognized metric pattern was found.,medium
E:\Deskbook\Tea\HAR\outputs\student_vk_missing\epoch_history.csv,csv,full_combination,VK-RMD Student-VK,,,,,,,,,yes,no,no,main_table,CSV parsed but no recognized metric column was found.,high
E:\Deskbook\Tea\HAR\outputs\student_vk_missing\experiment_info.json,json,full_combination,VK-RMD Student-VK,,,,,,,,,yes,no,no,main_table,JSON parsed but no recognized metric key was found.,high
E:\Deskbook\Tea\HAR\outputs\student_vk_missing\final_eval.csv,csv,full_combination,VK-RCD-HAR-Student-VK-Missing,vk+depth+lidar+mmwave,,protocol3,acc,0.9653790996383589,higher_better,,,yes,no,no,main_table,"Directly supports VK replacement, FSG, missing-modality robustness, or baseline comparison.",high
E:\Deskbook\Tea\HAR\outputs\student_vk_missing\final_eval.csv,csv,full_combination,VK-RCD-HAR-Student-VK-Missing,vk+depth+lidar+mmwave,,protocol3,macro_f1,0.9652812674667608,higher_better,,,yes,no,no,main_table,"Directly supports VK replacement, FSG, missing-modality robustness, or baseline comparison.",high
E:\Deskbook\Tea\HAR\outputs\student_vk_missing\final_eval.md,md,full_combination,VK-RMD Student-VK,,,,,,,,,yes,no,no,main_table,Text/log parsed but no recognized metric pattern was found.,medium
E:\Deskbook\Tea\HAR\outputs\student_vk_missing\final_summary.json,json,full_combination,VK-RMD Student-VK,,,,acc,0.9653790996383589,higher_better,,,yes,no,no,main_table,"Directly supports VK replacement, FSG, missing-modality robustness, or baseline comparison.",high
E:\Deskbook\Tea\HAR\outputs\student_vk_missing\final_summary.json,json,full_combination,VK-RMD Student-VK,,,,macro_f1,0.9652812674667608,higher_better,,,yes,no,no,main_table,"Directly supports VK replacement, FSG, missing-modality robustness, or baseline comparison.",high
E:\Deskbook\Tea\HAR\outputs\student_vk_missing_cross_scene\dependencies.txt,txt,cross_scene,VK-RMD Student-VK,,,cross-scene,,,,,,yes,no,no,discussion,Text/log parsed but no recognized metric pattern was found.,medium
E:\Deskbook\Tea\HAR\outputs\student_vk_missing_cross_scene\epoch_history.csv,csv,cross_scene,VK-RMD Student-VK,,,cross-scene,,,,,,yes,no,no,discussion,CSV parsed but no recognized metric column was found.,high
E:\Deskbook\Tea\HAR\outputs\student_vk_missing_cross_scene\experiment_info.json,json,cross_scene,VK-RMD Student-VK,,,cross-scene,,,,,,yes,no,no,discussion,JSON parsed but no recognized metric key was found.,high
E:\Deskbook\Tea\HAR\outputs\student_vk_missing_cross_scene\final_eval.csv,csv,cross_scene,VK-RCD-HAR-Student-VK-Missing,vk+depth+lidar+mmwave,,protocol3,acc,0.9612482853223594,higher_better,,,yes,no,no,discussion,Parsed but not central to the main story.,high
E:\Deskbook\Tea\HAR\outputs\student_vk_missing_cross_scene\final_eval.csv,csv,cross_scene,VK-RCD-HAR-Student-VK-Missing,vk+depth+lidar+mmwave,,protocol3,macro_f1,0.9610118906470903,higher_better,,,yes,no,no,discussion,Parsed but not central to the main story.,high
E:\Deskbook\Tea\HAR\outputs\student_vk_missing_cross_scene\final_eval.md,md,cross_scene,VK-RMD Student-VK,,,cross-scene,,,,,,yes,no,no,discussion,Text/log parsed but no recognized metric pattern was found.,medium
E:\Deskbook\Tea\HAR\outputs\student_vk_missing_cross_scene\final_summary.json,json,cross_scene,VK-RMD Student-VK,,,cross-scene,acc,0.9612482853223594,higher_better,,,yes,no,no,discussion,Parsed but not central to the main story.,high
E:\Deskbook\Tea\HAR\outputs\student_vk_missing_cross_scene\final_summary.json,json,cross_scene,VK-RMD Student-VK,,,cross-scene,macro_f1,0.9610118906470903,higher_better,,,yes,no,no,discussion,Parsed but not central to the main story.,high
E:\Deskbook\Tea\HAR\outputs\student_vk_missing_cross_subject\dependencies.txt,txt,cross_subject,VK-RMD Student-VK,,,cross-subject,,,,,,yes,no,no,discussion,Text/log parsed but no recognized metric pattern was found.,medium
E:\Deskbook\Tea\HAR\outputs\student_vk_missing_cross_subject\epoch_history.csv,csv,cross_subject,VK-RMD Student-VK,,,cross-subject,,,,,,yes,no,no,discussion,CSV parsed but no recognized metric column was found.,high
E:\Deskbook\Tea\HAR\outputs\student_vk_missing_cross_subject\experiment_info.json,json,cross_subject,VK-RMD Student-VK,,,cross-subject,,,,,,yes,no,no,discussion,JSON parsed but no recognized metric key was found.,high
E:\Deskbook\Tea\HAR\outputs\student_vk_missing_cross_subject\final_eval.csv,csv,cross_subject,VK-RCD-HAR-Student-VK-Missing,vk+depth+lidar+mmwave,,protocol3,acc,0.9612482853223594,higher_better,,,yes,no,no,discussion,Parsed but not central to the main story.,high
E:\Deskbook\Tea\HAR\outputs\student_vk_missing_cross_subject\final_eval.csv,csv,cross_subject,VK-RCD-HAR-Student-VK-Missing,vk+depth+lidar+mmwave,,protocol3,macro_f1,0.9610118906470903,higher_better,,,yes,no,no,discussion,Parsed but not central to the main story.,high
E:\Deskbook\Tea\HAR\outputs\student_vk_missing_cross_subject\final_eval.md,md,cross_subject,VK-RMD Student-VK,,,cross-subject,,,,,,yes,no,no,discussion,Text/log parsed but no recognized metric pattern was found.,medium
E:\Deskbook\Tea\HAR\outputs\student_vk_missing_cross_subject\final_summary.json,json,cross_subject,VK-RMD Student-VK,,,cross-subject,acc,0.9612482853223594,higher_better,,,yes,no,no,discussion,Parsed but not central to the main story.,high
E:\Deskbook\Tea\HAR\outputs\student_vk_missing_cross_subject\final_summary.json,json,cross_subject,VK-RMD Student-VK,,,cross-subject,macro_f1,0.9610118906470903,higher_better,,,yes,no,no,discussion,Parsed but not central to the main story.,high
E:\Deskbook\Tea\HAR\outputs\teacher_full\dependencies.txt,txt,HAR,full-modality teacher,,,,,,,,,yes,no,no,main_table,Text/log parsed but no recognized metric pattern was found.,medium
E:\Deskbook\Tea\HAR\outputs\teacher_full\epoch_history.csv,csv,HAR,full-modality teacher,,,,,,,,,yes,no,no,main_table,CSV parsed but no recognized metric column was found.,high
E:\Deskbook\Tea\HAR\outputs\teacher_full\experiment_info.json,json,HAR,full-modality teacher,,,,,,,,,yes,no,no,main_table,JSON parsed but no recognized metric key was found.,high
E:\Deskbook\Tea\HAR\outputs\teacher_full\final_eval.csv,csv,HAR,VK-RCD-HAR-Teacher,vk+depth+lidar+mmwave,,protocol3,acc,0.955745728893877,higher_better,,,yes,no,no,main_table,"Directly supports VK replacement, FSG, missing-modality robustness, or baseline comparison.",high
E:\Deskbook\Tea\HAR\outputs\teacher_full\final_eval.csv,csv,HAR,VK-RCD-HAR-Teacher,vk+depth+lidar+mmwave,,protocol3,macro_f1,0.9556395587676002,higher_better,,,yes,no,no,main_table,"Directly supports VK replacement, FSG, missing-modality robustness, or baseline comparison.",high
E:\Deskbook\Tea\HAR\outputs\teacher_full\final_eval.md,md,HAR,full-modality teacher,,,,,,,,,yes,no,no,main_table,Text/log parsed but no recognized metric pattern was found.,medium
E:\Deskbook\Tea\HAR\outputs\teacher_full\final_summary.json,json,HAR,full-modality teacher,,,,acc,0.955745728893877,higher_better,,,yes,no,no,main_table,"Directly supports VK replacement, FSG, missing-modality robustness, or baseline comparison.",high
E:\Deskbook\Tea\HAR\outputs\teacher_full\final_summary.json,json,HAR,full-modality teacher,,,,macro_f1,0.9556395587676002,higher_better,,,yes,no,no,main_table,"Directly supports VK replacement, FSG, missing-modality robustness, or baseline comparison.",high
E:\Deskbook\Tea\HAR\outputs\teacher_full_cross_scene\epoch_history.csv,csv,cross_scene,full-modality teacher,,,cross-scene,,,,,,yes,no,no,discussion,CSV parsed but no recognized metric column was found.,high
E:\Deskbook\Tea\HAR\outputs\teacher_full_cross_scene\experiment_info.json,json,cross_scene,full-modality teacher,,,cross-scene,,,,,,yes,no,no,discussion,JSON parsed but no recognized metric key was found.,high
E:\Deskbook\Tea\HAR\outputs\teacher_full_cross_scene\final_eval.csv,csv,cross_scene,VK-RCD-HAR-Teacher,vk+depth+lidar+mmwave,,protocol3,acc,0.9480234443197406,higher_better,,,yes,no,no,discussion,Parsed but not central to the main story.,high
E:\Deskbook\Tea\HAR\outputs\teacher_full_cross_scene\final_eval.csv,csv,cross_scene,VK-RCD-HAR-Teacher,vk+depth+lidar+mmwave,,protocol3,macro_f1,0.9483161854633461,higher_better,,,yes,no,no,discussion,Parsed but not central to the main story.,high
E:\Deskbook\Tea\HAR\outputs\teacher_full_cross_scene\final_eval.md,md,cross_scene,full-modality teacher,,,cross-scene,,,,,,yes,no,no,discussion,Text/log parsed but no recognized metric pattern was found.,medium
E:\Deskbook\Tea\HAR\outputs\teacher_full_cross_scene\final_summary.json,json,cross_scene,full-modality teacher,,,cross-scene,acc,0.9480234443197406,higher_better,,,yes,no,no,discussion,Parsed but not central to the main story.,high
E:\Deskbook\Tea\HAR\outputs\teacher_full_cross_scene\final_summary.json,json,cross_scene,full-modality teacher,,,cross-scene,macro_f1,0.9483161854633461,higher_better,,,yes,no,no,discussion,Parsed but not central to the main story.,high
E:\Deskbook\Tea\HAR\outputs\teacher_full_cross_subject\dependencies.txt,txt,cross_subject,full-modality teacher,,,cross-subject,,,,,,yes,no,no,discussion,Text/log parsed but no recognized metric pattern was found.,medium
E:\Deskbook\Tea\HAR\outputs\teacher_full_cross_subject\epoch_history.csv,csv,cross_subject,full-modality teacher,,,cross-subject,,,,,,yes,no,no,discussion,CSV parsed but no recognized metric column was found.,high
E:\Deskbook\Tea\HAR\outputs\teacher_full_cross_subject\experiment_info.json,json,cross_subject,full-modality teacher,,,cross-subject,,,,,,yes,no,no,discussion,JSON parsed but no recognized metric key was found.,high
E:\Deskbook\Tea\HAR\outputs\teacher_full_cross_subject\final_eval.csv,csv,cross_subject,VK-RCD-HAR-Student-VK-Missing,vk+depth+lidar+mmwave,,protocol3,acc,0.9612482853223594,higher_better,,,yes,no,no,discussion,Parsed but not central to the main story.,high
E:\Deskbook\Tea\HAR\outputs\teacher_full_cross_subject\final_eval.csv,csv,cross_subject,VK-RCD-HAR-Student-VK-Missing,vk+depth+lidar+mmwave,,protocol3,macro_f1,0.9610118906470903,higher_better,,,yes,no,no,discussion,Parsed but not central to the main story.,high
E:\Deskbook\Tea\HAR\outputs\teacher_full_cross_subject\final_eval.md,md,cross_subject,full-modality teacher,,,cross-subject,,,,,,yes,no,no,discussion,Text/log parsed but no recognized metric pattern was found.,medium
E:\Deskbook\Tea\HAR\outputs\teacher_full_cross_subject\final_summary.json,json,cross_subject,full-modality teacher,,,cross-subject,acc,0.9612482853223594,higher_better,,,yes,no,no,discussion,Parsed but not central to the main story.,high
E:\Deskbook\Tea\HAR\outputs\teacher_full_cross_subject\final_summary.json,json,cross_subject,full-modality teacher,,,cross-subject,macro_f1,0.9610118906470903,higher_better,,,yes,no,no,discussion,Parsed but not central to the main story.,high
E:\Deskbook\Tea\HAR\outputs\supplemental_runs\20260501_141838\manifest.json,json,HAR,manifest,,,,,,,,,yes,no,no,main_table,JSON parsed but no recognized metric key was found.,high
E:\Deskbook\Tea\HAR\outputs\supplemental_runs\20260501_141838\status.csv,csv,HAR,status,,,,,,,,,yes,no,no,main_table,CSV parsed but no recognized metric column was found.,high
E:\Deskbook\Tea\HAR\outputs\pipeline_runs\20260429_182654\ablation_no_distill.log,log,ablation,w/o distillation,,,,loss,1.370335,,,,yes,no,no,ablation_table,Metric extracted from text/log pattern.,medium
E:\Deskbook\Tea\HAR\outputs\pipeline_runs\20260429_182654\ablation_no_distill.log,log,ablation,w/o distillation,,,,acc,0.000000,higher_better,,,yes,no,no,ablation_table,Metric extracted from text/log pattern.,medium
E:\Deskbook\Tea\HAR\outputs\pipeline_runs\20260429_182654\ablation_no_distill.log,log,ablation,w/o distillation,,,,loss,0.929943,,,,yes,no,no,ablation_table,Metric extracted from text/log pattern.,medium
E:\Deskbook\Tea\HAR\outputs\pipeline_runs\20260429_182654\ablation_no_distill.log,log,ablation,w/o distillation,,,,acc,0.000000,higher_better,,,yes,no,no,ablation_table,Metric extracted from text/log pattern.,medium
E:\Deskbook\Tea\HAR\outputs\pipeline_runs\20260429_182654\ablation_no_distill.log,log,ablation,w/o distillation,,,,loss,0.842701,,,,yes,no,no,ablation_table,Metric extracted from text/log pattern.,medium
E:\Deskbook\Tea\HAR\outputs\pipeline_runs\20260429_182654\ablation_no_distill.log,log,ablation,w/o distillation,,,,acc,0.000000,higher_better,,,yes,no,no,ablation_table,Metric extracted from text/log pattern.,medium
E:\Deskbook\Tea\HAR\outputs\pipeline_runs\20260429_182654\ablation_no_distill.log,log,ablation,w/o distillation,,,,loss,1.038702,,,,yes,no,no,ablation_table,Metric extracted from text/log pattern.,medium
E:\Deskbook\Tea\HAR\outputs\pipeline_runs\20260429_182654\ablation_no_distill.log,log,ablation,w/o distillation,,,,acc,0.000000,higher_better,,,yes,no,no,ablation_table,Metric extracted from text/log pattern.,medium
E:\Deskbook\Tea\HAR\outputs\pipeline_runs\20260429_182654\ablation_no_distill.log,log,ablation,w/o distillation,,,,acc,0.950306,higher_better,,,yes,no,no,ablation_table,Metric extracted from text/log pattern.,medium
E:\Deskbook\Tea\HAR\outputs\pipeline_runs\20260429_182654\ablation_no_distill.log,log,ablation,w/o distillation,,,,loss,1.417326,,,,yes,no,no,ablation_table,Metric extracted from text/log pattern.,medium
E:\Deskbook\Tea\HAR\outputs\pipeline_runs\20260429_182654\ablation_no_distill.log,log,ablation,w/o distillation,,,,acc,0.9503055243795985,higher_better,,,yes,no,no,ablation_table,Metric extracted from text/log pattern.,medium
E:\Deskbook\Tea\HAR\outputs\pipeline_runs\20260429_182654\ablation_no_distill.log,log,ablation,w/o distillation,,,,acc,0.950306,higher_better,,,yes,no,no,ablation_table,Metric extracted from text/log pattern.,medium
E:\Deskbook\Tea\HAR\outputs\pipeline_runs\20260429_182654\ablation_no_distill.log,log,ablation,w/o distillation,,,,loss,2.144915,,,,yes,no,no,ablation_table,Metric extracted from text/log pattern.,medium
E:\Deskbook\Tea\HAR\outputs\pipeline_runs\20260429_182654\ablation_no_distill.log,log,ablation,w/o distillation,,,,acc,0.950306,higher_better,,,yes,no,no,ablation_table,Metric extracted from text/log pattern.,medium
E:\Deskbook\Tea\HAR\outputs\pipeline_runs\20260429_182654\ablation_no_distill.log,log,ablation,w/o distillation,,,,loss,2.023921,,,,yes,no,no,ablation_table,Metric extracted from text/log pattern.,medium
E:\Deskbook\Tea\HAR\outputs\pipeline_runs\20260429_182654\ablation_no_distill.log,log,ablation,w/o distillation,,,,acc,0.950306,higher_better,,,yes,no,no,ablation_table,Metric extracted from text/log pattern.,medium
E:\Deskbook\Tea\HAR\outputs\pipeline_runs\20260429_182654\ablation_no_distill.log,log,ablation,w/o distillation,,,,loss,3.055183,,,,yes,no,no,ablation_table,Metric extracted from text/log pattern.,medium
E:\Deskbook\Tea\HAR\outputs\pipeline_runs\20260429_182654\ablation_no_distill.log,log,ablation,w/o distillation,,,,acc,0.950306,higher_better,,,yes,no,no,ablation_table,Metric extracted from text/log pattern.,medium
E:\Deskbook\Tea\HAR\outputs\pipeline_runs\20260429_182654\ablation_no_distill.log,log,ablation,w/o distillation,,,,loss,3.133333,,,,yes,no,no,ablation_table,Metric extracted from text/log pattern.,medium
E:\Deskbook\Tea\HAR\outputs\pipeline_runs\20260429_182654\ablation_no_distill.log,log,ablation,w/o distillation,,,,acc,0.950306,higher_better,,,yes,no,no,ablation_table,Metric extracted from text/log pattern.,medium
E:\Deskbook\Tea\HAR\outputs\pipeline_runs\20260429_182654\ablation_no_distill_eval15.log,log,ablation,w/o distillation,,,,,,,,,yes,no,no,ablation_table,Text/log parsed but no recognized metric pattern was found.,medium
E:\Deskbook\Tea\HAR\outputs\pipeline_runs\20260429_182654\ablation_uniform_fusion.log,log,reliability,uniform fusion,,,,loss,0.357335,,,,yes,no,no,figure,Metric extracted from text/log pattern.,medium
E:\Deskbook\Tea\HAR\outputs\pipeline_runs\20260429_182654\ablation_uniform_fusion.log,log,reliability,uniform fusion,,,,acc,0.000000,higher_better,,,yes,no,no,figure,Metric extracted from text/log pattern.,medium
E:\Deskbook\Tea\HAR\outputs\pipeline_runs\20260429_182654\ablation_uniform_fusion.log,log,reliability,uniform fusion,,,,loss,0.124687,,,,yes,no,no,figure,Metric extracted from text/log pattern.,medium
E:\Deskbook\Tea\HAR\outputs\pipeline_runs\20260429_182654\ablation_uniform_fusion.log,log,reliability,uniform fusion,,,,acc,0.000000,higher_better,,,yes,no,no,figure,Metric extracted from text/log pattern.,medium
E:\Deskbook\Tea\HAR\outputs\pipeline_runs\20260429_182654\ablation_uniform_fusion.log,log,reliability,uniform fusion,,,,loss,0.098099,,,,yes,no,no,figure,Metric extracted from text/log pattern.,medium
E:\Deskbook\Tea\HAR\outputs\pipeline_runs\20260429_182654\ablation_uniform_fusion.log,log,reliability,uniform fusion,,,,acc,0.000000,higher_better,,,yes,no,no,figure,Metric extracted from text/log pattern.,medium
E:\Deskbook\Tea\HAR\outputs\pipeline_runs\20260429_182654\ablation_uniform_fusion.log,log,reliability,uniform fusion,,,,loss,0.092062,,,,yes,no,no,figure,Metric extracted from text/log pattern.,medium
E:\Deskbook\Tea\HAR\outputs\pipeline_runs\20260429_182654\ablation_uniform_fusion.log,log,reliability,uniform fusion,,,,acc,0.000000,higher_better,,,yes,no,no,figure,Metric extracted from text/log pattern.,medium
E:\Deskbook\Tea\HAR\outputs\pipeline_runs\20260429_182654\ablation_uniform_fusion.log,log,reliability,uniform fusion,,,,acc,0.953875,higher_better,,,yes,no,no,figure,Metric extracted from text/log pattern.,medium
E:\Deskbook\Tea\HAR\outputs\pipeline_runs\20260429_182654\ablation_uniform_fusion.log,log,reliability,uniform fusion,,,,loss,0.077287,,,,yes,no,no,figure,Metric extracted from text/log pattern.,medium
E:\Deskbook\Tea\HAR\outputs\pipeline_runs\20260429_182654\ablation_uniform_fusion.log,log,reliability,uniform fusion,,,,acc,0.953875171467764,higher_better,,,yes,no,no,figure,Metric extracted from text/log pattern.,medium
E:\Deskbook\Tea\HAR\outputs\pipeline_runs\20260429_182654\ablation_uniform_fusion.log,log,reliability,uniform fusion,,,,acc,0.953875,higher_better,,,yes,no,no,figure,Metric extracted from text/log pattern.,medium
E:\Deskbook\Tea\HAR\outputs\pipeline_runs\20260429_182654\ablation_uniform_fusion.log,log,reliability,uniform fusion,,,,loss,0.072839,,,,yes,no,no,figure,Metric extracted from text/log pattern.,medium
E:\Deskbook\Tea\HAR\outputs\pipeline_runs\20260429_182654\ablation_uniform_fusion.log,log,reliability,uniform fusion,,,,acc,0.953875,higher_better,,,yes,no,no,figure,Metric extracted from text/log pattern.,medium
E:\Deskbook\Tea\HAR\outputs\pipeline_runs\20260429_182654\ablation_uniform_fusion.log,log,reliability,uniform fusion,,,,loss,0.064994,,,,yes,no,no,figure,Metric extracted from text/log pattern.,medium
E:\Deskbook\Tea\HAR\outputs\pipeline_runs\20260429_182654\ablation_uniform_fusion.log,log,reliability,uniform fusion,,,,acc,0.953875,higher_better,,,yes,no,no,figure,Metric extracted from text/log pattern.,medium
E:\Deskbook\Tea\HAR\outputs\pipeline_runs\20260429_182654\random_student_nv_eval7.log,log,student_vk_nv,VK-RMD Student-NV,,,random,,,,,,yes,no,no,main_table,Text/log parsed but no recognized metric pattern was found.,medium
E:\Deskbook\Tea\HAR\outputs\pipeline_runs\20260429_182654\random_student_vk_eval15.log,log,full_combination,VK-RMD Student-VK,,,random,,,,,,yes,no,no,main_table,Text/log parsed but no recognized metric pattern was found.,medium
E:\Deskbook\Tea\HAR\outputs\pipeline_runs\20260429_182654\random_teacher_eval15.log,log,HAR,full-modality teacher,,,random,,,,,,yes,no,no,main_table,Text/log parsed but no recognized metric pattern was found.,medium
E:\Deskbook\Tea\HAR\outputs\final_supplement_runs\20260629_220346\manifest.json,json,HAR,manifest,,,,,,,,,yes,no,no,main_table,JSON parsed but no recognized metric key was found.,high
E:\Deskbook\Tea\HAR\outputs\final_supplement_runs\20260629_220346\status.csv,csv,HAR,status,,,,,,,,,yes,no,no,main_table,CSV parsed but no recognized metric column was found.,high
E:\Deskbook\Tea\HAR\outputs\final_supplement_runs\20260629_220442\manifest.json,json,HAR,manifest,,,,,,,,,yes,no,no,main_table,JSON parsed but no recognized metric key was found.,high
E:\Deskbook\Tea\HAR\outputs\final_supplement_runs\20260629_220442\status.csv,csv,HAR,status,,,,,,,,,yes,no,no,main_table,CSV parsed but no recognized metric column was found.,high
E:\Deskbook\Tea\HAR\outputs\final_supplement_runs\20260629_220546\manifest.json,json,HAR,manifest,,,,,,,,,yes,no,no,main_table,JSON parsed but no recognized metric key was found.,high
E:\Deskbook\Tea\HAR\outputs\final_supplement_runs\20260629_220546\status.csv,csv,HAR,status,,,,,,,,,yes,no,no,main_table,CSV parsed but no recognized metric column was found.,high
